academic,work,log_income,first_generation,commute_per_100km,noise_r_units,implied_v1_accuracy,implied_baseline_eop_gap,structured_merit_weight,broad_merit_weight
1.0,0.14441948731304385,-0.4036372907459736,0.5473962619900703,0.06372101902961731,0.3529910915251821,0.9519800690572483,0.3282573091560129,0.0,0.00021822992385904587
1.0,0.06115869403239045,-0.15294289514422418,0.21390581913292409,0.11478545844554901,0.0718871308490634,0.9682009270166998,0.29769736930489266,2.028361195067712e-31,7.035660223054638e-32
1.0,0.047779379772726005,-0.682760550826788,0.364682712033391,0.025396864414215087,0.2806440100353211,0.9456243083679794,0.27747884992507177,0.012232756806026906,0.0042431062420118645
1.0,0.15506273126997525,-0.33636922612786296,0.09685762077569961,0.1568718034029007,0.5994258627295495,0.9351676396411891,0.3408944536533165,0.0,6.546050875368282e-06
1.0,0.1864510295329297,-0.7297455184161663,0.29629211202263833,0.1280221238732338,0.5020506482850761,0.9319655672374483,0.36369917793158957,0.0,1.8344564318147716e-08
1.0,0.013004084777503413,-0.2761247523128986,0.4795945342630148,0.019086630046367646,0.23021300442516804,0.9426942710467483,0.24481395745496048,0.0036489985762658797,0.0012657072221380107
1.0,0.0821933001918188,-0.5588688708841801,0.02927544079720974,0.08094592839479446,0.13128885596059262,0.9654800873516239,0.3031565475979475,4.6615159487947436e-20,1.6169133199659313e-20
1.0,0.12637322233052845,-0.009550990909337998,0.4469955123960972,0.0524201712012291,0.4414008221402764,0.9516199724730525,0.30079984563638085,0.0,0.0007836826056957396
1.0,0.10991493335855965,-0.6126945592463017,0.04327605441212654,0.00660045251250267,0.0887011102680117,0.9707549845384069,0.2993246037289332,1.9714507255245406e-36,6.838258139138865e-37
1.0,0.08953862523326249,-0.36825043186545375,0.3767267312854528,0.13551686331629753,0.40765217924490565,0.9486074118558512,0.3187525784558368,0.0,0.0015944014903217418
1.0,0.005645956612906599,-0.4980190865695477,0.2258944060653448,0.04490513786673546,0.62102524635382,0.9195975858635236,0.24247550554383124,0.0,3.2512875714983072e-15
1.0,0.2029221246695347,-0.14537783935666085,0.4937604077160358,0.09344995900988579,0.34005094354972243,0.9483045753309058,0.3517521327907611,0.0,0.0004302587168304761
1.0,0.16992636456420895,-0.5394870303571224,0.3130587503314018,0.10230093076825142,0.24672927771694958,0.9556169557330386,0.35196549032768865,2.05381560907415e-06,7.123952490014669e-07
1.0,0.035650258021131274,-0.09211599603295327,0.12971312887966632,0.071216511875391,0.5570094421319663,0.9326808963349422,0.2504368263163187,0.0,1.6320161341662316e-06
1.0,0.07330070406866539,-0.7748114593327046,0.5801242757588625,0.14935754254460334,0.4627024996373802,0.9314006703032363,0.3275783493140306,0.0,2.779256955015851e-08
1.0,0.1295429626926468,-0.2192435018718243,0.1624462589621544,0.037902602106332776,0.1909934956021607,0.9772165855062348,0.30623146932572654,1.440405703097028e-40,4.996252706364018e-41
1.0,0.135604718940831,-0.7924352169036866,0.40317250806838273,0.08695893555879593,0.578649199968204,0.9300060237598046,0.33372603972578996,0.0,2.09045162117044e-08
1.0,0.0665833648803041,-0.2384357675909996,0.07221038471907378,0.055933531224727634,0.29783714618533846,0.9589100538388843,0.27662249410494255,2.547502770847895e-07,8.836376852682648e-08
1.0,0.029386074723979985,-0.5211670890450478,0.5204809857532382,0.12403516918420791,0.053487444994971156,0.9447095396255536,0.29559558953362386,0.007168829625346792,0.0024866108444371246
1.0,0.17644750566101322,-0.07225196063518524,0.2551035376265645,0.012599951922893524,0.37257287576794623,0.9597589963513694,0.31466944509437844,0.0,6.498076154117819e-08
1.0,0.1968837391775706,-0.4663267239928246,0.14034617487341164,0.021258819103240966,0.4230018634628504,0.9489969152672777,0.3349810186408698,0.0,0.0008044111846149836
1.0,0.012336834898207638,-0.1152541756629944,0.3214962830767035,0.1502334815263748,0.15086991302669048,0.9493376844310335,0.2812748987916768,0.004850129959171949,0.0016823367807158528
1.0,0.09577946210605855,-0.6450586885213853,0.17335382010787725,0.06958301186561584,0.20943474187515676,0.9606049526981981,0.3106494696109732,2.594902237347069e-10,9.000788665457025e-11
1.0,0.10342027749668053,-0.39907027631998065,0.5888363236561417,0.11814709842205048,0.5192453842237592,0.93710818398891,0.3207875318021999,0.0,4.454937569515484e-05
1.0,0.12033678490849654,-0.577176508307457,0.20622778180986642,0.14271923020482064,0.3191294067446142,0.9538849036143561,0.3404620352688452,0.0,2.3919079359266753e-05
1.0,0.08888534792737576,-0.02942732721567154,0.537230815552175,0.033764547258615496,0.6383818722702563,0.9306608241741792,0.2722232078387975,0.0,4.200657327192649e-07
1.0,0.019242976621850393,-0.7121096476912498,0.0888681611046195,0.10566258028149605,0.3891169635672122,0.9356266115340534,0.27856587649770626,0.0,7.493832854705949e-06
1.0,0.17995520726227773,-0.25694459676742554,0.35420584324747323,0.07707849517464638,0.10843704005703331,0.9673301172891865,0.34407158812685,2.4751927578082312e-26,8.585559254855958e-27
1.0,0.1611256539269323,-0.65038430839777,0.4502303721383214,0.04841848835349083,0.17246017058379948,0.9571342571922469,0.33965935729980967,4.9597893014393877e-08,1.7203736882623715e-08
1.0,0.041063985612813804,-0.3055614918470383,0.2691223187372088,0.09946297571063042,0.48243653876706954,0.9385188075920066,0.2764865913418798,0.0,0.0002524025659668864
1.0,0.05489334128498322,-0.43531734943389894,0.41732021402567626,0.00011376485228538513,0.5360874690208584,0.934207736097303,0.2608984789066684,0.0,7.154613509778118e-06
1.0,0.15093868033991592,-0.18307885974645616,0.0017945112660527228,0.13152991816401483,0.26408633993938563,0.967221709609046,0.3381304987931122,3.3700396737101044e-17,1.1689463464443125e-17
1.0,0.14802156290364746,-0.6939236380159856,0.24054203219711778,0.11517997980117799,0.45301166333258147,0.94169827431765,0.34521300942596345,0.0,0.0002639219683082316
1.0,0.05117814172203586,-0.349497701972723,0.4978628531098366,0.06630255520343781,0.12443171407096087,0.956017966156909,0.28411241940389265,3.750828842398273e-07,1.3010285029174353e-07
1.0,0.0441811729486388,-0.41675341054797177,0.04854862242937088,0.15320090413093568,0.2185902738943696,0.9548684182768418,0.3010059188566546,2.3584732880567438e-05,8.180701119833746e-06
1.0,0.16503936615008366,-0.16411833837628365,0.39020409174263476,0.024538971781730652,0.5088958281185478,0.9461838130181879,0.31356402338540357,0.0,0.0024634475744671086
1.0,0.18287384544010138,-0.5707404278218746,0.5654766675084829,0.010879571735858918,0.6116349748894573,0.9292054628011888,0.3301351685289463,0.0,1.1432763269949198e-08
1.0,0.022959696926352944,-0.02338777557015419,0.15834379568696022,0.12200312942266464,0.2731938328500837,0.9492348588958923,0.27002642013302514,0.006929164012088212,0.0024034794067948704
1.0,0.08576656685440094,-0.7435702927410603,0.30778623595833776,0.05765360504388809,0.059671219587326046,0.9580201131244058,0.3045072760166194,1.0166348447206916e-11,3.5263430180806372e-12
1.0,0.11642147894819531,-0.28800831958651546,0.11623571477830409,0.08899128168821335,0.3604346877615899,0.9602558016709529,0.313084885256534,0.0,2.6508185326799374e-08
1.0,0.10633813857556948,-0.4848662741482258,0.3687855865806341,0.1344972513616085,0.17938116369768978,0.9613855247627378,0.3322740271619129,3.483290225015913e-12,1.2082289160871802e-12
1.0,0.09949384807227389,-0.1341902606189251,0.11150453165173531,0.003393978327512741,0.4695558965671807,0.9505920305767736,0.2701694032938494,0.0,0.001832900613233552
1.0,0.009220391205003129,-0.6014949701726438,0.5608743377029896,0.09649594888091087,0.568628354985267,0.9202355580029794,0.2732238794098307,0.0,1.7145005671486564e-15
1.0,0.19296921335768719,-0.3551096297800541,0.21917795799672604,0.04513796851038933,0.2398826798889786,0.9617883554156813,0.3411499091098321,1.1101740199078174e-11,3.850796993911817e-12
1.0,0.17352805084497444,-0.7609990112483502,0.02517254836857319,0.07879867032170296,0.32784557634964584,0.9491324614536844,0.348347730866307,0.0,0.0003902365992466983
1.0,0.02567009502061481,-0.20739643648266792,0.4323486194014549,0.10769487276673317,0.6284769142512232,0.9234690980664372,0.2657376152772427,0.0,9.846981108867873e-12
1.0,0.0697013293150638,-0.5276276089251042,0.28281398266553875,0.03204406812787056,0.41986950850114224,0.9459085114230018,0.2815218516258615,0.0,0.004244597926649169
1.0,0.13952076550226963,-0.07831590399146081,0.4743224490433931,0.14068724170327188,0.0812613317091018,0.9662623088513072,0.3369524810396478,3.0270141982993983e-26,1.0499630658180557e-26
1.0,0.13280342631390835,-0.5084414452314377,0.082424290291965,0.05414055019617081,0.5260987266153098,0.9438955222788157,0.3116452755494732,0.0,0.002007147628625799
1.0,0.07576308556324801,-0.060686041414737706,0.34189978558570144,0.08297796934843063,0.1978224645089358,0.965813710447969,0.2914158129726836,2.508577002389489e-17,8.701357270637484e-18
1.0,0.032191236117419066,-0.7808813557028771,0.19040885288268328,0.01736655503511429,0.14402322430163622,0.9468837651812267,0.26786358223062345,0.012381945266075335,0.004294854388084363
1.0,0.16726386754782313,-0.22569806575775148,0.5342996729537844,0.12598977893590926,0.4346208672132343,0.9439376022960064,0.34681083505664145,0.0,0.0005288268171061878
1.0,0.19966009164298823,-0.631624735891819,0.42376403119415046,0.1598389208316803,0.3800245982035994,0.9348092196520589,0.37839787374706046,0.0,5.161859712697894e-08
1.0,0.003182005713039027,-0.3867958873510361,0.014100622572004794,0.028677322268486023,0.04128202325664461,0.9484847222989752,0.23844533558813796,0.004163224756802297,0.0014440739101248914
1.0,0.09299919221039477,-0.4540647387504578,0.4660492831841111,0.11181803464889527,0.29039745852351184,0.9543275688963695,0.3196032940472263,6.979406820174783e-05,2.42090684167229e-05
1.0,0.11257897544836554,-0.10180781930685044,0.27205347921699286,0.06044086754322052,0.5908664383273572,0.9397169440707532,0.29099951350898035,0.0,0.0006804854915402814
1.0,0.12311352668375229,-0.7237000584602357,0.5081753572449088,0.03618242815136909,0.2572292525880039,0.9524022376026255,0.3211321960921484,0.0003453870037580663,0.00011980241042915104
1.0,0.07973012943236903,-0.2696945771574974,0.2486589515581727,0.14732524886727333,0.5476982556749136,0.9387143589597876,0.3067998733018149,0.0,0.0002530172625259409
1.0,0.016463874655700993,-0.5899388924241066,0.4002420807257295,0.07293699219822884,0.4892818094976246,0.9288419509934713,0.26790956003766375,0.0,2.4537063356220143e-09
1.0,0.18911273728444836,-0.041005334258079534,0.056391026638448236,0.1043329180777073,0.16083734915591777,0.9691669799572293,0.3445249954625189,4.131719054964565e-26,1.4331457079014312e-26
1.0,0.15832397199017145,-0.44756724685430527,0.18565950226038694,0.090482627004385,0.10098680833354592,0.9702074354293009,0.3378055455453539,8.070316555031829e-34,2.7993044489199724e-34
1.0,0.05024409560559584,-0.19648847579956055,0.5952808560803532,0.04162492319941521,0.40132613026537,0.9421714130224148,0.2692072007708094,0.0,0.0017546556019307367
1.0,0.05769733474890792,-0.6638059824705125,0.14327662009745837,0.13848389133810998,0.6458253776095808,0.9243065273781147,0.2997719116432104,0.0,4.751167666670181e-11
1.0,0.1417562101562402,-0.31779933124780657,0.3373156232759356,0.009880971163511276,0.30691358637996013,0.9640055647777658,0.30868886973967624,0.0,1.873599774287573e-12
1.0,0.1432359711481832,-0.7462395295500756,0.12298001144081354,0.14596709579229356,0.1185844944510609,0.9570178055556706,0.3558351613782371,2.0350407109891e-09,7.058829077098816e-10
1.0,0.059152958530886986,-0.2971078038215637,0.3156995242461562,0.037383134663105014,0.4564112062938511,0.9435793972036388,0.26924701196507794,0.0,0.003090865863919768
1.0,0.04896287046516559,-0.5675014585256577,0.16508692558854818,0.10303390711545944,0.5150511138606817,0.9352132951027053,0.28692609103424027,0.0,1.6382803008706276e-05
1.0,0.15706844129905764,-0.013297809660434723,0.5733911225572228,0.074078508913517,0.2149018622748554,0.9613797660166887,0.3264140551503234,2.4390764532005496e-11,8.460284699047151e-12
1.0,0.19084866338950868,-0.42000455856323243,0.3834598051384091,0.0404245263338089,0.2741916180867702,0.9561473390339166,0.3424333219885607,2.162100903872942e-06,7.499555485778042e-07
1.0,0.018174106311444872,-0.17419612258672715,0.040635308437049385,0.09184047937393189,0.6034233062528074,0.9256492522698818,0.24604680439247884,0.0,1.8708261780701477e-10
1.0,0.07779564314393109,-0.6912665858864785,0.4911196975037455,0.008738533854484557,0.35914737486280496,0.9448791156516756,0.28969662619356706,0.0,0.003500097456592333
1.0,0.12120317760527827,-0.3403860300779343,0.23262758720666168,0.13978381276130677,0.06819044986739754,0.9730703113226558,0.3332960104555748,6.296950543201548e-47,2.1841871443348368e-47
1.0,0.11431256569439709,-0.5372798219323158,0.4863287167623639,0.08435476198792458,0.47799095614813264,0.9416654653980968,0.3206725664425941,0.0,0.0007119056315456296
1.0,0.09470864524646239,-0.08189801871776581,0.29365011435002086,0.05291881039738655,0.17801106173545123,0.9720319199591732,0.2914760888176403,7.118828291409296e-30,2.4692671683137975e-30
1.0,0.0012482980442773419,-0.7523406744003296,0.4443537650629878,0.12726831927895546,0.2317357663344592,0.9332791282967,0.2871887225200712,1.1048799197086178e-08,3.8324336519789495e-09
1.0,0.19775207842354298,-0.2043867573142052,0.036009802110493185,0.016243019849061967,0.5696922769397498,0.9407892223071894,0.3184205534012178,0.0,0.0005941344846140175
1.0,0.16874284992008987,-0.610165485739708,0.2071716645732522,0.029898151606321335,0.6247050591092557,0.9324915398919251,0.32367797032389434,0.0,1.0354282730177066e-06
1.0,0.03364452404036936,-0.3581071272492409,0.5500382160767913,0.1584630487859249,0.33391618236899373,0.9413470279802035,0.30185166534579544,0.0,0.0007071356784592287
1.0,0.07448419628184653,-0.4752262458205223,0.09949939604848623,0.061564703434705735,0.0847263569291681,0.9675359604682783,0.2906929686408165,1.6528726296648967e-28,5.733224557138515e-29
1.0,0.13154867424247077,-0.13059595823287964,0.35794830713421105,0.11053918465971947,0.4140865349397063,0.9535207850763026,0.3232513608103028,0.0,0.0001146121545629443
1.0,0.13758551276008787,-0.457694136351347,0.26707559153437616,0.004595634341239929,0.19650350124575197,0.9705062613160359,0.3087264896090741,1.1278824385299128e-25,3.912221170639124e-26
1.0,0.06779177102219848,-0.11150735691189767,0.4575597535818815,0.1331405794620514,0.5346315732784569,0.9372283750808597,0.2958460302111092,0.0,0.00010108900129715338
1.0,0.02740525467193131,-0.628564677387476,0.00912385694682598,0.04628158867359161,0.4356335050333291,0.9362440429845281,0.2588155008297792,0.0,2.4091834018560916e-05
1.0,0.175239073286327,-0.37808722481131557,0.41527337953448296,0.09519728422164918,0.13577866910025477,0.9611652600705595,0.3501810703214796,8.874654091738118e-14,3.078300400266078e-14
1.0,0.19168877900286563,-0.7839291818439961,0.5392775684595108,0.10905184477567673,0.04741318491287529,0.9415265402771301,0.3754037939040441,8.698176662267841e-06,3.0170866857752716e-06
1.0,0.007964094060145505,-0.2344189636409283,0.19889835454523563,0.07759670406579972,0.3763411132059991,0.938395890983514,0.25088499453417945,0.0,0.00011042578391968314
1.0,0.10097439984982558,-0.504799821227789,0.34687652327120305,0.14198499530553818,0.5850230545643718,0.9334009416160193,0.32333367585544825,0.0,2.138449986649847e-06
1.0,0.10779299590380473,-0.05099873319268227,0.09091494977474213,0.03090136796236038,0.2937739681638777,0.9678020513887727,0.28591725088417874,2.6137041418645383e-16,9.066005754037155e-17
1.0,0.11514182321305001,-0.6728550933301449,0.323541784286499,0.06508290812373162,0.5511583542730659,0.9363968888929114,0.31501221911870947,0.0,3.5265490590972715e-05
1.0,0.08451260556857208,-0.3204182364046574,0.13301785625517368,0.11655711278319358,0.2514704031124711,0.9637323903775966,0.3090876173987799,1.1147688020319748e-12,3.866734651318766e-13
1.0,0.024437912844875863,-0.43752455785870553,0.5815081838518381,0.023416394442319872,0.157088527334854,0.9441243063007737,0.2594290234891079,0.007726845670537252,0.0026801666717976313
1.0,0.18432792414866037,-0.1932968370616436,0.1753995716571808,0.15448093876242638,0.495348579660058,0.9417548990295663,0.353011903268338,0.0,0.00019635042676876906
1.0,0.1631064492669307,-0.5999693490564824,0.07016483768820762,0.12062507644295693,0.39316560032777487,0.9480911356503243,0.34957123809903734,0.0,0.0005152359325094387
1.0,0.04227239327544973,-0.044209208339452744,0.41050085239112377,0.0121001298725605,0.10208238065242767,0.9579034427605967,0.2530556005551847,3.8947537041857395e-10,1.3509508948291464e-10
1.0,0.052912522753676104,-0.7146387211978436,0.2624316316097975,0.08771155729889869,0.31538153252564366,0.9451933229110289,0.29662621937820777,0.0,0.003299611680454593
1.0,0.14973024948597125,-0.2670879013836384,0.5184352599084378,0.05877588227391243,0.6444404230639339,0.9315238759905986,0.3163144813467895,0.0,5.723941752884849e-07
1.0,0.15239430412189497,-0.5560089007019997,0.43908162172883747,0.03262090891599655,0.07563159188255668,0.9655597330446797,0.32785803961825577,8.334603355940674e-25,2.8909760968076473e-25
1.0,0.05637310227692621,-0.0006452888250350953,0.022531730867922307,0.14401787430047988,0.3469292638916522,0.9532357903962618,0.28790375237518095,0.0,0.00022317175347818906
1.0,0.039808454921699994,-0.7335749983787537,0.47168181035667656,0.0758768591284752,0.5959707112051547,0.9229416013769574,0.28464210562787995,0.0,1.0961711962326015e-12
1.0,0.15984442878650204,-0.28562725633382796,0.2895472353324294,0.10701926976442337,0.2863984941784292,0.9609266237008048,0.3412291931588155,9.190865430189537e-10,3.1879828148888474e-10
1.0,0.18166543891802162,-0.6789188832044601,0.10477148573845625,0.0981652420759201,0.22174942361190916,0.9534778804244854,0.3570250277188244,1.6240965431220584e-05,5.633410595031118e-06
1.0,0.020978902726910706,-0.3268789067864418,0.3714264320209622,0.04956120610237122,0.5034306557569653,0.9315050327074766,0.2526530988530089,0.0,1.742862845472452e-07
1.0,0.08697499884890175,-0.40648507922887805,0.22181855309754608,0.1301729279756546,0.44955640954896803,0.9467372562288339,0.3130727888879907,0.0,0.002474358169475316
1.0,0.11840229862005859,-0.1618607759475708,0.5541411129757762,0.0013157105445861816,0.13019764442928136,0.9682754402011787,0.2942088848245592,5.307847319529282e-27,1.841102578124046e-27
1.0,0.10512973053274816,-0.7649685129523278,0.1516095696017146,0.05705608859658241,0.40664448395371433,0.9465974778247858,0.3114668510891665,0.0,0.002593768268412472
1.0,0.0975130523520901,-0.21585516929626467,0.5681185500696301,0.08567888334393502,0.09694130468182266,0.9646646688032456,0.30915978013119605,3.777081482202338e-22,1.3101346056208755e-22
1.0,0.010428821678762388,-0.5487358778715133,0.11887756157666445,0.013819617182016374,0.3413655414804816,0.9379142907083805,0.24168455314567094,0.0,4.518569869399172e-05
1.0,0.1949500315088089,-0.0945382133126259,0.3010519025847316,0.12265805676579476,0.6124973467644305,0.9322818440230888,0.3430824217365771,0.0,3.4265122250467827e-07
1.0,0.17790079358396352,-0.4887580513954163,0.5045971071347594,0.15151322409510612,0.5628478788211942,0.9290926958304062,0.36051598775175464,0.0,1.1450182644293087e-09
1.0,0.03086505709624672,-0.14296780675649642,0.23790010605007408,0.020136562436819078,0.24335713340900839,0.9510895190007804,0.24761387167202675,0.0018052185360734664,0.0006261658071085826
1.0,0.06532861280886655,-0.6225253239274026,0.3875622728839517,0.1195251314342022,0.18486669473350048,0.9522731507354034,0.3130737024648962,0.00028774370875922007,9.980801107190792e-05
1.0,0.13432582965942955,-0.3716509431600571,0.05528291221708059,0.06836243614554405,0.46638104210607706,0.9510146549044723,0.31369254303629057,0.0,0.0008327242123741641
1.0,0.1276334043997815,-0.6416200302541256,0.5973275374621153,0.13681585609912872,0.3059890068136155,0.9448638759895441,0.3475426279793753,0.0,0.0005940113590043912
1.0,0.07136545132648364,-0.38917695060372354,0.1783300034701824,0.005458915233612061,0.5775809126812965,0.9358315654369508,0.26250919897042313,0.0,4.855127640382693e-05
1.0,0.037361280462483853,-0.46879626587033274,0.3299863748252392,0.09480813205242157,0.3641334553994238,0.9433387597224707,0.28331834889872076,0.0,0.0025250340208817818
1.0,0.17166152421552547,-0.12455030605196954,0.1453234802931547,0.04370444893836975,0.05486248948611319,0.9811514737159255,0.32841350079298726,2.456820939746441e-90,8.521833982514379e-91
1.0,0.20166582752467707,-0.5187097765505314,0.2466122958809137,0.07235896915197372,0.14739994527772068,0.956223162344305,0.3562439226040883,3.6226809543302006e-08,1.2565785794550166e-08
1.0,0.004365522258085051,-0.06294360384345055,0.5155048102140426,0.10100102692842483,0.4287891978118568,0.931905305941623,0.2554741926549077,0.0,9.368543770545743e-08
1.0,0.09099348256149774,-0.7958861105144024,0.06372030079364777,0.03910298079252243,0.5230216046981514,0.9368796201785541,0.2952258287734202,0.0,6.98068853366393e-05
1.0,0.11139548513611133,-0.24831686094403269,0.39819517470896243,0.14799966961145403,0.2033591887820512,0.9638234243580623,0.3320444350262777,1.5235264424887802e-14,5.284568851078054e-15
1.0,0.1251192610446996,-0.42645897790789605,0.012055004015564919,0.11350689813494683,0.6322222211956978,0.9340481604010782,0.3157106601319386,0.0,7.691675776905661e-06
1.0,0.0809136444566735,-0.18026616647839547,0.43109230399131776,0.06484453663229943,0.3228227654378861,0.9565340326862135,0.29131618077003696,0.0,4.619028187499182e-06
1.0,0.014458163486062409,-0.6598364807665349,0.27938164472579957,0.1554950289428234,0.11428920220583677,0.9425013584003689,0.2967164093253747,0.0019003704000758947,0.0006591705888180376
1.0,0.1879292454514526,-0.30934059843420986,0.46400362886488433,0.02661862477660179,0.3857130598183721,0.9505769132550163,0.33330104235256575,0.0,0.0004478674062842982
1.0,0.1531539515967862,-0.7026697047054768,0.34394535832107065,0.017962812334299087,0.4837282124534249,0.9417939561740581,0.3237111279896473,0.0,0.0006836373781473319
1.0,0.04584646288957302,-0.2531532637774944,0.07509604319930076,0.12930099442601203,0.1639359977748245,0.9603272477105448,0.2912142013736184,6.433451508589534e-11,2.231534451852072e-11
1.0,0.06286738061471427,-0.5860471151769161,0.5269714616239071,0.051199321895837785,0.2630836076289415,0.9483526005138226,0.2927557233791074,0.008016262595407013,0.0027805550617518676
1.0,0.14615386834468408,-0.032227788120508194,0.19245453290641307,0.08232178285717964,0.5443035029899329,0.9449537233651734,0.3110567234987297,0.0,0.0024367395856696207
1.0,0.1452020909519887,-0.605647423863411,0.35020726807415486,0.04416047111153603,0.21328767891973258,0.9614964913182702,0.32803203625860045,1.819858806877377e-11,6.31243993932523e-12
1.0,0.06342048040130191,-0.3502716258168221,0.09288497418165206,0.09309600427746773,0.5130070168431848,0.9406542416500504,0.28276029247159673,0.0,0.001013315447363788
1.0,0.0453061859957787,-0.48316545933485033,0.5425477847456932,0.007496475130319595,0.45727174147963523,0.9358443660491552,0.26441710277632835,0.0,1.8838701744342548e-05
1.0,0.15409285743295847,-0.13520552515983583,0.2008925724774599,0.1360221953690052,0.11898022967390717,0.9730467914849446,0.3428135003992232,1.5894263247512658e-39,5.513151995670623e-40
1.0,0.18728638541531162,-0.529340560734272,0.005999132618308067,0.14971157595515253,0.06393254302442074,0.956810447252652,0.3638594109838277,7.183489734258422e-11,2.491695912391793e-11
1.0,0.015499652464581402,-0.07728840410709381,0.4131339736282825,0.03864717587828636,0.3549819580744952,0.9394910767599638,0.24266086624339933,0.0,0.00022097414424479124
1.0,0.0798592839216314,-0.7568586885929108,0.2638923414051533,0.10179553911089897,0.6063312800601125,0.928050672765545,0.3074464016229639,0.0,5.448285211420406e-09
1.0,0.12577494397363392,-0.21222221106290817,0.4554419662803411,0.07032056316733361,0.27730612142942845,0.9627115204859561,0.31598916304037583,2.5642014471141986e-11,8.894298593973212e-12
1.0,0.11073958322039307,-0.41533988118171694,0.25916154943406583,0.026141469180583955,0.5727407435514033,0.9397617527720189,0.29214300288074246,0.0,0.0006497713079170237
1.0,0.09204801341959401,-0.1662143632769585,0.516441211849451,0.1572258487343788,0.23457888507284225,0.9583026290202354,0.32478911319114345,5.274825353155814e-08,1.829648437911458e-08
1.0,0.0033238142927821106,-0.699156840145588,0.0668339766561985,0.06282505840063095,0.17392855217680336,0.9419062113031775,0.260251733996846,0.0019606056674951224,0.0006800640507930075
1.0,0.20230885788387226,-0.3449469953775406,0.40853067599236964,0.11428003579378128,0.47381710183806713,0.9379644225662179,0.35826880588136845,0.0,1.2875592696056896e-05
1.0,0.1707227887024073,-0.7383493229746819,0.5846912819892168,0.0805919474363327,0.41441797865554686,0.9367954224763746,0.35236582589184373,0.0,4.099473133267286e-06
1.0,0.03790133836949422,-0.2925468862056732,0.17751724272966385,0.05167549729347229,0.08552145530469715,0.959069411627791,0.26361714909604106,3.77374284485589e-12,1.3089765516197127e-12
1.0,0.07081252186295017,-0.572166183590889,0.32666667848825454,0.12852746307849885,0.3319567378051579,0.9487790121462706,0.31452640325028325,0.0,0.0016376098073336645
1.0,0.12858496280569295,-0.021279616653919222,0.13515739627182483,0.019982678890228273,0.6231743465457111,0.9385086694095308,0.28016808578715335,0.0,0.00041756188976204973
1.0,0.13488145995996503,-0.5920303143560887,0.4895558042451739,0.10530854627490044,0.13990627270191908,0.957960182128214,0.3403731270459315,2.170871224075796e-09,7.529976592800165e-10
1.0,0.0643743049022233,-0.03959946259856224,0.23008062858134506,0.07633392319083214,0.4399292250629514,0.9474033119459481,0.27361599761291444,0.0,0.004176815634676115
1.0,0.03180727206604312,-0.7191569618880749,0.381956690736115,0.14322462126612664,0.5315560466051101,0.9263995374321927,0.298977302835445,0.0,8.984022276518197e-11
1.0,0.1773572075565451,-0.2749232240021229,0.03806447815150022,0.03466049775481224,0.19355655076913536,0.9724503530176678,0.3281115583124229,2.4930162888828613e-30,8.647382715549784e-31
1.0,0.19598898997338007,-0.6683369003236295,0.1664448520168662,0.0008584298193454742,0.295853551402688,0.9532932010934244,0.33910084366538473,9.174416056758329e-05,3.182277115005333e-05
1.0,0.009788492156569226,-0.31258296146988873,0.5761074448004365,0.13188387349247932,0.5866017516981811,0.9213711348578788,0.2732459359411008,0.0,4.7914912700037017e-14
1.0,0.09816542614740034,-0.44546364024281504,0.12439614180475472,0.047522463947534566,0.3759087282791733,0.955866922075465,0.29637675443916633,0.0,1.8898559158847375e-05
1.0,0.10407867913133015,-0.19790663048624993,0.31839397754520177,0.09895764425396919,0.04658929943107069,0.975432689739808,0.31077764465232094,2.144723056584225e-61,7.4392779428882e-62
1.0,0.11945313103469266,-0.7760387487709522,0.10100264456123113,0.12438915073871613,0.4945889675058424,0.9381951830156754,0.33339783847512894,0.0,6.028874346148373e-05
1.0,0.08632279537664568,-0.22985817715525628,0.3605193072929978,0.013344624042510987,0.15672159739769995,0.9686098573728356,0.28070431660623285,1.4734523891910269e-24,5.110879852367744e-25
1.0,0.021619013262319922,-0.5094643197953701,0.2087354416027665,0.08645359694957733,0.2529644659720361,0.9457523943213776,0.2729377283016726,0.012537375093887667,0.004348767441621109
1.0,0.18062665077650464,-0.05898067131638527,0.5525850227102637,0.055037480592727665,0.5531544485408812,0.9378939966989688,0.3249164284805649,0.0,8.270271388497225e-05
1.0,0.16038818513697461,-0.45302959010005,0.4429374827072024,0.06883840888738632,0.6415594911389053,0.9301609825052155,0.328471680555795,0.0,7.289840163167857e-08
1.0,0.038866020965119645,-0.10352537110447885,0.03331523258239031,0.11779305249452592,0.3123708791006356,0.9516446212205544,0.275222729654479,0.0,0.0006834059240641057
1.0,0.05732758050662364,-0.636455062776804,0.4849709602072835,0.02215478152036667,0.10629521163180469,0.9508109593343361,0.28174890525503427,0.0011150592531762842,0.00038677421225559943
1.0,0.15183845483457553,-0.38264796361327175,0.29093392621725794,0.1507389035820961,0.3972091332171112,0.9493253608870258,0.3499892591513961,0.0,0.00036474791850660396
1.0,0.14877577125627384,-0.49659947752952577,0.06156143993139267,0.0969280280172825,0.2847552169393748,0.9613452525001052,0.33686489650896834,4.101052899003812e-10,1.4225087141445204e-10
1.0,0.053468372040995533,-0.14747994393110275,0.3950532842427492,0.04580450966954231,0.5941232495754958,0.9313603510933918,0.2601210384966842,0.0,5.707643616972892e-07
1.0,0.04172863692497715,-0.6179094746708871,0.24451396353542804,0.1339137937128544,0.34753966166637834,0.9428765056157964,0.30061792546022503,0.0,0.0016404269744007974
1.0,0.16404888322351102,-0.3637180119752884,0.5123387262225151,0.0025760801136493683,0.07614715445786716,0.9676614267055311,0.32141999779354546,1.423762783798987e-29,4.9385243660736065e-30
1.0,0.18368781361325115,-0.769584409892559,0.3319392330944538,0.03137761995196343,0.1258361808117479,0.9539295998158945,0.3496212384401377,2.41590511168844e-06,8.379911594795296e-07
1.0,0.025476700986392847,-0.22378814816474915,0.14863477014005183,0.14025508388876914,0.44566209103912113,0.9388767182317632,0.27644167273215425,0.0,0.00027805729414151736
1.0,0.08346177315393802,-0.5408944994211197,0.5993389215320348,0.0796164946258068,0.5061629550438375,0.9356566455083427,0.30590359982435555,0.0,1.6201071755925596e-05
1.0,0.11579402668530608,-0.09002612382173539,0.1816196747124195,0.10827839002013206,0.22490929141640664,0.9721192763117693,0.31600506356971947,3.82481816846595e-26,1.3266927563852478e-26
1.0,0.10714062210849448,-0.6869069248437882,0.5290696777403354,0.152768734395504,0.6157215060759336,0.9250369915182073,0.3359611398178629,0.0,2.2521976686537135e-11
1.0,0.10202545125124358,-0.331537301838398,0.19562046490609644,0.023872492611408235,0.3441632775776088,0.960320571274731,0.2903462404384738,0.0,2.2359559567834574e-08
1.0,0.006925135595574342,-0.40191818922758105,0.3461043532937765,0.11576352804899216,0.09296233371831478,0.9453748126770573,0.2736163260691984,0.01145869985051598,0.003974613542313712
1.0,0.1923291085250588,-0.15397644639015198,0.0782381035387516,0.06712039142847061,0.40219954954460263,0.9539606637276538,0.3344852540317693,0.0,4.718288618630102e-05
1.0,0.1742968583165306,-0.5605757430195809,0.2773704305291176,0.05832015335559845,0.46696264141239224,0.9437962779311297,0.33844452412344195,0.0,0.0007568917515450995
1.0,0.02794884069934971,-0.008529570698738099,0.460714091733098,0.08942338705062866,0.18554194757714867,0.9517329305681995,0.2690680870962284,0.0008674930269317309,0.0003009023342687793
1.0,0.06723614072166299,-0.7255869090557099,0.01010199375450611,0.010061647295951843,0.2414267645496875,0.9543194043372611,0.2784324078377617,7.675629133934004e-05,2.6624014852905e-05
1.0,0.13853982066673112,-0.280968813598156,0.4277808979153633,0.12141966462135315,0.5611205490492285,0.9380757409161424,0.32998064815747663,0.0,8.35306357054369e-05
1.0,0.13210160370600424,-0.707285375148058,0.22455433029681443,0.07360343977808953,0.05879578466527164,0.9661273314125356,0.3314192449896136,3.87726401181332e-29,1.3448843454770184e-29
1.0,0.07353263787593506,-0.2610863737761974,0.5555162055417895,0.10476507768034936,0.3684559423476457,0.9482745147988494,0.30242933923514925,0.0,0.0025571950810969997
1.0,0.0345832595534875,-0.5782055102288723,0.10744648408144712,0.0353646032512188,0.5743832316901535,0.9284133026733998,0.25638413581286223,0.0,7.702642633711349e-09
1.0,0.1682027920130795,-0.0277158297598362,0.3728253962472081,0.14674173340201377,0.3032945207133889,0.9568144945719348,0.3481934031730448,0.0,4.2980073689374133e-07
1.0,0.1987937863888459,-0.43430053517222406,0.46915201786905525,0.138051810413599,0.20517000070773064,0.9475419851785977,0.37175591280199094,0.0004416604023471649,0.0001531962124126777
1.0,0.0006052676850821664,-0.18477807715535166,0.28800279702991244,0.009214430600404739,0.5247015316411853,0.9250552381560128,0.21995481788300508,0.0,4.167944277629431e-12
1.0,0.09536454716218067,-0.6552207626402379,0.436493625305593,0.09106608286499977,0.4283091214578598,0.9426846316952038,0.3175147013087395,0.0,0.0011131186439874566
1.0,0.11325803483630081,-0.30140744075179104,0.021009161509573458,0.042442822009325025,0.14675406128168106,0.9781782774673555,0.2999610560148557,5.452894608713167e-49,1.891414299993626e-49
1.0,0.12225753814032037,-0.5232768453657627,0.38488715831190345,0.01670000731945038,0.3850011572707444,0.9529377595425816,0.30661682345564234,0.0,0.0002384437230080845
1.0,0.07713996021499675,-0.07082775458693505,0.053883795998990534,0.12555767178535462,0.11374425260350107,0.972584359981053,0.30151738122560634,8.074442646714968e-38,2.800735642693662e-38
1.0,0.018816966347585867,-0.7878982476890087,0.5018614640459418,0.054958475232124326,0.32458558143116534,0.9330653819471693,0.2764111932532528,0.0,4.524920714936169e-08
1.0,0.18980717441098968,-0.2436582870781422,0.23652518335729836,0.08356143236160278,0.6341171038337052,0.9324397045240309,0.33447105674465605,0.0,7.236994967906176e-07
1.0,0.15760871819285197,-0.6496079407632351,0.12146572787314652,0.11225020617246628,0.5415447435621172,0.9365749619093015,0.3423450639672333,0.0,1.4017962563153187e-05
1.0,0.048023964628993276,-0.39383557215332987,0.30257460605353115,0.06110734611749649,0.2598204716481268,0.9531137231948897,0.278107420575029,0.0004093725370258067,0.00014199670562457619
1.0,0.0601047359235824,-0.4642292447388172,0.15413921009749174,0.15925537437200546,0.16834311899729074,0.9586077780769507,0.3152786660665191,4.601528660135133e-09,1.5961058729620374e-09
1.0,0.14268287136159555,-0.11666620299220086,0.5696628721430897,0.027859485447406768,0.4877449966035783,0.9455503987768041,0.3057779023945201,0.0,0.0029110188659938682
1.0,0.1408044570954097,-0.5442950092256069,0.17018788810819388,0.12675811275839804,0.6001947850175202,0.9337741262180533,0.33455211623169223,0.0,2.3058921213133733e-06
1.0,0.05825045886736045,-0.09985689297318459,0.5867381075397133,0.015342120379209519,0.2809830141160637,0.9515550219311085,0.26468408286119127,0.0018105511237380305,0.0006280154912283911
1.0,0.04970384304366641,-0.7671743698418141,0.1372041145339608,0.08470382794737816,0.07036514667794108,0.9521679327328209,0.29386542043626984,6.23131202159258e-05,2.161419486547495e-05
1.0,0.15926290215820865,-0.2145271234214306,0.3193372881039977,0.053658585995435715,0.35100430284626777,0.959751323340471,0.32407057123351857,0.0,3.029874874976938e-08
1.0,0.18846990158017224,-0.620331696420908,0.5237705228850246,0.062465543299913405,0.44429106419906017,0.9378906383746227,0.3506381333710644,0.0,1.5272536197665077e-05
1.0,0.01750538796608487,-0.37296685799956325,0.25711475182324645,0.1110494650900364,0.13427158352918922,0.9495684899993642,0.27539587079384076,0.00400493740416498,0.00138916968332983
1.0,0.07867579322919181,-0.493211155384779,0.40648391414433716,0.029158454686403275,0.22597225213423372,0.9579629675219238,0.2897474217337873,1.8800438087500324e-07,6.521200205854462e-08
1.0,0.1237692339445515,-0.13763699010014535,0.07416339498013258,0.15811388984322547,0.49801642098464066,0.9471086102810372,0.3253250143181192,0.0,0.0016632794368367028
1.0,0.11192309786451214,-0.7345048002898693,0.4204621044918895,0.10354421377182008,0.3359512612596154,0.9470711966812342,0.33212663906815876,0.0,0.0012866683562901306
1.0,0.09405374740035592,-0.2838165946304798,0.003953372128307819,0.07497935593128205,0.6167202207352966,0.9360405459684465,0.28502334643658045,0.0,7.077281909883511e-05
1.0,0.0021403220796009695,-0.5510854281485081,0.4533964561298489,0.14561792969703674,0.41071839578449726,0.9298049535793528,0.28393097016211577,0.0,1.695482069858331e-09
1.0,0.20030314633404828,-0.004687901586294174,0.2712206510826945,0.03664341151714325,0.09167598660103976,0.971816596787889,0.3355658384043162,1.2609370522475916e-40,4.3737400832981303e-41
1.0,0.1663251563665699,-0.4114206857979298,0.08555687125772238,0.007837603390216828,0.1889418336749077,0.9725817737123209,0.3203099811800759,7.716629351901472e-31,2.676622995906638e-31
1.0,0.032731318356294316,-0.15780593678355218,0.3522529849782586,0.13927359431982042,0.4611144969146698,0.9381789861634254,0.28196472082262136,0.0,0.00017090788571058485
1.0,0.07521018043157943,-0.6780012212693691,0.20293811056762934,0.041164313852787016,0.5574325169250369,0.9342817073807478,0.2861367228699929,0.0,9.009518232070117e-06
1.0,0.1337550090516847,-0.32867733612656597,0.5352194314822555,0.09218957632780075,0.24758108905516565,0.9589794305605087,0.3296076889654218,1.7405437566492852e-08,6.037324370492451e-09
1.0,0.14007642013466998,-0.6580212190747261,0.030674557015299794,0.022515555173158647,0.3695523350127041,0.9546510115880249,0.3151442115743238,0.0,3.996892548491913e-05
1.0,0.06874704574028544,-0.3102780491113663,0.44967062696814536,0.1539706565439701,0.050635016122832895,0.9612478760868363,0.31951499727330235,2.675678749850965e-18,9.280973524723029e-19
1.0,0.026612334322276093,-0.4305091917514801,0.29766703471541406,0.06582260563969612,0.30191035015508527,0.9450302140570979,0.2679110541519891,0.0,0.003997123089351124
1.0,0.1729844891494209,-0.17533814162015915,0.48233017735183237,0.11690626993775367,0.5828509755898267,0.934286401005357,0.33958933589338824,0.0,2.5684305240721804e-06
1.0,0.19400819615412324,-0.58198461830616,0.3631600085645914,0.08822176560759544,0.51894186636433,0.9344101616433345,0.3536425562286766,0.0,7.671404262623116e-07
1.0,0.008580086014674849,-0.03716799765825272,0.09426945447921753,0.05967678114771843,0.2086303333658725,0.946790137248825,0.24327809892440577,0.010075418493717753,0.00349480266627329
1.0,0.10014624619944901,-0.7044726893305779,0.5458519399166107,0.12027601227164268,0.1528200520016253,0.9510454476927702,0.3325036342311892,0.0003847543373972887,0.00013345753181713205
1.0,0.10528711150601634,-0.2522279918193817,0.21137617863714694,0.01136035367846489,0.4245604973379522,0.9544896432169028,0.2837833819135014,0.0,0.0001245033838879005
1.0,0.11747233569469426,-0.4741103455424309,0.5787491831928492,0.0471825185418129,0.11006052900105714,0.9613628327861647,0.31456345715261547,7.255222019831284e-15,2.51657727915926e-15
1.0,0.08511438771400975,-0.12011708617210388,0.15971048176288605,0.09570750445127488,0.39113313927315174,0.9552952916321462,0.2937338041379064,0.0,4.2893169996045816e-05
1.0,0.023599831793627044,-0.6402995854616166,0.31165978610515593,0.0038558462262153624,0.6374934112280607,0.9198246689840561,0.24787865126067543,0.0,9.05465308779874e-15
1.0,0.18183508163044929,-0.39137825518846514,0.12703813053667545,0.13279148429632187,0.31874298165552317,0.9535146053086787,0.3569321656202241,0.0,1.3753023228044287e-05
1.0,0.16558314683242115,-0.7971943676471711,0.22743884436786174,0.1414746868610382,0.2683535523712635,0.9458084848393167,0.36566668287096527,0.0007235353138480442,0.00025096854741623616
1.0,0.04323876332392333,-0.24612783640623093,0.4962902002036571,0.030000521540641787,0.5402249644976109,0.93226372895192,0.2578082560977376,0.0,8.25205489386368e-07
1.0,0.05213264428359817,-0.5133835151791573,0.04479862377047539,0.1094010090827942,0.479500639103353,0.939496298468084,0.2870191187243336,0.0,0.00045499439790270787
1.0,0.1474657379481929,-0.06738909780979156,0.3793147277086973,0.07833642780780792,0.1693549773748964,0.9718833450330249,0.3231549216690811,2.405927255692353e-30,8.345301977576345e-31
1.0,0.1499841777783536,-0.7532643966376782,0.46804333124309777,0.014642392247915269,0.5096356519777328,0.937047276840835,0.32410319363934814,0.0,3.4416206702940704e-05
1.0,0.05544916624043777,-0.2025821752846241,0.2753235613927245,0.12324638888239861,0.21912591790780425,0.9594412824290246,0.2962514736117251,7.387779574583089e-09,2.5625567584305265e-09
1.0,0.04052020493047634,-0.5323380626738071,0.42573420759290453,0.056394438594579696,0.12265958794392645,0.9504255531378325,0.2785465492202812,0.0019615481107654693,0.000680390950688637
1.0,0.16206806355164774,-0.08595891818404199,0.01743148360401392,0.08525169298052789,0.45114470655098554,0.9534071448116188,0.3214877925439935,0.0,0.00015713492903310372
1.0,0.17931507239500363,-0.480155772715807,0.18829118181020021,0.11893672540783883,0.3632213685009628,0.9496485786979115,0.35488134130345483,0.0,0.000240286194987955
1.0,0.02028174043150249,-0.1265471987426281,0.5311165748164057,0.06753972068428993,0.0629250499792397,0.9503769928232123,0.25972976253281643,0.0010412001518118842,0.00036115512908423543
1.0,0.08783449118087683,-0.6092295370995999,0.08028475027531386,0.1519405074417591,0.26877740149386226,0.9551794540757435,0.32820458660353136,1.6499221877677383e-05,5.722990528432619e-06
1.0,0.12098896404888772,-0.3599238432943821,0.33877489138394595,0.02079813376069069,0.6076461165957153,0.9370384111575807,0.2942963204183482,0.0,0.0001239961080463526
1.0,0.1027678793695054,-0.5630545102059842,0.1413065956905484,0.0750541365146637,0.23595869484357537,0.9627851272215558,0.31286570015655235,4.185806321533777e-12,1.451906648058451e-12
1.0,0.09683048917561167,-0.018622568994760513,0.3339848784729838,0.1064308375120163,0.5642779421806335,0.9398176009364472,0.29561662679786993,0.0,0.0006327474151691269
1.0,0.011297852101771592,-0.7484270997345448,0.18366528432816268,0.03328250646591187,0.47272565624676643,0.9279520242829703,0.25420951006485826,0.0,3.3108695658323773e-10
1.0,0.1975240443678989,-0.29579804465174675,0.5920106397941708,0.14444516479969025,0.18208495538681746,0.9474010093003643,0.3707005950771505,0.00048299377454770356,0.00016753328232819312
1.0,0.17550526635935193,-0.6890668787062169,0.40238148663192985,0.1307612720131874,0.07945982991717757,0.948993007224066,0.37015861890220214,0.00020512836142756895,7.115169904776978e-05
1.0,0.029929636419533504,-0.3417080245912075,0.05951575096696615,0.0021385166049003603,0.41816165570169683,0.9400729178238041,0.23817364675727648,0.0,0.0004151853482432783
1.0,0.06602771024790374,-0.42443937584757807,0.5102931445464491,0.09773802071809769,0.6289290692936629,0.9271994683523299,0.2931880712915711,0.0,3.100903974291104e-09
1.0,0.13655900251560937,-0.16888359263539315,0.2518422016873956,0.04889954417943954,0.3285007659345865,0.9646319617514894,0.31066905359917785,0.0,1.4277652656348921e-12
1.0,0.1300958678243154,-0.4428569719195366,0.305215235799551,0.15608343556523324,0.4314060134906321,0.9466101948229741,0.34323507839346756,0.0,0.0008304665011925414
1.0,0.07234912133088904,-0.18884528279304505,0.11473246626555919,0.02744133844971657,0.14119756689295174,0.969141746668667,0.27340260092301416,3.236801004437476e-27,1.12273061288297e-27
1.0,0.036588969202384525,-0.6715407758951187,0.5629298608750105,0.11307961538434029,0.20177350961603224,0.9410227981100074,0.3009520596078663,0.0008423040815195639,0.00029216518914255523
1.0,0.1693862823253337,-0.3226134136319161,0.1567800186574459,0.06418296352028847,0.5305529711581767,0.9439065736274876,0.3264422335420849,0.0,0.0012781522445941107
1.0,0.20396380830297275,-0.7159653127193452,0.051243191957473753,0.050376548618078235,0.590294144609943,0.9299147541572913,0.3442390521815011,0.0,1.0825860261762042e-08
1.0,0.005002901921846541,-0.26488054245710374,0.39162037409842015,0.08173345014452935,0.2896942843683064,0.9403030440221484,0.25803537280571043,0.0010072956992797416,0.0003493948859556994
1.0,0.09019450281711587,-0.5946492150425912,0.2432582203298807,0.01862446412444115,0.04318446625955403,0.9659551545070626,0.2921893144355793,6.884423703226884e-30,2.387960592286472e-30
1.0,0.10886037816859849,-0.04864857494831085,0.499220609664917,0.12972818419337273,0.3817612381093204,0.9523700884038809,0.318240152770614,0.0,0.0002665202433370869
1.0,0.12742755853370566,-0.6267677500844002,0.2853609412908554,0.09421978741884232,0.16250855225138366,0.9627655674866287,0.33291199738262134,1.4471041483961517e-14,5.019487219655825e-15
1.0,0.08153759293101957,-0.3790063410997391,0.47588634230196475,0.042881644666194915,0.49111996099352834,0.9415583655029954,0.2877847965025948,0.0,0.001405142600335282
1.0,0.013646920481779524,-0.46175047755241394,0.027743378654122353,0.1372430768609047,0.5470785523112863,0.92764221948311,0.2701127708936216,0.0,1.5363872155605665e-09
1.0,0.1854095162225458,-0.10657320469617844,0.4338517338037491,0.0061205789446830755,0.25674161132425066,0.9634222690806018,0.32264830338741934,1.398736090974578e-12,4.851715711063132e-13
1.0,0.15560298383190466,-0.5007556587457657,0.558158015459776,0.03992570161819458,0.31130297585390504,0.952591076658634,0.3306749503125266,0.0,0.00010302670312960112
1.0,0.046840449604688805,-0.05592060834169388,0.217820031568408,0.14858810245990753,0.6497103859856725,0.9268176484952394,0.27752970558988055,0.0,3.5361111056400996e-09
1.0,0.062110447093220986,-0.7857382938265801,0.36609113328158854,0.07169736981391907,0.39858452538959677,0.9394381768638329,0.2990399693763638,0.0,0.00025232670425171563
1.0,0.1438663631945913,-0.23348756432533266,0.11008840128779411,0.10057373702526093,0.09785486184060574,0.9790525368417525,0.32942453686762463,1.5636561527609235e-62,5.423764477089233e-63
1.0,0.1441643916614252,-0.7865573406219483,0.27630699165165423,0.020965828895568847,0.27630828733555973,0.9546723063876691,0.32588917043045906,3.2395741696608845e-05,1.1236925248097892e-05
1.0,0.061613115560759754,-0.23254568427801134,0.4668312415480613,0.15240146696567536,0.6049436838179827,0.9297712613824167,0.2999412449340253,0.0,7.120384835048242e-08
1.0,0.04634078297356959,-0.5027411475777627,0.018633274734020232,0.06804006457328797,0.3558282485511154,0.9476072700198213,0.2743859840062104,0.0,0.004003923981485719
1.0,0.15590334891813812,-0.05381381213665009,0.42474278099834917,0.11906505048274994,0.065466447211802,0.9692433505219451,0.33923637199462287,3.3739271129650703e-35,1.170294760218063e-35
1.0,0.18511151208757678,-0.4597648724913597,0.5296936657279729,0.08541602164506912,0.1201072012539953,0.9545835175526258,0.35711854538416876,3.9865497918996783e-07,1.382791677650836e-07
1.0,0.014144276346105636,-0.10868011713027954,0.18935682848095894,0.056851440370082856,0.4585302002355456,0.9345738348170433,0.23972553770942484,0.0,3.879812606190141e-06
1.0,0.08203728389400368,-0.6259487718343735,0.3377195544540882,0.12374214559793473,0.5123294404428452,0.9366254291742562,0.3152989949446089,0.0,3.4285498430723914e-05
1.0,0.1271272177793371,-0.37994815260171894,0.0817156758159399,0.0147679802775383,0.21158506065607072,0.9736036835961756,0.3021978483053356,1.3998788896894381e-30,4.855679671466543e-31
1.0,0.10856354196314387,-0.5955658286809922,0.33307534419000145,0.04933639749884605,0.6214691195357591,0.9319885481294877,0.3031732943993344,0.0,1.0941693764982965e-06
1.0,0.09069069075192761,-0.0478044405579567,0.14259143248200415,0.09792006179690362,0.33127653447911143,0.9613334069259761,0.29661034052166224,0.0,2.7824515133787523e-09
1.0,0.005502982194668771,-0.7180485591292382,0.5907338239252568,0.0022817932069301608,0.08677728713490068,0.9343603163901423,0.2549682464144617,1.075050843048972e-10,3.728967243404861e-11
1.0,0.2036630782387661,-0.26287130117416385,0.18458512388169765,0.13123689457774163,0.4155423414893448,0.944798555656209,0.35917851964531333,0.0,0.0003285888323245173
1.0,0.1696831428626532,-0.6694576039910317,0.06086478419601917,0.1448872156441212,0.4753536329511553,0.9384270515111753,0.35727541633571214,0.0,2.024220045358906e-05
1.0,0.03609280559943768,-0.32462258040905,0.4012431040406227,0.033471557050943374,0.17477745139971376,0.9524134958976117,0.26207182384273586,0.0003701986154991167,0.00012840867198753964
1.0,0.07184906538993169,-0.4419402360916138,0.252972574532032,0.10658053234219551,0.23319389757700265,0.9590762042597464,0.30545894108293714,2.4431847312729217e-08,8.474534847733336e-09
1.0,0.13039662222038695,-0.189689539372921,0.5089338261634111,0.0755355478823185,0.5717455363832414,0.9382657110009951,0.31186553707326303,0.0,0.00017531646160886646
1.0,0.13705635761956472,-0.42206399515271187,0.11351980995386839,0.12960413843393326,0.04589048038236797,0.9727068178853077,0.3379416558417566,8.670710319441108e-53,3.007559592860615e-53
1.0,0.06572970535256395,-0.17138180658221247,0.3061992349103093,0.018129620254039764,0.3742221169918775,0.9516392406198012,0.26527772925166526,0.0,0.0008535875594967543
1.0,0.029629296425535724,-0.6886376641690731,0.15578801650553942,0.081277976334095,0.5877447302546353,0.9250263126071682,0.2720528689495775,0.0,4.729216395710391e-11
1.0,0.1760049580827068,-0.3422585465013981,0.5641322297975421,0.050213118493556974,0.2970907675102353,0.9533883010524329,0.3377677608124724,9.966942921136245e-05,3.45717636613303e-05
1.0,0.19702671359580842,-0.7488561980426311,0.39268658962100744,0.06405310988426209,0.19438683426938952,0.9471409390142048,0.36151498685471073,0.0008798354272436602,0.00030518347192526855
1.0,0.011595881328976265,-0.2952476389706135,0.04981971625238657,0.11257837235927581,0.5331111934408546,0.9293771434513276,0.2563883746330685,0.0,1.5717073515628214e-08
1.0,0.09713085350147434,-0.5654299594461918,0.5006521129980683,0.026978836059570313,0.4389526336174458,0.9441885277307851,0.29906350259359593,0.0,0.0027220204335494233
1.0,0.1022682119780154,-0.016124286502599717,0.24220230784267185,0.1559148269891739,0.13850266948342324,0.9726882618668385,0.3231288425344151,1.1508542710355276e-34,3.9919022494348713e-35
1.0,0.12049280120631164,-0.6067564107477665,0.4771706035360694,0.10009384468197823,0.39580292125232514,0.9457322116786617,0.33143014900596635,0.0,0.0013473065408162223
1.0,0.08813135247856711,-0.3623244903981686,0.28445198480039835,0.07154860273003578,0.10531599326059221,0.9697185388320211,0.301982065133793,6.305121734194793e-31,2.187021438521984e-31
1.0,0.02058249406720328,-0.4796290032565594,0.4347710067406297,0.14840056613087654,0.3139233990106731,0.939864355091091,0.2940269251576023,0.0,0.0002514425647454334
1.0,0.1788150156936755,-0.12699996307492256,0.0264671316370368,0.039484573751688005,0.6423871658928693,0.9358270715269353,0.3102652067239626,0.0,4.1799241772223455e-05
1.0,0.16256425072608868,-0.5328649066388608,0.21668222676962615,0.00564344272017479,0.5543942915741354,0.9406758656056152,0.3152817250211135,0.0,0.0006021025431768924
1.0,0.04022336796465093,-0.08550607934594155,0.5595064731314778,0.137098877876997,0.2541100532747805,0.9496912813925271,0.29273050199450856,0.004611267249686449,0.0015994838417035739
1.0,0.05514843693660186,-0.7557374007999897,0.10872965175658464,0.04269808515906334,0.15503759485669433,0.9533092695689156,0.284671926573535,7.192949798969502e-05,2.4949772708183403e-05
1.0,0.15048425881154662,-0.20018165037035943,0.3672209395095706,0.09378200694918633,0.49389277538284654,0.9461056608202255,0.32682218751732905,0.0,0.001623362885648367
1.0,0.14696838208386678,-0.5143193215131759,0.5878032132983207,0.15763187289237976,0.22380093555897473,0.9486851744896656,0.35885695154725283,0.0006881052176789914,0.00023867911302349808
1.0,0.05243064841856718,-0.06657612472772599,0.16876566298305987,0.02900937497615814,0.5048858805652707,0.939581233720676,0.2489460382286447,0.0,0.0004971929717995465
1.0,0.04353910407829189,-0.7993072971701622,0.320769827440381,0.1108610200881958,0.4463210517168045,0.9333051008474015,0.299109106928113,0.0,6.568740734484951e-07
1.0,0.16508345586943704,-0.24413621425628662,0.13614702075719834,0.062022877335548406,0.127557414798066,0.976857957194961,0.3297545920858752,1.7292997571093256e-49,5.998322953731114e-50
1.0,0.18233241316291052,-0.6381865873932839,0.25590313151478766,0.05318357855081558,0.07708914138376713,0.9596917266040554,0.34731208883191655,4.333062128506985e-14,1.50298442583563e-14
1.0,0.02330180332679315,-0.39336994588375096,0.5247533407062291,0.08455994576215745,0.3489831050764769,0.9391118312859776,0.27418863956891437,0.0,0.00019143377375336015
1.0,0.08481402262777632,-0.4731746554374695,0.07317028306424618,0.015159464180469514,0.5933328062668443,0.9358352179100029,0.27245587211742683,0.0,5.466086358789508e-05
1.0,0.11797200232581347,-0.12092994302511216,0.407687533646822,0.12632186502218246,0.2831654655840248,0.9617877909058292,0.32478826740264977,2.668733977247315e-10,9.25688459002816e-11
1.0,0.1057832751089632,-0.7053107380867005,0.0028145290911197663,0.0920646034181118,0.5595281707681715,0.9358517734598693,0.31182451795394595,0.0,2.6257380047900742e-05
1.0,0.0998493856621295,-0.25131746381521225,0.4218117412179708,0.040667951554059986,0.24063371249474586,0.9645841440298327,0.2969151596267542,3.5944826723280404e-14,1.2467976029936517e-14
1.0,0.00827933161860328,-0.5839999809861184,0.26986300908029076,0.13881597742438317,0.18698278224095702,0.9418871542379947,0.2861044057146689,0.0019933071521869867,0.0006914070273615226
1.0,0.19450825209508057,-0.03507862985134125,0.4545250095427036,0.007673880308866501,0.46790200141258537,0.9467010674822591,0.3192936221893651,0.0,0.002070936458918205
1.0,0.17248830121460917,-0.42849395126104356,0.353538353741169,0.036514480859041215,0.4039233922772109,0.9511545810619324,0.33121590953554425,0.0,0.00037696121246184666
1.0,0.02690917052773072,-0.17742738723754883,0.08464666195213795,0.14511820092797278,0.09362392132170498,0.9565231702641654,0.28469479790083085,2.420345230406422e-08,8.395312780109682e-09
1.0,0.06904777580449212,-0.6571830958127975,0.5361376661807299,0.07451900199055672,0.342888830024749,0.9435365526402272,0.3035362787698689,0.0,0.0019574072332878903
1.0,0.13957633986184775,-0.31118865162134174,0.20166304260492324,0.10337590351700783,0.6146157589647919,0.9363860879541589,0.3206335025800229,0.0,4.2947776943772895e-05
1.0,0.13345697982448002,-0.6754969336092472,0.44824897069483993,0.011797519028186798,0.14594239350408317,0.9609838966354607,0.31704550061165127,1.4690530035199496e-12,5.095619955438586e-13
1.0,0.07570751120366988,-0.33105879053473475,0.03173909615725279,0.12046017736196518,0.42673535889945924,0.9494637136125509,0.29879655137756334,0.0,0.0020537799963627193
1.0,0.03323098574778431,-0.4108762972056866,0.4812736613675952,0.059821595251560215,0.5256595073640347,0.9307838323178753,0.26748291561770077,0.0,9.960013607587251e-08
1.0,0.16602479204070722,-0.1582290180027485,0.29909899849444627,0.08869829624891282,0.20659221964888275,0.9681888434816843,0.3365245218769134,5.169313404588434e-21,1.7930501130471432e-21
1.0,0.20060115122938807,-0.5516297481954098,0.0952517056837678,0.11734800338745117,0.30393749259412284,0.948267876253286,0.3637315390989435,0.0,0.00021865725954467886
1.0,0.0016429669756456344,-0.004264888912439347,0.36194895710796116,0.06600952684879303,0.576125690145418,0.9221563979041446,0.2312525991724509,0.0,1.2823960121679274e-13
1.0,0.09355405567700105,-0.7370092041790486,0.21257922258228062,0.1541188180446625,0.3673688109591603,0.9449807823598739,0.3343627748680612,0.0,0.0011053882150349743
1.0,0.11222343785850993,-0.2814350239932537,0.5448594057932495,0.02299606263637543,0.05750272138975561,0.9679048958988835,0.3007275142482053,1.0337412408849526e-34,3.5856789940130015e-35
1.0,0.1240660709103769,-0.49080442264676094,0.1610606962814927,0.07850564196705818,0.4864493064023554,0.9464720899119562,0.31659045301105393,0.0,0.002260354595255523
1.0,0.07817960605475087,-0.14011620208621026,0.5776097645983099,0.10986289635300636,0.1672533788625151,0.9603309855784936,0.3058318581041797,3.286308815851099e-11,1.139903103677035e-11
1.0,0.017005306932891862,-0.6198850534856319,0.12816725280135868,0.030501158982515337,0.26156032135710117,0.9429132230048182,0.2549575496523929,0.005098980103506038,0.0017686540040116926
1.0,0.18877063088400814,-0.3734875060617924,0.3103015774860978,0.14160515561699868,0.5421850885171443,0.9346180164659704,0.35716464544566084,0.0,1.0291598764980507e-06
1.0,0.15896604086051838,-0.7676211349666119,0.4953794153407216,0.13295429930090905,0.6355419315211475,0.9217637551313428,0.35331469488066947,0.0,4.053615099494286e-14
1.0,0.050200005886242474,-0.21400635316967964,0.2287247909232974,0.004311925619840622,0.3255461840797215,0.9515641788025634,0.25360800346203305,0.0,0.0006908808655786846
1.0,0.05875051556868858,-0.546701667457819,0.3780390931293368,0.09620296344161033,0.11217311697080731,0.9551106165033427,0.3009607082655993,1.32516398562589e-06,4.596520365980182e-07
1.0,0.1405037034597089,-0.09737775549292566,0.04571742732077837,0.047305958718061446,0.38419209823943673,0.9616940092934806,0.3046645350119753,0.0,5.1296817388994295e-09
1.0,0.14218356894807882,-0.46348580047488214,0.3939228689298034,0.10871983498334885,0.4988059825915843,0.941648151726655,0.33554700017679173,0.0,0.00042663430794525264
1.0,0.06040468660774205,-0.11728681400418282,0.06292065773159265,0.07980371862649918,0.22756346693262458,0.9624601595807519,0.2785274527723186,7.553683504545247e-12,2.620102903748315e-12
1.0,0.04832158021449494,-0.6469059325754642,0.5109898069873452,0.14040294259786607,0.13333106004633008,0.9458256467858421,0.31364216403725753,0.006923027356059247,0.0024013508200899708
1.0,0.15711175239873476,-0.3964162729680538,0.24565237518399952,0.03185841590166092,0.4428467390872538,0.9517142297385272,0.3195707074578422,0.0,0.00046100524805014776
1.0,0.19030645249264155,-0.7906001336872578,0.14991169553250075,0.003013548254966736,0.35034387872554357,0.9476517653104413,0.33917690755846586,0.0,0.0008922459591566369
1.0,0.018516991331561334,-0.24107770845294,0.3310194270685315,0.13409767031669617,0.06864479439333081,0.951531944071198,0.2810821415893693,0.0002791928566257446,9.684202600105338e-05
1.0,0.07684232029763022,-0.5240203641355038,0.18252917099744081,0.04594961225986481,0.2820922516752034,0.9573809042369135,0.29026000369054583,2.032717536979549e-06,7.050770816563177e-07
1.0,0.12275447960257269,-0.07020706906914712,0.5980539796873927,0.0974042558670044,0.601470396053046,0.933947133338505,0.3101673129456608,0.0,6.053815927925284e-06
1.0,0.11375848084746706,-0.6545748732984067,0.1966759828850627,0.1215821672976017,0.24885467308573425,0.9571715655944115,0.3343698887258981,4.882081613238354e-07,1.6934196678329236e-07
1.0,0.09506340421664175,-0.3021258093416691,0.5276390003040433,0.010518043786287307,0.5585397092998028,0.9375349531024868,0.28184324718572196,0.0,0.0001631813827806772
1.0,0.00030801707755375,-0.4316962726414204,0.07966076005250215,0.08991852894425392,0.4593920994456857,0.9306828832432982,0.2513458049056223,0.0,2.4333491963920683e-08
1.0,0.1992903385412601,-0.18745634481310847,0.3450385300442576,0.05844390586018562,0.1882793825492263,0.9625533351057748,0.3446748106095997,6.557992664948242e-14,2.274733328958225e-14
1.0,0.16770232167004837,-0.5808098413050174,0.4595120435580611,0.06728992268443108,0.09023370667360722,0.958504587228165,0.34708075974293473,1.2278540328010493e-11,4.258986909876875e-12
1.0,0.03488437816716153,-0.0250374935567379,0.27836168501526115,0.1162251029908657,0.4097798993065953,0.9431739655770234,0.27193076322351695,0.0,0.002644704736111431
1.0,0.0738298641515986,-0.7079311482608319,0.4267976531758904,0.024373442381620408,0.6183134625386447,0.9270157092019035,0.2851976681819358,0.0,1.9375529868352406e-09
1.0,0.13160502722172518,-0.2603681214153767,0.011314327083528041,0.15289888605475427,0.33674286805093284,0.960212210490962,0.3364414070935541,0.0,7.342124597801315e-09
1.0,0.1382398448903358,-0.7278990373015404,0.5568748455494642,0.04196751177310944,0.42564907399006185,0.9412208837818006,0.32808396331526213,0.0,0.000396851079553829
1.0,0.06773541804294408,-0.2787795186042786,0.2234244905412197,0.09092248916625977,0.15411225175485016,0.9657573814403355,0.2944135515879158,3.8197774125703287e-19,1.3249442982785164e-19
1.0,0.028445782921972813,-0.5617090314626694,0.373963239043951,0.009031485915184021,0.20798649796284735,0.9457149326775464,0.25799187891876363,0.011934815915308157,0.0041397611928781775
1.0,0.17399921915953484,-0.007517589628696442,0.10609813146293164,0.1376158654689789,0.5172008531726897,0.9439810078489711,0.3365601309918045,0.0,0.000877434697765342
1.0,0.19262905996958923,-0.40078477859497075,0.28708356656134126,0.14626000493764876,0.5818938633892685,0.9307671947975994,0.358581481195832,0.0,1.6615021948643827e-08
1.0,0.006425833942428368,-0.15498854964971542,0.47042836546897887,0.035215220749378204,0.30048668595030903,0.9389163777924157,0.24155416283023823,0.0,8.604775720075401e-05
1.0,0.1015284846967556,-0.6845948711037636,0.019724786281585693,0.10457693547010422,0.05144523863680661,0.965412454086651,0.32723797775457997,4.411025706451356e-30,1.5300272052737274e-30
1.0,0.10743823693362536,-0.33372652232646943,0.43740255273878575,0.07316048532724381,0.37112696109339594,0.9541110143121286,0.3103100840479268,0.0,7.670579638883161e-05
1.0,0.1160951460593509,-0.5431088700890542,0.05245254971086979,0.027730237692594528,0.17092757645063103,0.9705572455783208,0.30459281630784885,1.815037507921818e-27,6.295716575967851e-28
1.0,0.08296130357127766,-0.08773927390575409,0.3859432429075241,0.15875595793128014,0.48030881643295287,0.9438216930561798,0.31096399207328973,0.0,0.0019755044267727655
1.0,0.02498012374174299,-0.7706201314926148,0.2354587823152542,0.06064667984843254,0.5387992551084608,0.9260022082914677,0.2699374353186448,0.0,6.643028731299775e-11
1.0,0.18398503912854391,-0.22267842143774033,0.5032846961170435,0.11208221301436425,0.26739441316574813,0.9531833474018767,0.3532552967413284,4.700337721052303e-05,1.6303792056043094e-05
1.0,0.16374773951760133,-0.6168738216161729,0.30356642715632914,0.08343677178025245,0.31700401364825664,0.9521342705895108,0.34578082534235155,0.0,8.097424594667924e-05
1.0,0.04222908217577263,-0.3648276701569557,0.12026311084628105,0.05446179583668709,0.6368516028299928,0.9268029150098137,0.2565406411398178,0.0,2.389641103933176e-09
1.0,0.0539649249537805,-0.49438499063253405,0.5708757810294628,0.12510037198662757,0.39242736603133377,0.9399473019512993,0.3052882087199894,0.0,0.00031998899476611524
1.0,0.1484785214091162,-0.14976691007614137,0.15315538756549357,0.01653597190976143,0.11115115083754062,0.9848658682250052,0.30840069119705227,1.244056587411158e-80,4.315187782413411e-81
1.0,0.15213842985060008,-0.6358283661305905,0.09196699652820825,0.07019101709127426,0.6083251564390958,0.9336357461301941,0.325693901066629,0.0,2.89864599009422e-06
1.0,0.05682830242497177,-0.38339749351143837,0.3514825081452727,0.10129397422075272,0.2704791380558163,0.9537998692920494,0.2956910872633076,0.0001869121064306502,6.483313108233582e-05
1.0,0.03836907950286732,-0.45045501068234445,0.19960701819509266,0.038184995353221896,0.061797196697443726,0.9573145959393893,0.2626833414448009,8.812347403193799e-11,3.0566884363176706e-11
1.0,0.16068582505434115,-0.10622125789523125,0.543457750417292,0.14954265981912612,0.36196437318809327,0.9488820364966223,0.3483861637183814,0.0,0.00044135710552112425
1.0,0.18032670009234497,-0.5120388247072697,0.4144914345815778,0.13589782774448395,0.4502992977760732,0.9385521642931118,0.3609793170604516,0.0,1.601603986534158e-05
1.0,0.022118315675836674,-0.05628485903143883,0.0048703311011195185,0.007001938819885254,0.12112422031350434,0.9522648427811646,0.23580450930736474,0.00013218076551589576,4.584878454855555e-05
1.0,0.0868197611707629,-0.7766655676066876,0.4565810618922114,0.09264022290706635,0.22012228855863214,0.949106898281578,0.3202094428377348,0.0030489558302181424,0.0010575738339245954
1.0,0.119155515449191,-0.22910852506756785,0.26254288125783204,0.04399736285209656,0.5110241299215704,0.9472307526892023,0.2972316867017736,0.0,0.003401567777719126
1.0,0.10377756051765612,-0.44473919793963435,0.5174342142418027,0.01950583592057228,0.3298871986940503,0.9542009834662596,0.29878175842322385,0.0,6.345321611190714e-05
1.0,0.09866589649043148,-0.19855859354138375,0.2579578964039683,0.12838296607136726,0.6299234129395336,0.9338844306950055,0.30493417302151504,0.0,8.627232883203926e-06
1.0,0.010285068640848305,-0.66566476598382,0.4097423342987895,0.05149223580956459,0.4166242610663175,0.9304483200785953,0.26293461669150175,0.0,5.763853155354917e-09
1.0,0.19569176369771654,-0.315181090682745,0.06585126388818026,0.08015387371182442,0.07861237595789135,0.9667160373892197,0.3471454926798292,2.894268114186069e-29,1.0039181924476975e-29
1.0,0.17765835050208403,-0.7218292124569416,0.1760847458615899,0.11379984542727471,0.1808299870789051,0.9520903865962962,0.36205102720367266,3.998685579390331e-05,1.3870011487021977e-05
1.0,0.03130682605487687,-0.27232497856020926,0.5857484763488173,0.06267658457159996,0.4715998481493443,0.9335619139498942,0.2659941824970772,0.0,1.7271491090540283e-06
1.0,0.0638777527498091,-0.5927546881139278,0.1340921765193343,0.15703801915049553,0.5659817239269614,0.9319797888226421,0.30865885512649827,0.0,5.677048379388661e-07
1.0,0.13517871056749345,-0.03894756808876992,0.3280888745561242,0.025700639337301254,0.236639761691913,0.971960598607077,0.3019436493602067,1.369532609516384e-25,4.750419268708689e-26
1.0,0.12908426445883894,-0.5743493929505349,0.23135644420981405,0.09912229478359223,0.3827369660325348,0.951566064756888,0.33125308186925273,0.0,0.0002877054031145781
1.0,0.07051257041841974,-0.01897357404232025,0.4886372487992048,0.04797915816307068,0.044589514741674066,0.9669091341162912,0.27835258093184634,4.0728661827329706e-33,1.4127317494220824e-33
1.0,0.03760372354436334,-0.7393674254417419,0.03897501043975353,0.1323799377679825,0.2888654461316764,0.9438705807587264,0.298628539235561,0.006633368265377387,0.00230087843146845
1.0,0.1712197552568953,-0.29140747636556624,0.38067056760191914,0.0009836959838867188,0.5887381342519075,0.9386073322705024,0.3117430298674132,0.0,0.00022810429819380368
1.0,0.20180958056259116,-0.6981386631727219,0.5749780654907226,0.034827885329723356,0.5294085473380983,0.9294524035675618,0.34938883148732625,0.0,1.5738709213200934e-09
1.0,0.0036237900691774216,-0.3460864797234535,0.16780288852751254,0.14368590265512468,0.20053715703077615,0.9447587436872833,0.27760103228426236,0.01027137588440135,0.0035627732832619542
1.0,0.09234565257658978,-0.4131567940115929,0.31704394854605195,0.07683394521474839,0.14189724946394563,0.9671550369146217,0.3073133279099183,2.143823046995536e-22,7.436156131211518e-23
1.0,0.11024264099776997,-0.16852028369903566,0.1255358040332794,0.10543717890977859,0.43309117951430376,0.9540312074506139,0.3086458232250896,0.0,0.00013207822794478468
1.0,0.12527449872283844,-0.7591394647955895,0.3593162208795547,0.1511812524497509,0.0995379826799035,0.9538227763572906,0.3539511227322004,1.67416928044535e-06,5.80709502909622e-07
1.0,0.0801604276275411,-0.21001391410827638,0.10199507810175419,0.022343538850545883,0.3992821809556335,0.9537704057766061,0.2704172407428649,0.0,0.00020864348782781374
1.0,0.01579690231173904,-0.5304564207792283,0.5516028854995966,0.11794304057955741,0.6484720063954592,0.9167737847508989,0.27774229892018465,0.0,2.5054214982622877e-17
1.0,0.18678983250252662,-0.07624654918909074,0.20994652211666107,0.06931952223181724,0.31015650684945284,0.9612717355876537,0.33502358182668857,0.0,4.254555117707956e-10
1.0,0.15459332701561884,-0.4820497155189514,0.03437185809016228,0.05547404065728188,0.25518762797117234,0.9658020689386182,0.3279700698683746,1.2087666922924275e-15,4.1927797458338224e-16
1.0,0.04500506662173389,-0.13624726384878158,0.4415055524557829,0.08663593605160713,0.5462517592590302,0.9333833919363425,0.270208131998533,0.0,3.5489637249423952e-06
1.0,0.06312325488600916,-0.6033665791153908,0.2923555444926023,0.01348760262131691,0.4925270546600222,0.9382144012654834,0.2734449041441058,0.0,0.00020709087524907363
1.0,0.14569866819663854,-0.35247999131679536,0.48390631601214407,0.12486506655812264,0.16348630717955528,0.9608658530631611,0.3438938988273078,2.587046314859999e-12,8.973539277383499e-13
1.0,0.14665314642633595,-0.5854196347296238,0.02110903412103653,0.0017763771116733552,0.4422471126168966,0.9509118702650661,0.30835760956973546,0.0,0.0009484627360859853
1.0,0.06256740559868973,-0.0329765759408474,0.44014748521149155,0.13034092143177986,0.1328227601479739,0.9630947348995555,0.30066519909113254,3.694236923329447e-16,1.281398788303144e-16
1.0,0.04554882297220647,-0.7000958733260632,0.28849168606102465,0.04969045415520668,0.22921517033129932,0.9477821588550899,0.2829735811310433,0.010210375225200855,0.0035416143342266123
1.0,0.1536508930590385,-0.25584992840886117,0.47311251908540725,0.09866465881466865,0.5006630520429463,0.9427300177999757,0.3324563676298131,0.0,0.0007300989880875436
1.0,0.18742994303793584,-0.6624101959168911,0.3724096454679966,0.10747656986117363,0.5987482863292098,0.9268887236286273,0.3551455533796479,0.0,9.645732713880708e-11
1.0,0.014758114170222058,-0.30664405003190043,0.10355918370187282,0.07604089483618737,0.2789413917716592,0.9456199982839066,0.2573943780470067,0.011841500879065579,0.004107393541086115
1.0,0.08121126004217516,-0.4270865269005299,0.5553431209176779,0.14414253517985345,0.07301410242915155,0.9568533454774515,0.3236062674402187,6.771330410928936e-10,2.3487325701743536e-10
1.0,0.12462229525058238,-0.17951731011271477,0.22082733884453773,0.033117588609457016,0.3542495502810925,0.962717292208619,0.29982941767995774,0.0,3.126901842969917e-10
1.0,0.1108950147930802,-0.795160872489214,0.5694675095379352,0.06854538053274155,0.19224932743236423,0.9493193670508042,0.3271459982660476,0.0020269762399862464,0.0007030856308741419
1.0,0.09129460117517177,-0.248968093842268,0.1504711177200079,0.1199610760807991,0.46382686247117816,0.9486403006115414,0.3053431418299357,0.0,0.0023155029855650945
1.0,0.004662748533748584,-0.516038378328085,0.30218234919011594,0.020611872375011445,0.5553042151220143,0.9230665919433823,0.23915410240733248,0.0,3.249870089486893e-13
1.0,0.20116925104039798,-0.06554252281785011,0.11751831248402594,0.1516568174958229,0.24604907439090312,0.9566113107884052,0.3609763122137144,2.262279454423211e-07,7.847039082399635e-08
1.0,0.17216197022669172,-0.47146773859858515,0.2369906410574913,0.12284619867801666,0.33866595605388283,0.951629016924785,0.3540360605515154,0.0,8.343161122348225e-05
1.0,0.03706013751694493,-0.121951312571764,0.5058820176869631,0.014262571334838867,0.6200300391856581,0.924783586017182,0.24251509314801756,0.0,5.809948996720213e-11
1.0,0.07106820071895523,-0.6423451460897923,0.054006027057766914,0.08616061151027679,0.4091887103579938,0.945694188481481,0.29680195832992384,0.0,0.0034940945169398907
1.0,0.1281299565521957,-0.38852583989501,0.38848203867673875,0.05720547080039978,0.0895500094909221,0.9718872229000503,0.31739380787471716,1.684208950034207e-40,5.841919055581578e-41
1.0,0.13462578110395998,-0.6247092753648759,0.17939643580466508,0.14750452801585198,0.5203883627802134,0.9378526071010019,0.3428562947918765,0.0,3.501422533921149e-05
1.0,0.06482931115572058,-0.3693456843495369,0.595904274098575,0.03897922858595848,0.21067195798270405,0.9534761076283054,0.2852463613318994,0.0001527794897601701,5.299374596684349e-05
1.0,0.030368090541758735,-0.48977537602186205,0.1467547668144107,0.10083852455019951,0.15017109397798775,0.9528109807745931,0.28092442089045666,0.0001609198370388822,5.5817341571509654e-05
1.0,0.1781984084090944,-0.14182764887809754,0.3289302499964833,0.07190257295966149,0.4213152521755546,0.9516315635388233,0.3327431513425878,0.0,0.00028873510257966534
1.0,0.1946500557324136,-0.5477184370160103,0.5142919415608048,0.0432034994661808,0.3715962843224406,0.9441371470946076,0.3480522722849323,0.0,0.000504490975927317
1.0,0.01092809900004348,-0.0956784874200821,0.24759607817977666,0.09467798069119454,0.05208384177647531,0.9510863742867198,0.2621610406256879,0.00031798747485004377,0.00011029849287554319
1.0,0.0980099945747132,-0.7627846300601959,0.39720338489860296,0.00528938427567482,0.2986674296855926,0.9507194395121366,0.30004807308829706,0.0025591481977556415,0.000887677067754705
1.0,0.10483209137575239,-0.21816035956144333,0.06492288652807474,0.1363542814552784,0.5802043468039483,0.9393802604174848,0.30892031184486624,0.0,0.00039882828467784786
1.0,0.1181011549141489,-0.40876658558845524,0.42995442990213634,0.0821739238500595,0.26563885984942315,0.9603791334861974,0.32118272171676165,2.6178032728603993e-09,9.080224174783305e-10
1.0,0.08747544409969722,-0.15965327471494675,0.013403387926518916,0.05071852564811707,0.5369151437748223,0.9431931603138776,0.2733385054055809,0.0,0.0029275180377991597
1.0,0.02147545563969568,-0.6800339534878731,0.46264494862407446,0.12885954916477205,0.48103032680228347,0.9278113098614574,0.29147882557715943,0.0,2.9715016854403395e-10
1.0,0.18136818907086397,-0.32583631575107574,0.2805115247145295,0.017775588035583496,0.171480952212587,0.9691931202635569,0.33006993948185237,4.41585334065643e-25,1.5317017390811522e-25
1.0,0.16014554816054685,-0.7324600026011467,0.0763803781941533,0.026473521888256073,0.10675303751602769,0.9653212021252489,0.3310277719852007,1.3016509098347817e-22,4.5149619076210623e-23
1.0,0.03930798533903963,-0.2866697728633881,0.34303647112101315,0.1550188007950783,0.38842077144421633,0.9435526985222856,0.2968647112843944,0.0,0.002341836538649556
1.0,0.05587652503227636,-0.5537272721529007,0.19337373208254574,0.06440706819295883,0.6396217153035104,0.9268638044365418,0.27555872140662807,0.0,2.788593116256303e-09
1.0,0.15269152963718774,-0.002852912247180939,0.5256951453164219,0.11332302123308181,0.3202749940473586,0.955776999646405,0.33288726733584084,0.0,4.026535934157712e-06
1.0,0.1494302988018116,-0.7138960547745228,0.31448783464729785,0.1396338249742985,0.3610936484392732,0.9445156079636717,0.35593206804945365,0.0,0.0003677688829742908
1.0,0.05341182516719285,-0.2677092604339123,0.12396275550127028,0.008257420808076859,0.06139245357364416,0.9640928551836733,0.25876225156244526,1.697449337385372e-24,5.8878452283218905e-25
1.0,0.04276935906956694,-0.5972665987908841,0.572398079931736,0.09139813080430031,0.2720854769926518,0.942311114541111,0.29501440465542983,0.0033509436338661955,0.0011623226125514374
1.0,0.162808833681429,-0.04678912535309792,0.1662906188517809,0.04023576930165291,0.6103579004108906,0.9393980780744343,0.3045131700960132,0.0,0.00047107351164261035
1.0,0.1846278991646849,-0.44022723957896237,0.041700487956404686,0.0739355306327343,0.5081053848098963,0.942750939898221,0.33766090641885904,0.0,0.0005950066159376388
1.0,0.023938634763223995,-0.19071698859333994,0.3820376493036747,0.10255799159407616,0.21700052253901958,0.9496317139373432,0.2740586214281744,0.0051009091540784235,0.001769323122727501
1.0,0.08401566410631975,-0.673597875982523,0.23406005278229713,0.03694657489657402,0.12537370099686085,0.9602620412214098,0.2966831130512687,4.4728757723833226e-12,1.551480783153698e-12
1.0,0.11543946313041656,-0.3197967611253262,0.4900625344365835,0.14578475698828697,0.45445510674268,0.944259710730327,0.3320629732282723,0.0,0.0010883422526756575
1.0,0.10809413884934364,-0.504154721647501,0.2949356999248266,0.11004312008619309,0.08270216637291014,0.9679874477311794,0.3253992325823646,1.5746582768424928e-30,5.461926914311061e-31
1.0,0.10047395383865933,-0.051717837899923326,0.48541871979832646,0.06143943697214127,0.42080886850133536,0.9508638318288336,0.293660386341112,0.0,0.0012448233990604743
1.0,0.007467541907731308,-0.7813241891562939,0.03692781999707222,0.15829839795827866,0.6268845359701664,0.9165488367236793,0.28204052052494044,0.0,7.008011914118954e-18
1.0,0.19198602961039404,-0.23709643557667734,0.4430784847587347,0.029441457092761993,0.32705252429470416,0.955172340466155,0.3343763427335664,0.0,7.746083658439e-06
1.0,0.17493795467265297,-0.6311697922646999,0.5488991606980562,0.015742997527122497,0.23860823233611883,0.952137411768719,0.3381988355415322,0.00020864324599560117,7.237088691253797e-05
1.0,0.027905725014962444,-0.3754096306860447,0.2085210844874382,0.12713968634605408,0.5675226078741252,0.9293043723159049,0.27565514689611537,0.0,2.757451330663583e-08
1.0,0.06828834750647755,-0.458339161425829,0.35659087747335433,0.05275142252445221,0.47127973929978906,0.9419592944100977,0.28459794017596907,0.0,0.0016770844541202697
1.0,0.13728828648442434,-0.11078832671046257,0.10062816627323627,0.08389348030090332,0.18004275130108,0.9785449974690584,0.3189969832996321,7.505253123866853e-45,2.603304135178145e-45
1.0,0.1310493969211897,-0.47753762602806094,0.45854193102568386,0.031084629744291305,0.5918244140502066,0.935615811509077,0.30863046947986494,0.0,2.6919833752529444e-05
1.0,0.07478417205824184,-0.1284058853983879,0.2658644707873464,0.1424230693280697,0.291819677464664,0.9592814141539232,0.3078866429914169,8.53482598800117e-08,2.960426173626753e-08
1.0,0.03394216319736513,-0.6112995579838754,0.41647649724036456,0.07807354733347893,0.040470355479046705,0.9460970666557759,0.2843121134368277,0.011983445966104808,0.004156629219877861
1.0,0.16824590769746678,-0.3570958882570267,0.00813139211386442,0.10919634208083152,0.37845083564519877,0.9548420101222617,0.341439579503819,0.0,1.3478106091068527e-05
1.0,0.19825138007668894,-0.7512065336108208,0.19747676756232976,0.09538511410355568,0.43353373582474886,0.9371440060422774,0.36143338519364354,0.0,3.749944763647073e-06
1.0,0.0009483465997469139,-0.20539806485176088,0.5403421813622117,0.04672241881489754,0.14273016102612018,0.9418298731685284,0.24642901559942654,0.0012408938659004018,0.000430421743157856
1.0,0.0944110304213315,-0.5349685579538346,0.08985836450010538,0.1336207701265812,0.1984654363896698,0.9627577744320329,0.32534203106714055,3.839079036987241e-13,1.3316393421139402e-13
1.0,0.11480953224888507,-0.08408797532320023,0.34830841328948736,0.004744108468294143,0.5278411850705743,0.945231777509747,0.27971281312119745,0.0,0.004117781027035904
1.0,0.12170364718793862,-0.6934802204370499,0.13210728373378514,0.059238062500953675,0.30865343608893453,0.9561687224539257,0.32004542008025116,0.0,3.2979824726783073e-06
1.0,0.07749452376988628,-0.33809839040040973,0.32482794765383005,0.08788047313690185,0.6464657225646079,0.9299753448361742,0.28861160283662746,0.0,1.882605954939568e-07
1.0,0.017876880796152114,-0.4210410758852959,0.17412372473627327,0.012229675650596619,0.40003044006414706,0.9375644104132485,0.24077699351785797,0.0,5.147481225242593e-05
1.0,0.19134524063415853,-0.17308712601661683,0.5824267705902457,0.12112664103507996,0.09989706819877028,0.9546959575158771,0.3610009495923573,1.273334840198888e-07,4.4167435797931934e-08
1.0,0.1565679960482622,-0.566465063393116,0.41185085009783506,0.15493671983480453,0.15926621352322398,0.9534365905290502,0.36281042049253687,5.779382166612955e-06,2.004661167958934e-06
1.0,0.04926401417107529,-0.014406684041023255,0.06902520675212144,0.023579502403736116,0.4884727504663169,0.9399406312568098,0.24131475153312665,0.0,0.0005215648628643028
1.0,0.05945020837804462,-0.7440258204936981,0.5195645989850163,0.11668148010969162,0.5491230833623558,0.9272268178812872,0.30807140093567875,0.0,4.388575922607929e-10
1.0,0.14273941823539824,-0.2993955180048943,0.26107363533228634,0.06557744413614273,0.2581898552365601,0.9675791921009173,0.32286647347237574,9.083343890823415e-18,3.1506874347820117e-18
1.0,0.1414582060212712,-0.6647409990429879,0.4991397092118859,0.08917881831526757,0.06724992638453842,0.9576212535248027,0.3408186122111858,4.9956473721873174e-11,1.7328115717443776e-11
1.0,0.05819469061323403,-0.316985622048378,0.2396221524104476,0.0580947332084179,0.3577030497509986,0.951286579698294,0.2771038064722223,0.0,0.001001271068286397
1.0,0.05074378656857994,-0.44968090653419496,0.39111365731805564,0.12248302206397056,0.604212867859751,0.9280929507811977,0.29175989838776983,0.0,7.816925718920634e-09
1.0,0.1580236312358029,-0.194497649371624,0.047263754345476625,0.011028339117765427,0.27578283288516103,0.9714340916099498,0.3096730386276624,1.2636755222740965e-22,4.383238857325338e-23
1.0,0.18941076575128224,-0.5878251105546951,0.1572134541347623,0.024722531586885452,0.2160110998339951,0.9596844329042418,0.34058559621529205,5.83033662273089e-10,2.0223354481102276e-10
1.0,0.015966543123239762,-0.042996282875537875,0.5668359545990824,0.15363868489861487,0.5163267248962075,0.9281956359489425,0.2753977906056557,0.0,1.9518428967928064e-09
1.0,0.0792304628012498,-0.7227651163935662,0.11488672178238629,0.06677969172596931,0.4557507821731269,0.941773066785787,0.2978497516247083,0.0,0.001266396481309787
1.0,0.12341389176998573,-0.27050821185112,0.3089245783165097,0.11532417908310891,0.11686414216645061,0.9729240350693223,0.3263085201762844,5.772526346840276e-39,2.0022831290480906e-39
1.0,0.11287583598568504,-0.45490200966596606,0.11030270028859376,0.14114271521568297,0.41236413747072215,0.9509193225731642,0.32939300116424364,0.0,0.0004774987199160505
1.0,0.09250302860744791,-0.10089654326438904,0.36977705340832473,0.03220749795436859,0.0840639058034867,0.9744490364259202,0.28635135153573765,2.0099663886199863e-49,6.971855212216452e-50
1.0,0.0026819497720816797,-0.6336408406496048,0.2181944964453578,0.10781891822814942,0.33518976639956233,0.9351196745752918,0.2721265906984778,0.0,1.7546343601464713e-06
1.0,0.19996084603905978,-0.3847073033452034,0.5620864586904645,0.07929351389408111,0.6258122514840215,0.9262911459886503,0.3468053676026015,0.0,9.790664506994517e-11
1.0,0.1669670313423685,-0.7788653194904328,0.43340392503887415,0.045600470602512364,0.5712855187430979,0.9304627722442461,0.3372148969480522,0.0,2.713296480904173e-08
1.0,0.032687424052230796,-0.22778658121824266,0.023741654120385647,0.09666455715894699,0.23252737312577665,0.9539824876244295,0.2710475495958169,0.00011552828821120177,4.0072635188527744e-05
1.0,0.07626316583607023,-0.5076040580868721,0.4757453178986907,0.0035238316655158996,0.1765687818080187,0.9574972618800517,0.2822582714348104,9.617625686838894e-08,3.3360106991625915e-08
1.0,0.13250269624970165,-0.06159743368625641,0.28174837622791526,0.13499849408864975,0.47705245967023074,0.948536842808111,0.324782951716889,0.0,0.0013764743860531822
1.0,0.13902343473017917,-0.5251240573823452,0.34098048135638237,0.060297591239213945,0.29313013276085254,0.958880515816252,0.3268488467432815,8.797451068500419e-08,3.051521430080001e-08
1.0,0.06999935854226848,-0.08069814816117288,0.08370056860148907,0.11134241238236428,0.5832820413727313,0.9365914910607565,0.27905070634781737,0.0,9.711029243082341e-05
1.0,0.02597045934647747,-0.7604538269340992,0.5330153714865445,0.028240469247102738,0.3774296898581087,0.9323545814655629,0.27140611728387753,0.0,5.022767471177449e-08
1.0,0.17302838345348442,-0.20781878754496574,0.19131784960627554,0.1596568800508976,0.048705384666100145,0.9665288600193821,0.36003931946671885,9.726334241790358e-33,3.373717812562191e-33
1.0,0.1934665684616425,-0.6020400322973729,0.01545933187007904,0.12584008440375327,0.1365888916142285,0.9541217919525239,0.36354169766018707,9.645886390150294e-07,3.34581332734573e-07
1.0,0.00892238630966334,-0.35468740090727807,0.42263426519930364,0.016885143965482713,0.4372081311140209,0.9316363846344876,0.24003526912004414,0.0,5.1417735555138593e-08
1.0,0.09919350807827611,-0.4873699001967907,0.2731912527233362,0.08253591880202293,0.5336744610778987,0.940413431510837,0.3060353756701375,0.0,0.0006526444300485817
1.0,0.10683783029892435,-0.13180794194340706,0.4647008568048477,0.05395149990916252,0.1950798370409757,0.9677710440985859,0.30108581061571127,5.862166735137024e-21,2.033376176768201e-21
1.0,0.11691766612263627,-0.7411643080413342,0.2496509850025177,0.00938062697649002,0.6430147136747837,0.9294241832154616,0.2989203770358895,0.0,6.937292112693693e-08
1.0,0.08546972988857553,-0.29048830941319465,0.5069729570299387,0.13835556596517562,0.3144223933201283,0.9529370072043684,0.31921094906848013,0.0,0.00011753405892428706
1.0,0.022658967622517037,-0.5702930010855198,0.057603723183274266,0.041457227766513824,0.10365497972816229,0.9522590001776405,0.25901600522233537,0.0001327246746901456,4.603744720644555e-05
1.0,0.18337392647329437,-0.023907681554555894,0.3992580413818359,0.09002166718244553,0.39397377765737474,0.9514760570821663,0.3370810853751631,0.0,0.000246954416998935
1.0,0.1645432033075076,-0.41720090582966807,0.5938493929803371,0.10383716106414795,0.49664280641824005,0.9371804092435266,0.34474609330119244,0.0,1.5782842561324088e-05
1.0,0.04447803424632909,-0.16359836384654047,0.18671537451446055,0.07281140387058259,0.1581791491713375,0.9603722431814806,0.2725205571458754,3.4463574226643525e-11,1.1954182466135839e-11
1.0,0.05147889535773665,-0.6963295064866544,0.33624943904578686,0.14716091990470886,0.2497314351052046,0.9456556234539744,0.31510997706498955,0.0065985225601822685,0.00228879170142344
1.0,0.14752150620231932,-0.3470178283751011,0.14470006451010703,0.035725426077842716,0.550516545874998,0.943940421162216,0.30886467689087527,0.0,0.0021910013394179323
1.0,0.15143601187237712,-0.43613719195127487,0.21526349242776632,0.05191953405737877,0.12906979114748537,0.9731462517010894,0.32520054903208284,2.482472415281386e-38,8.610809785503992e-39
1.0,0.05459531281814933,-0.18213770985603334,0.5462676772847771,0.08081545993685722,0.4482994142360985,0.9407948418460564,0.28068453379964986,0.0,0.0009412218152198489
1.0,0.04076362052658036,-0.6523690611124039,0.09799650404602289,0.01891741618514061,0.5041096956003457,0.9337140537500137,0.25938633535881384,0.0,3.0036621768258585e-06
1.0,0.16162532055805148,-0.30345390588045124,0.3633330350741744,0.12756023690104484,0.22345116017386318,0.9606046765010412,0.3492559233380761,1.122191954464699e-10,3.892482914708731e-11
1.0,0.17945785139795162,-0.7101248204708099,0.4786763397976756,0.15637634471058845,0.28739486482925714,0.9395807897599121,0.3752146824331425,1.7135513920720034e-05,5.943697502534038e-06
1.0,0.019540980756819402,-0.25905225723981856,0.29756713975220916,0.025273424535989762,0.5973591891489923,0.9248011331920291,0.23703054087300968,0.0,3.032071989700865e-11
1.0,0.08918568868174433,-0.5763567879796029,0.4457101749256253,0.11462264373898506,0.34608385511673984,0.9483369154747109,0.32086227384855137,0.0,0.0015436216670984613
1.0,0.11983709394551244,-0.03036835491657257,0.030185618810355662,0.06326493993401527,0.07409622425213455,0.9881869649882585,0.30230944690831907,2.374654817846005e-108,8.236829064779179e-109
1.0,0.1029240895618688,-0.6459760859608651,0.37529416065663096,0.03775778770446778,0.46484364747069773,0.9430806498086788,0.30449163103540444,0.0,0.0018473917897633917
1.0,0.09607629831151318,-0.39822688400745393,0.044333179481327534,0.14888101160526276,0.18401924077421428,0.9669442491997576,0.3268026788455587,1.1561232094338884e-19,4.0101783140712965e-20
1.0,0.012637564962414322,-0.46840922236442567,0.49269526172429323,0.07077934622764588,0.24474356616847218,0.9402891768562942,0.2671977602658041,0.0007653699404598943,0.0002654794845764943
1.0,0.19638365890474838,-0.11324415653944016,0.227316671423614,0.1021167653799057,0.5638422224670648,0.937667901403919,0.34001548882468935,0.0,4.0734481795384594e-05
1.0,0.17694366926396005,-0.519084706902504,0.1307062005624175,0.0933017972111702,0.6142011285107583,0.9323663598458592,0.33917518895007626,0.0,4.5195595651643877e-07
1.0,0.029089214186660474,-0.07426186352968216,0.31185517106205224,0.04442463010549545,0.3420466083288192,0.9451919456630058,0.2507603739915948,0.0,0.0036842597247345693
1.0,0.06628261048423253,-0.7915177509188652,0.16365784797817468,0.1350751295685768,0.0956863363739103,0.9517404648086365,0.318452752249779,0.0001470362110195162,5.100160778732241e-05
1.0,0.13610477488178838,-0.23927922844886781,0.5791414892300963,0.006413531005382538,0.4055186758562922,0.9515340621867031,0.3036401905119699,0.0,0.0006910852740058929
1.0,0.1298409675879866,-0.7724353484809399,0.0710812222212553,0.11860471561551095,0.20253035054542123,0.9567018372896005,0.3428150762506845,2.2589857478353085e-07,7.835614391134948e-08
1.0,0.07280334896471005,-0.22174092009663582,0.4045307569205761,0.0697467352449894,0.5214655943401157,0.9400520320119504,0.28317023104650274,0.0,0.0007433316381444762
1.0,0.035150566297776395,-0.539058605581522,0.2537532918155193,0.150358454734087,0.42976492573507125,0.9377722790421767,0.2976738047352947,0.0,8.267384293037939e-05
1.0,0.17022670455820674,-0.09266725406050683,0.5216204356402159,0.021755181699991227,0.14880499375984071,0.9670508151125713,0.32080946872778004,3.652426465811264e-22,1.2668962345378778e-22
1.0,0.20262409544233004,-0.4984474368393421,0.3227718863636255,0.013060306161642075,0.05556217205710709,0.9610734984521653,0.34203045047015745,5.849836423675877e-18,2.0290992323020965e-18
1.0,0.006143287384997052,-0.14482665583491325,0.13942740261554717,0.12420347973704339,0.36581862142309546,0.9394128694353231,0.2611481025123622,0.0,0.000272030967641054
1.0,0.09003829262475248,-0.6150707922875882,0.589747068285942,0.05606246218085289,0.5764364888612181,0.9304602720188675,0.30296928326653527,0.0,9.390466220908112e-08
1.0,0.10961456903269699,-0.3657528914511204,0.17206791378557681,0.0874586646258831,0.30475265422835945,0.9627333988227375,0.3138947783532785,0.0,4.1159738844149474e-11
1.0,0.12607636103283815,-0.5563950024545193,0.5382873717695474,0.13171836286783217,0.5430651233997196,0.933516204117049,0.3377066911646168,0.0,8.800136722614185e-07
1.0,0.08268946303439485,-0.01195085421204567,0.20479577779769897,0.0005564305186271667,0.2619371386244893,0.9639647463795326,0.2655741568794704,9.12597538750005e-13,3.1654747776944417e-13
1.0,0.013504141478831538,-0.7292195267975331,0.35562753081321713,0.09994499236345292,0.1656191186141223,0.9397453008155082,0.2832356774433875,0.00017517223424266362,6.0760988902845666e-05
1.0,0.18615027589722888,-0.27657826468348506,0.087803590670228,0.04856756776571274,0.4844258680194616,0.9476548787369181,0.32852685128064885,0.0,0.0014003270339928953
1.0,0.15535956823580063,-0.6832866586744786,0.26791930608451364,0.07726115107536316,0.387120153484866,0.9476779528139018,0.34053108340833194,0.0,0.0008465487969247998
1.0,0.047283192598285055,-0.33591559752821926,0.45122287496924396,0.10609882771968841,0.11526695713400842,0.9563650409655526,0.29292770770099863,1.1013597759515666e-07,3.8202235310837447e-08
1.0,0.06065861299919745,-0.40611109063029294,0.00081230029463768,0.034239554405212404,0.32126878208480775,0.9543110956947471,0.2696162982015089,0.0,7.008982019191662e-05
1.0,0.14472021661687975,-0.150543100386858,0.41853122524917125,0.14286311209201813,0.6313954281434417,0.9322081633082102,0.3309438197844159,0.0,6.909866867510932e-07
1.0,0.14496434144882658,-0.6812750399112701,0.04879426918923855,0.13433947056531906,0.5650953376106919,0.9341016843431187,0.34123672592832544,0.0,1.7740784822882277e-06
1.0,0.06081937077908894,-0.3370474979281426,0.38931764736771585,0.0029230967164039614,0.23633503262884914,0.9565294894843116,0.2673816384755765,3.180229188365468e-06,1.1031078712799653e-06
1.0,0.047134838366703055,-0.4041048124432564,0.24088403955101967,0.09728482335805894,0.18290814550593495,0.9567128997399814,0.2885999975988418,6.414275183158322e-07,2.2248828697576753e-07
1.0,0.1551030406159151,-0.1516681343317032,0.49698976837098596,0.046239962875843046,0.47309619934298097,0.9472895796499352,0.3170338049104656,0.0,0.0021304614084690127
1.0,0.18590620581197806,-0.5583890005946159,0.3075173992663622,0.07988418519496918,0.41868343109264966,0.944183465814481,0.3502201974234952,0.0,0.0004688922871433311
1.0,0.013343328952244063,-0.01083800196647644,0.11718197017908095,0.10846848845481873,0.0801271338108927,0.9527094948809435,0.26371005618523047,3.7817397758286595e-05,1.3117504012323162e-05
1.0,0.08283776251928086,-0.7312188655138017,0.565157850086689,0.03157745897769928,0.3290190736018121,0.9443896837509134,0.30126292156379864,0.0,0.0026016015275502798
1.0,0.1263329433994197,-0.2754585459828377,0.1591570693999529,0.1405325126647949,0.6295998409111053,0.9344963315065579,0.32195839153098516,0.0,9.422794828907885e-06
1.0,0.10935730499371335,-0.49731495678424836,0.5605316329747438,0.11596398130059242,0.21979894377291204,0.9548869776326999,0.33022459733034426,9.073837966677441e-06,3.1473901693561244e-06
1.0,0.08989067405189781,-0.1468373253941536,0.22005145400762557,0.06739965751767159,0.510156359327957,0.9453444295179434,0.285260321357272,0.0,0.003979939405379213
1.0,0.0063032235842633505,-0.6139436528086663,0.3685394927859306,0.15303825035691263,0.4518142646923661,0.9284250447641066,0.28750848972940457,0.0,4.4274661861797154e-10
1.0,0.20286904109453127,-0.3677566945552826,0.11239170916378498,0.024063198119401934,0.12318376301787792,0.9662289759367725,0.33968738064504866,5.9185545877994194e-24,2.0529351080376902e-24
1.0,0.17048410850541346,-0.7735503032803536,0.28313353322446344,0.010417836159467697,0.06329333882778883,0.9600878259391025,0.33847412139880295,1.909383664424948e-15,6.622969681638239e-16
1.0,0.035298044962407994,-0.21974939405918123,0.4735087282955646,0.12185329303145409,0.3640421589370817,0.9434127935471662,0.2855796596850675,0.0,0.0025400132616131177
1.0,0.07264327285722068,-0.5401789009571075,0.025441796332597733,0.05874399349093437,0.6080202001333237,0.9322605531320773,0.27905405778035797,0.0,1.882812235103078e-06
1.0,0.12959616184400843,-0.0906688615679741,0.43140166662633417,0.08976979002356529,0.2695923972409218,0.9641507283669989,0.31916797042764833,5.221799707834038e-13,1.811255736231927e-13
1.0,0.13626173651057272,-0.5210900135338307,0.19067538287490607,0.03509569227695465,0.4904538251273334,0.9466508477497372,0.312025729855568,0.0,0.0025536615839198856
1.0,0.06653053070691572,-0.07313627526164056,0.5333557242527603,0.14655041217803955,0.16198560883291066,0.9595960293841101,0.30856184732671543,1.92282437019474e-10,6.669590687396117e-11
1.0,0.028828695760748733,-0.79352992400527,0.082740836776793,0.0734023803472519,0.2560696716792881,0.942980136672428,0.27952391710829716,0.005439966122445464,0.0018869298700607761
1.0,0.1767993050780335,-0.23814829960465433,0.34108878280967475,0.10448642611503602,0.546561412671581,0.9390615558959833,0.33952324547131196,0.0,0.00010143387318461373
1.0,0.1962268371841871,-0.6439761452376843,0.46580590736120936,0.09064162820577622,0.6493352071382106,0.9221531193027206,0.35328979456463894,0.0,9.661350946346667e-14
1.0,0.01238950483150806,-0.3993456788361073,0.27293765265494585,0.042097025215625763,0.31048442148603494,0.941081044235413,0.25083571716952546,0.0,0.0006528759882596429
1.0,0.09633667682920184,-0.46641614809632304,0.4234243305400014,0.1376962372660637,0.09748315980657934,0.9622460204559026,0.32863297964393157,8.497486620037199e-17,2.9474744810693804e-17
1.0,0.10306859365601845,-0.11435761079192162,0.014971400611102581,0.008780197203159333,0.39776249420829113,0.9576580443948147,0.27361438347671807,0.0,3.826428109869741e-06
1.0,0.11969190893933145,-0.7112513579428197,0.3999248368665576,0.054601065367460254,0.14037793539464474,0.9594936660504659,0.322416490917644,6.92713677825188e-11,2.4027762318130336e-11
1.0,0.08892599183645777,-0.25704753026366234,0.057202440686523914,0.08312658533453941,0.4310365657042712,0.9522042739960634,0.29266333769764397,0.0,0.0006340593818057652
1.0,0.019788165320775267,-0.5774901919066906,0.5079083802178502,0.01627494618296623,0.5297368164733052,0.9255136940507953,0.25447900758472874,0.0,1.779558837669942e-11
1.0,0.17961554944583408,-0.028358287364244464,0.2496036333963275,0.12521005019545556,0.2014005850162357,0.9651850779195413,0.3483258743095031,7.076320243467962e-17,2.4545226453566545e-17
1.0,0.16177056031092846,-0.4350159250199795,0.14361705388873816,0.1590561403334141,0.2891747450456023,0.955474300646177,0.35779134288097314,3.346952019717895e-06,1.1609380642295084e-06
1.0,0.04102326262517093,-0.18413554802536966,0.33644439820200206,0.027581440955400466,0.5896199507173151,0.9297305318703354,0.2479451682437932,0.0,6.000744474465575e-08
1.0,0.05434807350749748,-0.6512546606361866,0.18590328935533762,0.11198190942406655,0.3812358950078487,0.9435210393104001,0.29959922157460794,0.0,0.002192168202808079
1.0,0.15127836857119067,-0.3054464034736157,0.5943959852680564,0.06091786220669747,0.04251607614569366,0.9634427027936786,0.3303516721873563,3.877031288077062e-24,1.3448036219284645e-24
1.0,0.14776952413264743,-0.4160859972238541,0.36561115756630896,0.007062788903713226,0.6173944328073412,0.9358064213987629,0.3056020100247354,0.0,3.94444488107025e-05
1.0,0.05163576003924686,-0.16558993607759476,0.09656982980668545,0.13566609889268874,0.3364707824029028,0.9528169294288621,0.2902815297999878,0.0,0.0002862458078466596
1.0,0.04433357311312837,-0.6952092573046684,0.5482284899801015,0.043814129531383514,0.09234435853548348,0.9438569147547659,0.28516727476175663,0.005613024080344289,0.0019469574920460795
1.0,0.16428278258924078,-0.34901626706123356,0.21360481157898903,0.0926720705628395,0.4112437570653856,0.9522110123354185,0.33756595292149694,0.0,0.00016225649067310336
1.0,0.18312596328966227,-0.7422968342900277,0.028370185196399687,0.10151632845401765,0.4614839265216142,0.9386859157181102,0.3534573001334561,0.0,2.7381089205317755e-05
1.0,0.022502048194310842,-0.288477686047554,0.4472234923392534,0.07012001037597657,0.18976148335263132,0.9479536227643964,0.2661878466586005,0.009999898777162192,0.0034686075750282827
1.0,0.08561413627508026,-0.5714201867580414,0.29543669410049916,0.14952081620693208,0.24795403183437884,0.9548005610168236,0.3287812832404098,1.92281003240607e-05,6.669540954730305e-06
1.0,0.11717814158759907,-0.021903924643993378,0.47995535284280777,0.038377755880355836,0.5582486534304917,0.9406889185165855,0.28927746173439817,0.0,0.001047155012471224
1.0,0.10657823040091194,-0.6000459849834443,0.22506287544965742,0.06263490334153175,0.28180155030451715,0.9587155360241288,0.3129536562166819,1.4688653702674903e-07,5.094969122729856e-08
1.0,0.0990482253644502,-0.35580020397901535,0.4940610039979219,0.1140124435722828,0.6005699820443988,0.9328159365567774,0.3120714486126128,0.0,1.822171369738288e-06
1.0,0.009079986649900871,-0.48537051230669026,0.04234805591404438,0.02586409345269203,0.3518263522069901,0.9380541422677311,0.24019723931947,0.0,5.6445206944943514e-05
1.0,0.19371384997287253,-0.13292761147022247,0.37701378911733624,0.15702591255307197,0.07073683053255081,0.958650641350269,0.36921108084907894,1.5421346493424591e-13,5.3491140716734587e-14
1.0,0.17328812325971993,-0.5271356269717217,0.5809789605438709,0.12818050548434257,0.1347945451270789,0.9495960244461974,0.36490930132349797,0.00023288811361014532,8.078056518402452e-05
1.0,0.0261156021520803,-0.0795661985874176,0.16208588741719723,0.01955691084265709,0.4449571818858385,0.9377120599384577,0.23339387916319332,0.0,7.14476590615541e-05
1.0,0.06984161829380786,-0.7624600559473038,0.31396359466016294,0.08015643402934075,0.4985335424449294,0.9349878688019004,0.3010603591458271,0.0,8.669670555109843e-06
1.0,0.13877629312717224,-0.20669370442628862,0.12948584631085394,0.05131879672408104,0.22664420995861292,0.9746390496641422,0.31345619724462337,2.1244555533082106e-31,7.368977215894303e-32
1.0,0.13266355097686727,-0.7799865402281285,0.5213839704170823,0.1435026115179062,0.3903123306576162,0.9380434119478506,0.35303922496095064,0.0,1.1495681089190213e-05
1.0,0.07650719296037214,-0.22578869685530664,0.25487782862037417,0.03485982775688171,0.10969225833192467,0.9702942629816582,0.28061269824347157,1.1396866875581106e-32,3.953165892689947e-33
1.0,0.03243079872470033,-0.5087184123694897,0.4040256192907691,0.1054980856180191,0.31792800408788024,0.9429346923432331,0.28753492341798803,0.0,0.0019499462809963344
1.0,0.16681877405806067,-0.05960488989949227,0.0718518728390336,0.0766021203994751,0.6371193095110357,0.9362088649361863,0.3134298315142253,0.0,5.155546073813232e-05
1.0,0.19980013122011722,-0.4537754260003567,0.17242768127471209,0.04795737236738205,0.5397042753268033,0.938445002400146,0.3388495671210455,0.0,6.498372709652342e-05
1.0,0.002437782739556696,-0.10290122404694557,0.5891218079254031,0.09931496053934097,0.26768050832673906,0.9387140432759647,0.2607652453655469,0.00018845650115674833,6.536882642937391e-05
1.0,0.09275951402675531,-0.6325073905289174,0.13951621782034634,0.0012059935927391052,0.16883078412152827,0.9637883786446755,0.2886062779436549,2.067289687303138e-15,7.17068925290905e-16
1.0,0.11302423317821597,-0.38671732470393183,0.32179501969367263,0.13230902701616287,0.4788310991413891,0.9449248104343246,0.32623558576297607,0.0,0.0015174845517132358
1.0,0.12326637090477598,-0.5898251004517079,0.08801574725657701,0.08679933354258537,0.04996773040853441,0.971008176936793,0.325339925693098,4.627649801463897e-47,1.605166363543025e-47
1.0,0.07897310181499202,-0.04187753722071648,0.35456394385546447,0.05546203002333641,0.3690305414423346,0.954454871422516,0.2803491936206154,0.0,9.040731596084596e-05
1.0,0.01621139182816686,-0.7247582398355008,0.20532524418085812,0.12482344314455986,0.5821801857929677,0.9219839220884828,0.28039264206853054,0.0,1.324809321315185e-13
1.0,0.18957079965819346,-0.26939480677247046,0.5374557914212346,0.013700105994939805,0.30139206066727636,0.9549085293102406,0.33175579537904964,0.0,8.877966502943935e-06
1.0,0.15817120684770866,-0.6627357415854931,0.4181494379416108,0.02234615579247475,0.20825397740118207,0.9580434690211714,0.3314810019568283,3.464547773350129e-08,1.2017278292990786e-08
1.0,0.05100109280814174,-0.31811125949025154,0.0014962216839194298,0.15100771740078928,0.5181244891136885,0.9378789773385849,0.29001388542398554,0.0,0.00016925959023792025
1.0,0.05794978716161095,-0.44766878262162213,0.4511560996994376,0.06911700382828713,0.42418997242115436,0.9423758377630095,0.28680432782776044,0.0,0.0018197353945417442
1.0,0.14129822686105598,-0.19562862738966943,0.26883753184229137,0.11799421027302742,0.15199684370309113,0.9724812784812207,0.33352465395967223,2.1309394459536732e-33,7.3914675226932935e-34
1.0,0.14298354268715968,-0.5683599285781383,0.47145381253212687,0.05658519744873047,0.3449852474033832,0.9514881631674127,0.3298549621775958,0.0,0.0002781375773335872
1.0,0.05961096577775072,-0.013194698840379715,0.29045250881463286,0.08552111208438873,0.6160932694654911,0.9313826512618929,0.26675643148438,0.0,8.12795186273733e-07
1.0,0.049115659559307905,-0.7459260262548923,0.4387208210304379,0.014921602010726929,0.4030180152878165,0.9373447507532148,0.2767145817491624,0.0,5.2312121498265086e-05
1.0,0.15631146804819124,-0.2981766663491726,0.02338713090866804,0.12344694077968597,0.09333760119043291,0.9742508084019621,0.3414833083640043,5.903415996464292e-47,2.0476840716271812e-47
1.0,0.19110117092909307,-0.6915678329765798,0.22210632618516682,0.15228684931993486,0.18605914402753115,0.9461693187878418,0.3753280162325541,0.00040075682348126527,0.00013900822244781438
1.0,0.01771606864975003,-0.3393295221030712,0.5532126853242516,0.021222067773342134,0.46763452424667773,0.9304957923074756,0.24803758324202874,0.0,1.8774275997791893e-08
1.0,0.07764282363495767,-0.41913402900099755,0.10507251117378473,0.11937041193246842,0.5616435765475035,0.9373154703134607,0.2987452446712626,0.0,0.00011891272252442224
1.0,0.12196022993470554,-0.17431139126420023,0.37059418614953754,0.0678958174586296,0.24209281633608043,0.9680063017617093,0.3117991709593433,6.453761952385014e-19,2.2385794190833404e-19
1.0,0.11455226859008681,-0.7524175725877286,0.11923795100301504,0.03371802076697349,0.5947917010448873,0.9334397078903873,0.3031839127414182,0.0,4.031449137645646e-06
1.0,0.09426341222866222,-0.20350262299180033,0.3001971999183297,0.14480186626315117,0.28528049868531524,0.9610182782895602,0.32076719963563494,1.8483121454067184e-09,6.411134403896315e-10
1.0,0.0011082831791986013,-0.5361849375069142,0.15183683428913355,0.07540109500288963,0.0768214369751513,0.9457359232158842,0.26101369988723133,0.011996442637880649,0.00416113730092712
1.0,0.19849632610907558,-0.08218566700816154,0.5672137236222624,0.10685660645365715,0.3480591123644262,0.9464425868377453,0.35174205316371243,0.0,0.0005520931406658515
1.0,0.16850331126448811,-0.4763089694082737,0.387261694483459,0.0980153961479664,0.4460349588282406,0.9439361389170885,0.3457609533239371,0.0,0.0005583216567155534
1.0,0.03408964148181134,-0.1303203783929348,0.05611442495137453,0.04909948006272316,0.12665239230729639,0.9581278917932932,0.256417762938841,1.150220040188223e-09,3.989702329245392e-10
1.0,0.07462409557056708,-0.61007624194026,0.5043100314214826,0.13095142677426339,0.22527865512296558,0.9498758621793162,0.3217491316927462,0.0019753651140364437,0.000685183575421934
1.0,0.13080459079702614,-0.35900351479649545,0.23882812242954968,0.0024061085283756255,0.5069826706219465,0.947624923640009,0.2957112345009377,0.0,0.0033472619458894386
1.0,0.13744524849339407,-0.6292689844965935,0.32970087267458437,0.11273205190896989,0.11307352870702744,0.9617717211640195,0.34304262059354385,3.0423947089684118e-15,1.0552980154013675e-15
1.0,0.06853626810934613,-0.37662755846977236,0.14624963700771332,0.06375781029462814,0.3844828018825501,0.9514444309352903,0.28344946779584235,0.0,0.0009502798465407606
1.0,0.027645206969236093,-0.45644522011280064,0.5970288187265396,0.15564852744340896,0.6334498931095004,0.9193958500533793,0.29316078596935424,0.0,3.600907948279291e-15
1.0,0.1747935908669118,-0.11200091391801835,0.17915994264185428,0.02708402246236801,0.3240637128707021,0.9644144269879343,0.31949024617300203,0.0,1.4480180311686148e-12
1.0,0.19182920750964738,-0.5060607969760895,0.06394599191844463,0.01843492388725281,0.2594498762860894,0.9605593469109098,0.33599243520808375,5.00744684095849e-10,1.736904385849104e-10
1.0,0.007219481396639657,-0.050493018329143526,0.39729220792651176,0.1294599860906601,0.5407216057088227,0.92663709892834,0.25884037139303095,0.0,2.577126490778442e-10
1.0,0.10073433197616259,-0.7832371309399605,0.24697082564234732,0.05009855747222901,0.48736856110394,0.9394126434031761,0.3076874903952147,0.0,0.0003034604469544136
1.0,0.10823864256330791,-0.23586627542972566,0.5146516811102628,0.0815341192483902,0.16752582128159701,0.9651950321943437,0.31280684262170155,3.059204393391205e-18,1.0611286942934236e-18
1.0,0.11529427774405018,-0.4390098884701729,0.2796799521893263,0.13696448162198066,0.36764089887961743,0.9531164391492767,0.33283945848378416,0.0,8.79716703618722e-05
1.0,0.08375596688084781,-0.1926187425851822,0.46317438706755637,0.00591942086815834,0.05842174884863198,0.9696368558875071,0.2783816771672373,8.221138595712669e-39,2.8516192257436675e-39
1.0,0.02418581894699447,-0.6723873913288116,0.012339773029088974,0.09402841284871101,0.3024736371077597,0.9425299125169456,0.27688080061463494,0.0,0.001700673492168732
1.0,0.18478559683238197,-0.32169317454099655,0.43016659431159493,0.04261283054947853,0.5740150360111147,0.936494939805543,0.330243806963499,0.0,2.5240106946442193e-05
1.0,0.1629540738144914,-0.7151187688112259,0.5266133788973093,0.07126307830214501,0.5241774088330566,0.9328672100332278,0.3428344563546316,0.0,2.478477252579389e-07
1.0,0.043029001548342896,-0.2658007100224495,0.19330692887306214,0.10021825596690179,0.20450039030052722,0.9572397479555873,0.28266420915867285,4.479894653463264e-07,1.5539153822056088e-07
1.0,0.053164586236726395,-0.5984961792826653,0.34372036457061766,0.039579965919256214,0.14623345164582133,0.9534618323727202,0.2814859418036538,6.518415744752128e-05,2.261005509482483e-05
1.0,0.14927265588081054,-0.04487523436546326,0.07599859870970249,0.14816355392336847,0.4276359978783875,0.9535201812784819,0.3337037231157174,0.0,8.493472301038943e-05
1.0,0.15293954718733044,-0.7336886130273342,0.16414068806916474,0.08450398802757263,0.23524851365946234,0.9561802004360698,0.34381773421735906,1.0744020729705284e-06,3.726716891817615e-07
1.0,0.05603338933360118,-0.28475523367524147,0.573659941367805,0.053381156325340275,0.5732648481801152,0.9307562393862779,0.27362550132325747,0.0,1.9972964234488254e-07
1.0,0.03916352382565352,-0.5549505420029164,0.12216671984642744,0.12649042129516602,0.4744902072381228,0.9365329686916688,0.2886264349269444,0.0,4.193377806595802e-05
1.0,0.15988512706209462,-0.0009452395141124726,0.3160183595493436,0.015152021050453187,0.17444917999207973,0.9761032253265062,0.31033986131707814,1.2685260127107414e-39,4.400063475500047e-40
1.0,0.18112022626741725,-0.4075555004179478,0.4920061597600579,0.028801659643650057,0.08589547294192015,0.9627553998384808,0.33956147950769144,2.382313076737923e-18,8.263392828469285e-19
1.0,0.02131853659167487,-0.1615486703813076,0.23238192256540058,0.15767843693494796,0.41523304030299185,0.9396952583859783,0.2809138637483193,0.0,0.0004275432986156123
1.0,0.08761985086638735,-0.6788175277411939,0.3843328719958663,0.062039866745471954,0.6235425604041666,0.9284059917919275,0.3000462965644407,0.0,1.346080952249753e-08
1.0,0.11836163075929709,-0.32773857787251476,0.040293318964540956,0.11070244878530502,0.3327776032313704,0.9616359590328996,0.3209373208590166,0.0,9.071570211264619e-10
1.0,0.10457249185792537,-0.5496308736503125,0.44516746792942286,0.1451940904557705,0.5138301365170628,0.9368480271374815,0.33131022746845085,0.0,2.442942591290182e-05
1.0,0.09786471224107268,-0.09444740489125253,0.03569026943296194,0.03629700943827629,0.21365829246118664,0.9725549273071868,0.2845136386663053,7.742258915292806e-28,2.6855129756659213e-28
1.0,0.011085699720466401,-0.7646917261183263,0.48727568741887806,0.10318802580237389,0.11979754556901753,0.9359459849516684,0.2875511570346274,3.751714117791626e-08,1.301335573319226e-08
1.0,0.194897337623829,-0.21693614348769188,0.2933808485046029,0.07454572841525078,0.4576481587998569,0.9460862444149006,0.34089089783043613,0.0,0.0009254106356209056
1.0,0.1784581478351445,-0.6228144593536854,0.09862588215619325,0.04089479759335518,0.35550033164210615,0.9524196597477196,0.3378780907986132,0.0,0.00010745511070918163
1.0,0.030513232967176177,-0.3705577187240124,0.35829102974385024,0.09199887052178383,0.06460324874147773,0.9531820147952346,0.27558768636587094,1.3900774687982948e-05,4.8216820445838645e-06
1.0,0.06467157052707458,-0.48787521943449974,0.20628450494259595,0.007637149840593338,0.27782797181047497,0.9556284208577289,0.2718336852530956,2.525127743233784e-05,8.758765876808553e-06
1.0,0.13437863912076764,-0.14304654970765115,0.5502842919901013,0.13899432793259622,0.606998508963734,0.932644667245208,0.32809211636200664,0.0,9.583315218880421e-07
1.0,0.1282908116595467,-0.4702450707554817,0.008239701390266418,0.06617817908525467,0.1559053677227348,0.9733789222003362,0.3183722075610086,2.023277480577583e-35,7.018026633972704e-36
1.0,0.07131222822344252,-0.12385990917682649,0.4155167374759912,0.11734050363302231,0.4942161178961396,0.941797297177716,0.29425839552184063,0.0,0.0014521867512352843
1.0,0.03680351256959986,-0.6411156117916108,0.26620479561388494,0.022940010130405426,0.5523347511421889,0.9289293953109118,0.2611287384739456,0.0,1.068702873043028e-08
1.0,0.17201371332256923,-0.3904397770762444,0.457899472117424,0.1543164536356926,0.2525950840860605,0.9508451063931609,0.363661109340213,0.00017426477783834228,6.04462247009094e-05
1.0,0.20100853584127004,-0.7963782697916031,0.3478204898536205,0.12047707080841065,0.31184561553411183,0.9378155847007829,0.3741742664731117,0.0,1.1273208506050977e-06
1.0,0.004418581121038212,-0.24706638604402542,0.0906484019011259,0.011639004349708557,0.640891021490097,0.9183455095679138,0.21681528236209824,0.0,2.993733956994625e-16
1.0,0.09155108621429377,-0.517248909175396,0.5400885533541441,0.08849067568778991,0.39668966433964664,0.9454015648668206,0.3132572610275891,0.0,0.002376696095952364
1.0,0.11104341160542575,-0.06364615559577942,0.19858182594180107,0.05986810147762299,0.1056209472939372,0.9816447435229579,0.2993568830822161,1.9881989175980912e-69,6.896351633071946e-70
1.0,0.12447477400518724,-0.6605040714144708,0.5823793910443783,0.004124142676591874,0.43925736040808255,0.9424113019035215,0.310379786514996,0.0,0.0012241257374502594
1.0,0.08095389867573198,-0.3078688204288483,0.17505915574729441,0.13298096790909766,0.13938905807211996,0.9684575928417124,0.3140277118468062,3.181869727804434e-25,1.1036769157925062e-25
1.0,0.015002962494963766,-0.4251735359430313,0.3244266729801893,0.04738175228238106,0.19289048080332577,0.945675431745798,0.2566404735452823,0.011738759714167568,0.004071756302072622
1.0,0.18758997656466167,-0.18074742108583453,0.13277405127882957,0.09598554864525795,0.5310330372862517,0.9421186478642832,0.3370544574666309,0.0,0.0005029897877276561
1.0,0.15379846905112962,-0.5873203933238983,0.26162019968032835,0.10982607111334801,0.5862299701292067,0.9334996133023317,0.33916065190488776,0.0,1.2236235342169116e-06
1.0,0.04580612959195366,-0.03175859898328781,0.518752521649003,0.07868405029177666,0.2950315997563302,0.9500082873653065,0.2744479103202263,0.005016255727650062,0.0017399598738882117
1.0,0.062322502527252036,-0.7019897654652596,0.06922017373144626,0.14183209761977197,0.046214050138369205,0.9548677608166286,0.31579655134920304,5.059666688549377e-08,1.7550175850881006e-08
1.0,0.14649316764630613,-0.2546372920274735,0.41076781153678893,0.030435369461774827,0.3750902443565428,0.9571504875110504,0.314044664543944,0.0,2.5997109575259847e-06
1.0,0.14585325176581596,-0.4840496875345707,0.2442271716892719,0.15354845389723779,0.09657310445792973,0.9633017673927287,0.35306714702069075,3.6423540439827003e-19,1.2634024713076717e-19
1.0,0.06336109601384995,-0.13512853607535363,0.51326645873487,0.02496411129832268,0.4058236048929393,0.9460664046071802,0.2676305299727225,0.0,0.00443947243905486
1.0,0.04475471321256241,-0.6053596846759319,0.06126057766377926,0.11561490282416344,0.612123315492645,0.9267459377076663,0.2838569851284547,0.0,1.387512357967216e-09
1.0,0.15445125648814287,-0.3513666041195393,0.3958850808441639,0.06665988609194756,0.34055049346759914,0.9567868817590915,0.330573510108369,0.0,1.540543354222209e-06
1.0,0.1866353036800452,-0.7571341775357724,0.5995664700865745,0.057843168526887895,0.24268401437439024,0.9429005114112488,0.3575332461644767,0.0004738661589807937,0.0001643672386308674
1.0,0.015559006437202257,-0.21113958135247232,0.1807145643979311,0.08925950303673745,0.5623272646404803,0.9280137776558872,0.2506091797415859,0.0,3.3672717059603535e-09
1.0,0.0804107262900166,-0.528444267064333,0.33229933865368366,0.011157538443803787,0.4657114271540194,0.9435923675135522,0.2810817835478798,0.0,0.002996415849611478
1.0,0.1254166239970104,-0.07737755700945854,0.14778035134077072,0.12220243588089943,0.18434257647022606,0.9753615096079725,0.3241549672217561,5.025361746906309e-36,1.743118426597034e-36
1.0,0.11010139129054841,-0.6992598541080952,0.34640566259622574,0.0967745292186737,0.3464073998760432,0.9490287369781579,0.32747803856937185,0.0,0.0010100359515328018
1.0,0.09209447758679311,-0.3440886251628399,0.07740557380020618,0.04533911168575287,0.07496437661349772,0.9756406428470792,0.2904701016411736,2.656874930502973e-56,9.215749794280012e-57
1.0,0.0038623668557455386,-0.4142711184918881,0.5293571669608355,0.1346886396408081,0.2858801342453807,0.936730971431798,0.2808612328102683,2.013925553082591e-05,6.985588139070821e-06
1.0,0.20196342771267048,-0.1665277697145939,0.19469232112169266,0.0036628061532974245,0.5952999918535352,0.937961614548365,0.3177143413755368,0.0,0.00012796975802200416
1.0,0.17136114487233994,-0.573222791403532,0.00974147692322731,0.03247838407754898,0.5026133534964174,0.9439605916554894,0.32507316418060594,0.0,0.0013395098621606096
1.0,0.03785475862593693,-0.02097827270627022,0.42863601408898827,0.14104274719953538,0.221372992657125,0.9534257405549974,0.29010979735213627,0.00017653062810154725,6.123216719512562e-05
1.0,0.07027385372362854,-0.738233957439661,0.27714214883744714,0.07914438277482987,0.12937451112084092,0.9537797439811609,0.30443562860387297,1.8691281970393548e-05,6.483337849135221e-06
1.0,0.12893055721698268,-0.29341751560568813,0.46161964908242226,0.10811939805746079,0.44918580964207644,0.9472649624514313,0.3268441890925352,0.0,0.0015506044827989364
1.0,0.13542054174098966,-0.7198351472616196,0.10722120646387338,0.01717577174305916,0.3233422115910798,0.9560970897639254,0.3155301585294764,0.0,4.8409295257837985e-06
1.0,0.06402834551296034,-0.27343779951334,0.37372823562473056,0.12572033539414407,0.6328965082578362,0.9290922080715563,0.29191279661988767,0.0,5.029487811266956e-08
1.0,0.03116855091813726,-0.5907552823424339,0.2241965314373374,0.05386136367917061,0.38623834610916674,0.939943532895587,0.26863118994573887,0.0,0.0004568793976473662
1.0,0.1774042009418054,-0.04006725549697876,0.5563683176413178,0.08277744069695472,0.11495764913037418,0.9617922341560418,0.34008065961014367,6.099587682959712e-15,2.1157290201758765e-15
1.0,0.19545007243244342,-0.4467507377266884,0.4367781104519963,0.11147170767188072,0.1647557178977877,0.95224270012133,0.36475970352451104,2.2850585154956353e-05,7.92605150597365e-06
1.0,0.010134335969473995,-0.19742667376995088,0.020083735696971416,0.06001694843173027,0.4840975716151297,0.9320360300367873,0.23606218123704492,0.0,2.1206558637299132e-07
1.0,0.098804031718948,-0.6676709651947021,0.4694506091997027,0.1594052205979824,0.5451197099406272,0.9311003648624381,0.3350938026706958,0.0,5.587927815233022e-08
1.0,0.1040318499861578,-0.31405603736639026,0.2871732713654637,0.02832121178507805,0.26345647996291516,0.9658218537332105,0.2950601784760378,5.768133700793065e-15,2.0007594770898833e-15
1.0,0.11890210230801047,-0.5109238862991333,0.5022197099402547,0.07250145465135574,0.5779561846982688,0.9344270316548848,0.31606816869931365,0.0,6.729210475922098e-06
1.0,0.08668075037529596,-0.05827646106481552,0.2356723381206393,0.1039761933684349,0.3068074680119753,0.9617420353489003,0.29917337262895904,0.0,5.106093116822921e-10
1.0,0.022269730019613094,-0.7755452886223794,0.3851131333038211,0.03583549410104752,0.055234248330816624,0.9412464768291869,0.27144726187253965,0.0002552980891083552,8.855378494368967e-05
1.0,0.18056771044558678,-0.23110699355602266,0.052980545349419116,0.14689950436353683,0.3649554297700524,0.953116414245967,0.35332272448176727,0.0,3.232861492188385e-05
1.0,0.16093929294221768,-0.6369608744978905,0.15384020749479532,0.1382065296173096,0.4294552450533956,0.9431305731273669,0.35438147082244653,0.0,0.0002849774136890839
1.0,0.03850803555163826,-0.3813868880271912,0.5704930951818824,0.00968104898929596,0.14792297732084989,0.9492648954045171,0.26067516386048417,0.0050929116719325195,0.001766549081932629
1.0,0.05667683333449936,-0.4515821784734726,0.12118050958961248,0.09029245734214783,0.20403107616119087,0.9587882751568759,0.2905214140800121,1.7484679466146528e-08,6.064810554055239e-09
1.0,0.15189747424405425,-0.10421751886606218,0.30350047890096904,0.04135731637477875,0.5235387966036796,0.9465512955936631,0.30799506943296484,0.0,0.002832904816269162
1.0,0.14862921187991235,-0.6180003769695759,0.5416603412479162,0.025041305869817735,0.17748804787173866,0.9575178340884566,0.32747271209809836,4.006906290359826e-08,1.3898526195996863e-08
1.0,0.05420665918000258,-0.3628229252994061,0.2011389322578907,0.15643758460879326,0.4773248907271772,0.9404209468892104,0.3013018053690547,0.0,0.0006392789367627906
1.0,0.04197483566821986,-0.49551841244101524,0.3493340380489826,0.06329655036330223,0.5691750668548048,0.9298388557387329,0.2718401048975644,0.0,5.594951153205012e-08
1.0,0.16360956208850666,-0.14775682464241982,0.09322741292417049,0.11443964764475822,0.23106389713473618,0.9689058146337333,0.3393851924958097,4.75673350651165e-21,1.6499408884776078e-21
1.0,0.18383440340444374,-0.5419876329600811,0.2648390281945467,0.08074484542012215,0.3330977029912173,0.9508732972801791,0.35059023399732847,0.0,0.00015468970741661144
1.0,0.024738334768824928,-0.08973708227276803,0.4551729843020439,0.052141496092081074,0.6243298052717,0.9230592152907714,0.24439013654836128,0.0,3.5773317947673644e-12
1.0,0.08321549533213443,-0.7695057608187199,0.006813119351863861,0.12775323703885078,0.41326457874849437,0.942739245621961,0.3175353530333027,0.0,0.0011236898572871028
1.0,0.11623337823514156,-0.2246708892285824,0.41281415708363056,0.018895332962274553,0.08435457990504802,0.974870800996099,0.29703961388266664,5.2371646985581856e-52,1.816585302500905e-52
1.0,0.10729932308543258,-0.4027901150286198,0.06770675964653491,0.04463685512542725,0.45604182895272966,0.9508748020110768,0.29514032828575165,0.0,0.0013002545427371912
1.0,0.10127497384793016,-0.15386293157935144,0.40818897038698193,0.09326048910617829,0.11776479250751434,0.9713088874660346,0.3089093894300974,5.460791990801712e-35,1.894153619655319e-35
1.0,0.006666746588025251,-0.6866070739924908,0.2600482955574989,0.006401203870773316,0.2145290081202984,0.9390649247054764,0.24798569475107357,0.00012471075027539134,4.325770317601555e-05
1.0,0.1927805712606398,-0.3325955636799336,0.5161952633410692,0.13523880422115325,0.5142348887305707,0.9336014895235517,0.35940908059851384,0.0,2.2534831965580857e-07
1.0,0.17413827291595071,-0.7258991144597531,0.3258531030267477,0.14893245726823806,0.6027490373700858,0.9250672925296445,0.3608160783922598,0.0,4.167419096761633e-12
1.0,0.028699153862575176,-0.2798982955515385,0.13547651544213293,0.03755495637655258,0.2736721537541598,0.9494909325830702,0.25291299426042224,0.00561804144130535,0.0019486978352859464
1.0,0.06749436548912413,-0.5597159750759602,0.5837453283369541,0.10194354444742203,0.06752198476344347,0.9525862370436304,0.3083170219867378,2.446980737154149e-05,8.487701835767803e-06
1.0,0.13808847350750833,-0.00863102599978447,0.17778577767312526,0.07078168839216233,0.35862210675142703,0.9628466850498169,0.3101736914134088,0.0,2.676577649683358e-10
1.0,0.13184296529684011,-0.5796773791313171,0.38101231064647434,0.12423503234982491,0.2518468158878386,0.9555403391621897,0.34297889027001927,4.0826756049991346e-06,1.416134287501448e-06
1.0,0.07398435001313111,-0.02704814523458481,0.03833115343004465,0.01287740483880043,0.5519756747130304,0.9392830053244465,0.24920898274563164,0.0,0.00048482292965943135
1.0,0.03474220993204064,-0.7068040266633034,0.4887440884485841,0.08722660258412361,0.49571919774636625,0.9289375176772753,0.2873053303710934,0.0,2.9278810555666504e-09
1.0,0.16745206520815104,-0.26237190663814547,0.2303981741890311,0.05612360611557961,0.1579116424638778,0.9729840291940868,0.33069611736774507,2.4703118882481576e-34,8.568629262356973e-35
1.0,0.19905254037436826,-0.6556898579001427,0.12528131436556578,0.06993979319930077,0.10274961410090327,0.9551421733104051,0.35624456515948444,7.223577177625677e-08,2.5056008141138673e-08
1.0,0.00015339130779816357,-0.3001342535018921,0.31814988870173694,0.1185825376212597,0.3936874461639672,0.93451415706506,0.2640309572078071,0.0,1.966599205097382e-06
1.0,0.09520543254353955,-0.43281659781932835,0.16731577534228562,0.021684510558843614,0.6451111242361367,0.9325133434194428,0.27889320169917975,0.0,3.4540116366580025e-06
1.0,0.11400887721758748,-0.18545792251825333,0.5757673127576709,0.15058051273226739,0.31589991063810885,0.9528181256375405,0.3325167694612945,0.0,8.197982434236827e-05
1.0,0.12250340232042094,-0.7885885447263719,0.20954671036452055,0.10608644396066666,0.5351522056385875,0.9348988609624816,0.330872426923738,0.0,4.726591799774108e-06
1.0,0.07670097364313452,-0.24220957905054094,0.5522682102397084,0.0774249216914177,0.19717660210095347,0.959240926220707,0.29855110698637377,3.4019091228764773e-09,1.1800007196188628e-09
1.0,0.01867074153436652,-0.5220141157507897,0.10194632727652787,0.14307539492845536,0.13630276918411255,0.949230126245423,0.2885686116158016,0.004584067241156365,0.0015900491306399223
1.0,0.19054512698685458,-0.07133207321166993,0.3602530432865024,0.0341981515288353,0.4363031381648034,0.9503411051083319,0.325569184853309,0.0,0.0007293136655144816
1.0,0.1573628844275825,-0.46547981649637227,0.484100448153913,0.0003832662105560303,0.3771619740873575,0.9524151957329499,0.31873873619526283,0.0,0.00024211086368367118
1.0,0.04846287212229465,-0.11617394387722016,0.29127336088567973,0.13172060906887054,0.04778140331618488,0.9639324726897109,0.2966473160636598,5.410433731759165e-24,1.876686138966501e-24
1.0,0.06025088165824088,-0.6489052891731263,0.44205304328352213,0.048618955612182616,0.29458903435617684,0.9468625170137913,0.2908117646155539,0.010990510952354985,0.0038122155426045363
1.0,0.14194494920056175,-0.39529653638601303,0.033558874391019344,0.09974225580692292,0.5853970676567406,0.9389146439117396,0.32128478043125097,0.0,0.0002137667926714649
1.0,0.14065828664870095,-0.765714980661869,0.42600317168980834,0.07614574566483498,0.46918297651223834,0.9384793550811557,0.33607688731264185,0.0,5.7258541272417105e-05
1.0,0.058988356316343984,-0.2152311533689499,0.016484814696013927,0.10721056655049324,0.17856500446796417,0.9640842924947055,0.2885387809566682,2.037239070380752e-15,7.066454400323032e-16
1.0,0.0499496520968856,-0.5447886466979981,0.46836316566914316,0.03282199159264564,0.23951322755776347,0.9487705959736189,0.27847424654985375,0.007813781310107322,0.002710321538829021
1.0,0.15882396995285702,-0.09860789626836777,0.2745095567777753,0.1442965491116047,0.5678087280318141,0.9388896804154733,0.3359519270917235,0.0,0.00011602520247103748
1.0,0.1886161024417121,-0.49270516335964204,0.08003837261348963,0.13059739753603936,0.6278085195925087,0.9289474301024709,0.35060398619544064,0.0,4.463857547660802e-09
1.0,0.016767411438540467,-0.1388982430100441,0.33966235276311635,0.00166152223944664,0.3273202377930283,0.9410958833127622,0.23296452402592482,0.0,0.0005157489533150691
1.0,0.07842990509741175,-0.6217789277434349,0.18794876094907523,0.09852080151438714,0.080587142361328,0.9612452531205641,0.31147975287737306,1.27621741823953e-15,4.426742213029586e-16
1.0,0.12420819656473424,-0.3722748875617981,0.5319897869601845,0.049995425790548324,0.419349964633584,0.9490789308658976,0.3131185326178846,0.0,0.0016507417315645074
1.0,0.11208218853147375,-0.550407062470913,0.183346183039248,0.014177003800868988,0.12391456988640129,0.9709018469462996,0.3005127345491041,1.8709196433368202e-32,6.489551736231583e-33
1.0,0.09330288106738976,-0.006173503398895264,0.5928241973742843,0.12309288054704666,0.4523397282324731,0.9441961016140336,0.30654566910046743,0.0,0.002355524443876941
1.0,0.0018815441423991402,-0.7357796519994736,0.14103804286569357,0.05748117417097092,0.508372889244929,0.9242012588800903,0.2538392186044852,0.0,8.074308232866531e-13
1.0,0.20075499875965278,-0.2833489790558815,0.33493085000663997,0.08602652937173844,0.2179241334833205,0.9572965831031404,0.3539698979324096,5.076037050651447e-08,1.7606958787647203e-08
1.0,0.16616618127596647,-0.676714301109314,0.5106348680332303,0.11972437918186188,0.2723718062136322,0.9453226867338781,0.3606527309163293,0.0009208904555569585,0.0003194239942919278
1.0,0.03348202044917252,-0.3291571125388146,0.2509694008156657,0.06864049434661866,0.6112632683105766,0.9270930182990649,0.2589173796992752,0.0,2.2928061874942406e-09
1.0,0.0754687941286933,-0.41208679825067523,0.40262741725891826,0.15178150594234466,0.3596161288488656,0.9487938343582577,0.31969350822415654,0.0,0.0014302062658635237
1.0,0.13330327220243837,-0.1563326805830002,0.05862902272492647,0.02032603144645691,0.059296045284718275,0.990358880449301,0.30046215446067703,4.909763650948469e-132,1.703021577595601e-132
1.0,0.13981817141552935,-0.4304063580930233,0.5631739318370819,0.09438244149088859,0.5482224352937192,0.9358929450596964,0.33044726669593005,0.0,1.3161799311164101e-05
1.0,0.06919836894782874,-0.17619633451104166,0.1558948639780283,0.04335741862654686,0.25789880618453026,0.9621600181600787,0.27522033331285034,7.61485867859916e-11,2.641322385750641e-11
1.0,0.0267708957711765,-0.6590901620686055,0.30555538572371005,0.13645907565951348,0.16135805196128786,0.9445886441291333,0.29783562847177814,0.007568318928848033,0.002625179409494181
1.0,0.17223415203451595,-0.3099644653499127,0.11386152505874633,0.005023476928472519,0.48995483990758654,0.9494839798269038,0.3126646382447751,0.0,0.0015617055238457132
1.0,0.19426656044962204,-0.7034159041941166,0.24299152716994285,0.038835313469171524,0.4021411214675754,0.9436450168393835,0.34705078276453827,0.0,0.0004694948841127515
1.0,0.008128598567043585,-0.25252951607108115,0.5001650076359511,0.14780959442257882,0.10136089641600847,0.9455238213623613,0.2834209164409325,0.011274730458173862,0.00391080113360128
1.0,0.09998752051046064,-0.5820998065173626,0.050925664231181146,0.07215910568833352,0.3077343813609332,0.9580658141178574,0.30860451292078206,0.0,3.080080662277062e-07
1.0,0.1060375641972795,-0.036297548562288284,0.3924320720136166,0.10072357371449471,0.6461936619132758,0.9325895960639454,0.29681563016739976,0.0,3.1581850697697484e-06
1.0,0.11771858880444756,-0.639415179938078,0.02740396186709404,0.15529456079006196,0.1981930030602962,0.9594490971625154,0.34438252728271324,6.881467119646014e-10,2.3869350590852615e-10
1.0,0.084675011452124,-0.3914554245769978,0.4347222279757261,0.026339343786239623,0.5269219212792814,0.9396484497199803,0.28326281810747234,0.0,0.0005913856297333737
1.0,0.02345321729038418,-0.4743979074060917,0.28511728160083294,0.1132373958826065,0.43499720954336224,0.9362498828761593,0.278658292594697,0.0,2.439882781768231e-05
1.0,0.18257342313596692,-0.11902228817343713,0.4767707996070385,0.06465384483337402,0.1448406151868403,0.9644389621313841,0.3389691703477721,7.270249429080919e-18,2.5217897504769985e-18
1.0,0.16533692413749893,-0.5131082065403462,0.3664079636335373,0.05084315747022629,0.04195279941894114,0.9663174826250605,0.3364396408080641,1.3108680321338464e-31,4.5469328114661216e-32
1.0,0.04367806050724822,-0.06847155019640923,0.10927711464464664,0.08188817888498306,0.38054290132597085,0.9480603074112951,0.2645985612125784,0.0,0.003708111244296609
1.0,0.05227917970828016,-0.7980908416211605,0.5584242615848779,0.017538948953151702,0.5915337376762182,0.9231422128893985,0.2793060155597791,0.0,1.2845293962735189e-12
1.0,0.14672742685750637,-0.246038506180048,0.2168763667345047,0.12895456820726395,0.29091923845931883,0.9625797358391478,0.3396165988277621,3.702294749983132e-11,1.2841937604515687e-11
1.0,0.15063494890215737,-0.5316475853323936,0.13810924272984265,0.10275594010949135,0.4071338943019509,0.9504863369994736,0.33857153396370465,0.0,0.00039641366097693256
1.0,0.05539017078263855,-0.08740780353546143,0.31910972166806456,0.07387920215725899,0.08803031592629851,0.965123927457415,0.2803333414456701,2.124781649256966e-22,7.370108326221762e-23
1.0,0.03996912107691278,-0.7545269459486008,0.17104228902608157,0.14577753201127053,0.33952914543449875,0.940227088360431,0.3058464003764916,0.0,0.00030889959335244786
1.0,0.1624260729168086,-0.20207803398370744,0.586378019861877,0.03711491301655769,0.6203579651843757,0.9329093986113439,0.3159447641481302,0.0,1.9982564569420895e-06
1.0,0.17866438034976073,-0.6079791426658631,0.40555619951337574,0.00830361172556877,0.5561862292885781,0.9358492568999084,0.3284458728487527,0.0,1.3579556889186276e-05
1.0,0.02034070547447061,-0.36041592210531237,0.07445016894489527,0.1394264827668667,0.24635875734500587,0.9482996952417189,0.28254517612104324,0.009030761557175155,0.003132448502081862
1.0,0.08838554461960928,-0.48085860162973404,0.5229387084022165,0.040076977461576464,0.19017612289637328,0.9582841115453915,0.2993617430944465,2.208398527361027e-08,7.660145398851293e-09
1.0,0.1206310337622877,-0.12508605420589447,0.2574156319722533,0.09141534075140953,0.4623261391278356,0.951374402711898,0.3094951221693488,0.0,0.0007797746538670269
1.0,0.10212929851000802,-0.7469554081559182,0.4525413220748305,0.12692260712385178,0.0715130245871842,0.953469457431135,0.3347879017807648,3.1742150034624816e-06,1.101021765432598e-06
1.0,0.09687734303283428,-0.2964655488729477,0.2715811857953668,0.015818494856357574,0.35217611850239333,0.9585753110077834,0.2854468896124599,0.0,4.5228120550746575e-07
1.0,0.011836794354758538,-0.5635360360145569,0.41955656502395866,0.08392044633626938,0.5990575966052711,0.9207680875194376,0.26538994846316033,0.0,1.9107886137634858e-14
1.0,0.19717822526704437,-0.017336855828762054,0.004181635938584804,0.052563305199146274,0.27982319687493146,0.9642509218633556,0.3305861444765781,3.7943906885977744e-13,1.316138550836611e-13
1.0,0.1761440114589373,-0.42397010028362275,0.2037706224247813,0.06137331426143646,0.2295434690080583,0.9634968934457554,0.33966246814360035,1.0220395970364551e-13,3.5450901726682654e-14
1.0,0.0298826669859527,-0.17015695720911028,0.5349181400611996,0.11027035593986512,0.5015264504868537,0.9325139172289257,0.2740866688245299,0.0,7.302920224704267e-07
1.0,0.0654886524185586,-0.6905506357550621,0.08648503292351961,0.02961957037448883,0.4407277735508978,0.9421227638734322,0.27881002487106477,0.0,0.0017873877641862799
1.0,0.13690498585655184,-0.34102835655212405,0.3519654778763652,0.1582619047164917,0.1307681713346392,0.9644319227956646,0.34763664231858304,8.97432567797882e-19,3.112872912123802e-19
1.0,0.1306345606756873,-0.6706686727702618,0.2985924784094095,0.04671528980135918,0.6387535606697202,0.9302077410482539,0.31393670794932493,0.0,1.2427986727997363e-07
1.0,0.07200355163164959,-0.3227271087467671,0.4820456743240356,0.09555339559912682,0.3199514515604824,0.9523207079943827,0.3010271227572112,0.0,0.0003186101719893192
1.0,0.03595063774450218,-0.4431566454470158,0.0315040647983551,0.004941962212324143,0.10881223253905772,0.9572298986790132,0.2523512296597944,3.473361640590647e-09,1.204785044912658e-09
1.0,0.16943288678094126,-0.18778720125555992,0.4493720535188913,0.13356449946761131,0.3899355043005198,0.9486687610134688,0.3488528668103055,0.0,0.00046685377012023645
1.0,0.20342527969168883,-0.5943371899425983,0.5449491184204817,0.14226418152451514,0.4831084920465946,0.9284214972648193,0.37318654022204245,0.0,2.9255424881331816e-11
1.0,0.0053483560447277955,-0.049718915671110156,0.21160143837332726,0.031101896315813064,0.17297729658894243,0.9459854885144309,0.23606762503532142,0.00888750791760588,0.003082758933173909
1.0,0.09083271869864003,-0.7168252609670163,0.36230787858366964,0.10924262776970864,0.2647524621710181,0.9509199737285557,0.3236791052013904,0.00110437085247878,0.00038306678796556855
1.0,0.10881393795307889,-0.2647789098322392,0.094627271220088,0.07786614730954171,0.5366104260738939,0.9445480203559838,0.29829266435929647,0.0,0.003040662677743306
1.0,0.12687614011699996,-0.4616597555577755,0.3108295451849699,0.023606563210487368,0.2983625029213726,0.962022267267318,0.3091912218031453,3.6332688013872334e-10,1.2602511252800965e-10
1.0,0.08189593685932259,-0.10746811404824258,0.1273371510207653,0.15474854469299318,0.5793175764475018,0.9375615653675827,0.3004420274311499,0.0,0.00015147896976857512
1.0,0.014298026168725437,-0.6278489954769612,0.5778233282268047,0.06536026895046235,0.3730924014560878,0.9316906738570849,0.27218657350925446,0.0,1.5664772951707828e-08
1.0,0.18535018620160446,-0.37872928306460385,0.15999568216502666,0.11675703406333923,0.0541616525221616,0.9639504607799126,0.3559550184705912,6.714898051899957e-25,2.3291582012365647e-25
1.0,0.15615448132717125,-0.7846449829638005,0.045651451125741004,0.0880584916472435,0.15168605407699942,0.9580101934937957,0.34686568498394255,1.6485773982215639e-09,5.71832593400959e-10
1.0,0.046482075261554685,-0.23377678617835046,0.3789564996957779,0.05920162707567215,0.4233748016972094,0.9432699271750955,0.2691743074481239,0.0,0.0027564776034753767
1.0,0.06145931099144397,-0.5008341304957867,0.22834211289882658,0.12106061428785324,0.5200650293566287,0.936991993840533,0.2979209054848383,0.0,7.428422443686041e-05
1.0,0.14392577229409353,-0.05503804758191109,0.49606420733034606,0.01245685487985611,0.20980417602695525,0.9681427496441415,0.304769781150915,8.161752201933085e-21,2.8310202077028135e-21
1.0,0.1436254079682309,-0.5018706150352955,0.32047066166996957,0.09159860461950302,0.18334735566750168,0.9642415785097835,0.33608441316987014,5.87509723283439e-16,2.03786130439414e-16
1.0,0.06195897838293397,-0.0539290837943554,0.1369771208614111,0.04051505357027054,0.46432645329274236,0.945059432919107,0.2583803779975198,0.0,0.003967823173152071
1.0,0.04697940603364514,-0.7868585906922818,0.5875181581825017,0.13990332335233688,0.5631761774979532,0.9224239915609675,0.31053098311342786,0.0,8.701996956279826e-14
1.0,0.15585645209996657,-0.23148917332291605,0.16969165876507758,0.008448106348514558,0.2442205318529159,0.9728215767908205,0.3112997380074445,7.156054499483596e-27,2.482179609748804e-27
1.0,0.1856505261956022,-0.6256352715194226,0.07352865189313888,0.03730274498462677,0.3416748517565429,0.9524967786505727,0.33997762889665284,0.0,8.52339366444814e-05
1.0,0.013798334445370555,-0.38101701214909556,0.40683485157787797,0.14621836423873902,0.6133791518677026,0.9216462288415371,0.2773592669980096,0.0,2.0938732125511868e-13
1.0,0.08139858175536725,-0.4606233395636082,0.25612898357212543,0.07435939013957978,0.405143406111747,0.9497489783328266,0.29772520381331546,0.0,0.0018424506436794984
1.0,0.12717414501233976,-0.10857700929045677,0.5238499268889427,0.10290441155433655,0.0948678729031235,0.9669988647919291,0.32185705679850773,3.2143662612661415e-27,1.1149488021024822e-27
1.0,0.10911466725691481,-0.7179593123495579,0.2701476529240608,0.15872409239411353,0.4474832050129771,0.9399049590870575,0.34096221577472663,0.0,0.00011936094514818507
1.0,0.09033263766544702,-0.26376769170165065,0.4535997111350298,0.029788493663072586,0.1286969210859388,0.9676927190422501,0.29017633791118236,7.858050861769879e-25,2.72567706448599e-25
1.0,0.004852168870286844,-0.5966485552489758,0.00311296172440052,0.11039989486336708,0.2226314377784729,0.9424003203486793,0.2708894257485207,0.003725863530218292,0.001292368928168719
1.0,0.20372211665751422,-0.04752885773777962,0.4209820881485939,0.061874871999025347,0.503740338711068,0.941110202827607,0.33546143381419957,0.0,0.0003341067946499947
1.0,0.16913213314524048,-0.44084535464644437,0.5359122611582279,0.053019093722105025,0.5968339005857707,0.9324346669174431,0.3308202541462437,0.0,5.636323527710909e-07
1.0,0.03645069444583031,-0.1899771846830845,0.202565723285079,0.08408356174826623,0.2867264201771468,0.9517126126314195,0.270584523181004,0.0016822835720527863,0.0005835240607329288
1.0,0.07249971447422567,-0.6695344991981984,0.35318068228662014,0.015942855328321456,0.07357677582651376,0.9563937070830943,0.2850742880489813,1.1453376466997887e-08,3.972767050783438e-09
1.0,0.130337699377997,-0.3237384490668774,0.08549893274903297,0.12741713628172874,0.3454095703270286,0.9596591608916278,0.3314796016587649,0.0,2.7417570067456473e-08
1.0,0.13640529489356773,-0.6879456102848054,0.48091298583894965,0.0777161568403244,0.2627602742053568,0.9519704508480986,0.3365578451482095,0.0003037588467858175,0.00010536309020941333
1.0,0.06578899317292716,-0.34370586127042774,0.29995398726314304,0.10876151204109193,0.5434357210341841,0.937165189029291,0.29215811009220294,0.0,0.00010633283014686196
1.0,0.030180671120921713,-0.4233249738812447,0.44802084770053624,0.030659549832344056,0.48524317255243654,0.9330650391147953,0.25797873435690166,0.0,1.0433837869845092e-06
1.0,0.17564665559461118,-0.17087608873844148,0.032644780911505224,0.14207542657852174,0.16599554729647936,0.9672888191196535,0.35195783917962087,3.4725635324669323e-22,1.2045082097220906e-22
1.0,0.1976778918981636,-0.5641810461878777,0.21288065928965808,0.1334215185046196,0.11578531933948397,0.9514289913772478,0.36992581025628946,2.4846238688812234e-05,8.618272409296519e-06
1.0,0.011536429268525099,-0.01661784052848816,0.5440270347520709,0.004466044008731842,0.3877908705640584,0.9337355164887042,0.22816980681162857,0.0,3.942369398518453e-07
1.0,0.09657931456600038,-0.7495605021715165,0.09553906749933957,0.0951168379187584,0.6319172944314778,0.9283587685395039,0.3089754270446382,0.0,1.2792225570263263e-08
1.0,0.10262663004246925,-0.29378797560930253,0.36102065462619065,0.04653295308351517,0.3219359950814396,0.9600704308707775,0.299244936376435,0.0,1.6424282080447387e-08
1.0,0.12113108970324506,-0.4781558305025101,0.12839496452361346,0.011960783451795578,0.5221352070197463,0.9450079329925243,0.29456107296773104,0.0,0.0034284822377198734
1.0,0.08808479022353771,-0.12766599208116533,0.30939659010618925,0.12093534097075463,0.20305447108112276,0.9671857145032927,0.30980447621539453,3.5060058978896014e-19,1.2161081713433875e-19
1.0,0.020043844937151098,-0.6072364613413811,0.1614206386730075,0.05903698369860649,0.14947811052203178,0.9479478229159156,0.2659612934794431,0.009621447234160333,0.0033373362573790146
1.0,0.17916054395270758,-0.36103729605674745,0.576755222864449,0.08760180458426475,0.43028554218821224,0.9421888405830978,0.3465498099896228,0.0,0.00029471499657683214
1.0,0.16192599264398638,-0.7552697017788887,0.37775217834860086,0.11625700488686562,0.36619265042245386,0.9422225963027542,0.3568602309544564,0.0,0.0001590285555698413
1.0,0.040269851141119466,-0.2014565855264664,0.046644996665418145,0.06523162916302681,0.05637722234241664,0.9619033041647631,0.26519074602584225,4.103619677176722e-19,1.423399037778021e-19
1.0,0.055687006988093174,-0.5343502342700959,0.495078676007688,0.15458116427063942,0.30512085217982526,0.9448885338111729,0.31669801577579737,0.0,0.0019779130059391927
1.0,0.15013876096734563,-0.08482798784971238,0.22955675069242715,0.023145288974046708,0.5772573701944202,0.9426940566924761,0.2980407633338189,0.0,0.002042392070462585
1.0,0.14722711858086124,-0.7992059387266637,0.01776292584836483,0.049500281512737276,0.0832488373387605,0.963986962782018,0.3318417661465157,6.943320676432103e-22,2.4083898478177805e-22
1.0,0.05197883971428238,-0.24499588832259178,0.42508233860135075,0.09839704662561417,0.4119901266507804,0.9444514335976663,0.28576768075462866,0.0,0.0034389937008806573
1.0,0.04338005561190843,-0.515389745682478,0.27542238906025884,0.0014990219473838807,0.6249913883302362,0.9258123575623167,0.25212788433189537,0.0,3.619854522517617e-10
1.0,0.16583427924145427,-0.06626401618123055,0.46707476042211055,0.13014100342988968,0.3348215502686798,0.953693226888792,0.3441957956865559,0.0,2.6676364774164325e-05
1.0,0.18207375574447693,-0.4721162997186184,0.33853070028126236,0.14379559695720673,0.2320032707694918,0.9516191999824873,0.3659814808594384,7.409076036636722e-05,2.5699437401637055e-05
1.0,0.02375358161624684,-0.12122989073395729,0.08139870017766952,0.032691837549209596,0.5706158878840506,0.9284283726669681,0.23074881231203737,0.0,5.170256479091331e-09
1.0,0.08497304067932868,-0.6383001990616322,0.5306374713778496,0.10704103767871857,0.4765318250376731,0.9367655969971936,0.31673388332726515,0.0,2.8318374290615427e-05
1.0,0.11722125803235711,-0.3924979262053967,0.18909072764217852,0.07568417310714722,0.1758956832252443,0.9719105634395454,0.3157756648457628,1.0698639243359019e-29,3.710975675749883e-30
1.0,0.10553750749595138,-0.5831171460449696,0.5916188377887011,0.020178165584802628,0.35703235085122287,0.948037215818883,0.30462703024651006,0.0,0.002554751207448685
1.0,0.10028827414616143,-0.0351573757827282,0.1843409076333046,0.1513007028400898,0.06673154599964619,0.9765908021032406,0.322139349758637,3.890036274376379e-59,1.3493145869888088e-59
1.0,0.008425459864733873,-0.7055998764932156,0.33394642621278764,0.06819905653595924,0.27511560170911253,0.936637412295795,0.2691707148251029,1.4422802524813026e-05,5.002754848374613e-06
1.0,0.19377039760704598,-0.2502242363989353,0.14225142784416675,0.11953716233372688,0.6036910197511316,0.9335137477127512,0.3447567890466494,0.0,1.0728473606620185e-06
1.0,0.17273423306770896,-0.6569063119590283,0.2520283218473196,0.08588141962885856,0.5159561090823263,0.9372233781542141,0.34528242853263647,0.0,1.7598028677544975e-05
1.0,0.026470166467340597,-0.31226962283253673,0.5092006601393223,0.057004939168691635,0.21518798243254422,0.9467460462826768,0.26599448715571405,0.012583765895803265,0.00436485875319554
1.0,0.06890153198200333,-0.42938894405961037,0.06005294099450111,0.12265541955828667,0.1164877316635102,0.9654637523033353,0.3056504646314696,6.300496463835733e-21,2.1854170975019902e-21
1.0,0.14031435858997032,-0.1773365817964077,0.40156049095094204,0.013993134349584579,0.45493345946073527,0.9517141303727087,0.3018389911619753,0.0,0.0007488065943338829
1.0,0.1336036372886718,-0.40941542685031895,0.1549745997413993,0.10118424236774445,0.3150908561516553,0.9611415163062432,0.32971763647207064,0.0,8.844805857576949e-10
1.0,0.07496912749757408,-0.1589315727353096,0.5644514763727784,0.07232710123062135,0.6435399840585888,0.9281507767797514,0.2814991465520543,0.0,1.7619579452797195e-08
1.0,0.03298468891671129,-0.6759890958666802,0.11257369760423898,0.14793883979320527,0.3946480442676693,0.9380306639937743,0.29787080246881736,0.0,8.141459912501595e-05
1.0,0.16646420974280038,-0.3298083126544953,0.3064676424488425,0.03933472752571106,0.10417444633319975,0.9732091058337458,0.3278742822987065,1.8908480519767393e-41,6.558676265096363e-42
1.0,0.20045465800528423,-0.7365047886967659,0.5015247685834765,0.005480779111385345,0.1585520010534674,0.9491090310781237,0.35050765933524186,0.0007546143795869018,0.00026174876482131627
1.0,0.0023812351053832423,-0.28269784748554233,0.24186044353991745,0.1366231134533882,0.4974590338207781,0.9293146474740356,0.26488650584721285,0.0,7.186672219264156e-09
1.0,0.09380023693171587,-0.5530785501003266,0.39357346314936875,0.0434820768237114,0.5508859209436924,0.936952275386986,0.29651603589601805,0.0,8.430976739437471e-05
1.0,0.11178418439650474,-0.003574495017528534,0.04957392644137144,0.09487911850214005,0.2505511393211782,0.9715302158963564,0.30544603013789984,2.0646152399361503e-23,7.161412550611466e-24
1.0,0.12390746650052756,-0.6192051112651825,0.43571753036230804,0.12913752004504203,0.5841039998363704,0.9311536342478123,0.33504371193086824,0.0,9.977304038938904e-08
1.0,0.07892998537023398,-0.37497153729200366,0.026198026724159718,0.017974901050329208,0.29350190751254557,0.9604577227634192,0.2752876492803841,1.2308692611256562e-08,4.26944565955047e-09
1.0,0.017263599373352197,-0.4920777037739754,0.47798475343734026,0.08236348196864128,0.04952386631630361,0.9448209278276938,0.2714742949923711,0.00913809494484353,0.0031696786190876683
1.0,0.18831926623625747,-0.13964700996875765,0.2841322911903262,0.05098674401640892,0.3778049414232373,0.9553167219979901,0.33213868483058706,0.0,1.2180408028841182e-05
1.0,0.15912472434892858,-0.5454162284731865,0.1078423311933875,0.06484199419617653,0.43772534347139297,0.9491915132184756,0.33131271147780805,0.0,0.0008947094451341057
1.0,0.049449596155928255,-0.09785900712013246,0.36746746245771644,0.1136803574860096,0.13726075854152442,0.9610610871391021,0.2902537147975538,8.842168208163024e-13,3.0670322080212326e-13
1.0,0.05849219271339714,-0.7682887226343156,0.21580887380987404,0.026821065098047256,0.19560285317711532,0.9510745888824225,0.2841090243762735,0.0015398823463022217,0.000534130163720714
1.0,0.14095514718602045,-0.21253457814455035,0.5598487487062812,0.15544393613934518,0.5343405242264271,0.936718439502898,0.34030924023736053,0.0,1.6864881837681087e-05
1.0,0.14244191575504975,-0.6483792826533318,0.19992397595196962,0.019352947473526002,0.4201415668800473,0.9500036451053336,0.3168804459768315,0.0,0.0010810005276515587
1.0,0.059953266833109996,-0.39575006365776066,0.5426466224715113,0.12791695773601533,0.08218038870953023,0.9554076615478057,0.30942024369162724,1.4525563836875621e-07,5.0383990757196136e-08
1.0,0.04816292067776422,-0.46300592720508577,0.09223311524838208,0.05226647138595581,0.32638174585998053,0.9502829889661021,0.2718829728463166,0.0,0.0016233674649938643
1.0,0.15786218608072847,-0.1185738280415535,0.35053868461400267,0.08124121010303498,0.626366235120222,0.9353579663600902,0.31851855377696325,0.0,2.0878326491891718e-05
1.0,0.19004818476423146,-0.5244878828525543,0.45624148640781637,0.11489999920129776,0.5671462632715703,0.9296815375902865,0.3565015958499965,0.0,3.3701580285116092e-09
1.0,0.018968380691362287,-0.06893231123685838,0.26341324802488086,0.06346485823392868,0.23779084372334183,0.9485081329547824,0.253356430331221,0.008012653180356911,0.0027793030846405796
1.0,0.07700094941952983,-0.7891146257519722,0.41424793358892203,0.1565665176510811,0.17967221047729254,0.9470641046978148,0.33325796213960956,0.0034906165458045957,0.00121077015498879
1.0,0.12200412499913985,-0.24175597727298737,0.005754915811121464,0.025541037023067474,0.47045654690824446,0.9524218291811304,0.28994937993100234,0.0,0.0006471392502895083
1.0,0.1135123243048025,-0.43238814622163774,0.4094755182042718,0.07097012624144554,0.06057166086509824,0.9693126024264934,0.317184330938323,1.243723268526376e-37,4.314031618301796e-38
1.0,0.09550268239069719,-0.18600920736789706,0.06679549869149923,0.10238620325922966,0.3607253618631512,0.9592737055851778,0.30237045665086426,0.0,1.715692816994796e-07
1.0,0.00045453501370785814,-0.6533137142658234,0.5171168094500899,0.03803698047995568,0.6095429114811123,0.9156446292051871,0.2521282688769034,0.0,2.1086977590333966e-19
1.0,0.19855209512357277,-0.3026317045092583,0.2587697574868798,0.14908154413104058,0.2717113866377622,0.9509435169240351,0.36729170136895206,0.00013603828551605118,4.718682040187038e-05
1.0,0.1679486424528009,-0.7091802388429642,0.1343364106491208,0.1354214532673359,0.21647982200607657,0.9520195983311244,0.3620694368996257,5.848498202785697e-05,2.0286350512918544e-05
1.0,0.03444498441674789,-0.2598743870854378,0.32720384281128645,0.006837444454431534,0.5074323521275074,0.9342240691217054,0.24335559343013202,0.0,4.620220804150557e-06
1.0,0.0736832306390863,-0.5801057144999504,0.17642473261803387,0.09373550370335579,0.4539309293963015,0.9432901184116026,0.2998322345314317,0.0,0.0021559089814801105
1.0,0.13234343487950045,-0.026496976613998413,0.5848774122074246,0.04478074446320534,0.1247041451279074,0.96616057600299,0.3079658964776244,7.117517587691089e-23,2.468812532027281e-23
1.0,0.13838611342487486,-0.5617984585464001,0.0393168568611145,0.15007987767457961,0.647284279204905,0.9292214337147168,0.33549908390287553,0.0,2.0854341115536156e-08
1.0,0.06699742402687181,-0.006621021777391434,0.3797979298979044,0.021554044187068938,0.30902861266396936,0.9557017262439832,0.26480882577339004,0.0,1.243542169879715e-05
1.0,0.028199875780923308,-0.7268164910376073,0.2316022519022226,0.11841332107782364,0.10071909256279468,0.9462773268486199,0.2934450600051002,0.01082910910772227,0.0037562310098215508
1.0,0.17443824793197524,-0.2790549241006374,0.48775035738945005,0.0694779035449028,0.4004021489154547,0.9491474861715145,0.3374325917586345,0.0,0.000688127489727422
1.0,0.19248295567513812,-0.6856895752251149,0.3167246840894222,0.05562814950942993,0.4889956870675087,0.9368782744423283,0.3483848044673973,0.0,9.08121486134165e-06
1.0,0.007163712382142459,-0.3334390573203564,0.12634923867881298,0.08710316479206086,0.1599323562067002,0.9476257111745069,0.26039229287544086,0.010488116305266838,0.0036379527908131496
1.0,0.1017742762614469,-0.40070770606398587,0.5747096758335829,0.012714587450027466,0.2587069971486926,0.9573933717437003,0.29611969448343445,9.12871065650295e-07,3.1664235447764455e-07
1.0,0.10699937240127293,-0.1558728612959385,0.1687489829957485,0.12377895057201385,0.5497950207348913,0.9425388580065498,0.3078628553485163,0.0,0.001564634638400676
1.0,0.11593615195947803,-0.7714904867112637,0.5513563804328442,0.09959744885563851,0.29249386908486485,0.945560489718534,0.33571048680977233,0.0032123148575307564,0.0011142372434462852
1.0,0.08371207181641352,-0.22256333008408546,0.21083382479846477,0.048142432123422625,0.5923439556453377,0.9371629826729428,0.2756202313891519,0.0,0.00015524740868498886
1.0,0.025238805111856062,-0.5428074426949024,0.35897392742335793,0.13128343656659128,0.3791192325763404,0.9379534163164515,0.2903557279737654,0.0,7.420552178440661e-05
1.0,0.18353328479076972,-0.08879596516489983,0.1028684489428997,0.00019909396767616274,0.04099569176323712,0.982352735284975,0.32200539282121554,7.127796176771698e-102,2.4723778073105345e-102
1.0,0.16390681269603508,-0.49469867125153544,0.29262466728687286,0.0340499971807003,0.14309961562976242,0.968153887328132,0.32977512524883346,7.631552554283643e-25,2.6471128947293847e-25
1.0,0.04147828351580567,-0.1486978732049465,0.4829597745090723,0.14259489461779595,0.4343533605057746,0.940069881852951,0.29079617729175355,0.0,0.0005354770385717105
1.0,0.05370621316883632,-0.6160155348479748,0.03469153381884098,0.07698318108916283,0.5282141073979437,0.934870496179822,0.2797479224525413,0.0,1.3788131160476988e-05
1.0,0.14893035482545125,-0.3649306006729603,0.4406914204359054,0.10589951559901238,0.1992815933469683,0.9618261728990027,0.3400689326217695,2.174064396212692e-12,7.541052565976727e-13
1.0,0.1515998350870585,-0.45113477259874346,0.5118425069376826,0.12205916166305543,0.46300721961073577,0.9409863676513343,0.3451490679550985,0.0,0.00019005372196651343
1.0,0.05717377555712247,-0.1047374039888382,0.2452939884737134,0.010681918263435364,0.19187989100813865,0.9613176446737423,0.26006002298428577,1.2709152561925934e-11,4.408350907427539e-12
1.0,0.03900731287291935,-0.6345549046993256,0.39482626486569644,0.08882264733314514,0.24523293561302126,0.9451433579765156,0.29077404139534324,0.010137199482518565,0.003516232283764684
1.0,0.16063931716582236,-0.3838668629527092,0.06269482355564833,0.05766112506389618,0.5549312746152282,0.9423291910772034,0.3200763483298714,0.0,0.0010387979721142623
1.0,0.18086532527071766,-0.7779511839151383,0.1816990887746215,0.06651019364595413,0.6195105157699436,0.9275774647626763,0.3419935528535777,0.0,8.005129837085678e-10
1.0,0.02177276346512511,-0.22862709313631058,0.5983531275764108,0.11513349384069443,0.33799174625426526,0.939550456932709,0.2789804328080936,0.0,0.0002587128664429544
1.0,0.08618144872214999,-0.5113714143633843,0.1489856818690896,0.024522058069705963,0.08902465502731502,0.9688217740738596,0.28745941875742487,5.726767367519298e-31,1.986410974155804e-31
1.0,0.1192020537525409,-0.0577564537525177,0.3313045000657439,0.15335940092802047,0.4085203316062688,0.9528781193693906,0.3270788990051635,0.0,0.00015949547288940556
1.0,0.10432907550145057,-0.6671258136630058,0.07875806149095296,0.10761906132102013,0.13215663564391433,0.9638479871369825,0.32604774290516625,8.42781065976675e-18,2.923306380073859e-18
1.0,0.09830745447429814,-0.31447835564613347,0.345263952948153,0.07901606485247613,0.4417241578362882,0.9495378319392987,0.30362243550388057,0.0,0.0018397492890513344
1.0,0.009633866386813638,-0.4442472130060196,0.1958237299695611,0.14087504491209984,0.49999109649099405,0.9297961047493165,0.27447552342774284,0.0,1.5888251219869643e-08
1.0,0.19575119180648823,-0.1998088911175728,0.5279966538771986,0.03201741740107537,0.22869804659858348,0.95785512780942,0.3374366877700604,6.684985816643879e-08,2.3187827156334333e-08
1.0,0.17710695109464777,-0.59325892329216,0.42772293370217085,0.00316705659031868,0.27856619701720775,0.9549030611249115,0.3331369986668654,1.8717351519051078e-05,6.492380444062041e-06
1.0,0.031665103830922234,-0.037684921920299534,0.011029701121151448,0.13456305876374244,0.5979297478683293,0.9288367005421165,0.261060222404217,0.0,2.5274909996160394e-08
1.0,0.06452879076375581,-0.7203802302479745,0.4603417145088315,0.04517477586865425,0.35387785960920154,0.9427278367071669,0.2935559483330502,0.0,0.0017311264552864406
1.0,0.13511939803507997,-0.2730155497789383,0.27806323450058695,0.09631752029061318,0.07219205988571048,0.9764121449674689,0.324731629401255,9.441950958462519e-61,3.275075412999547e-61
1.0,0.12843359142286548,-0.7402500830590726,0.37479562796652316,0.02850874572992325,0.537588194636628,0.9366187323663215,0.31504767090937724,0.0,3.8298766175796586e-05
1.0,0.0705714693091302,-0.29132891073822975,0.10579667687416076,0.1598463460803032,0.2661595422029495,0.9594638856505325,0.31359588433049823,2.8616581513836357e-08,9.926069615524191e-09
1.0,0.03815470931009658,-0.5740600772202015,0.5578031301498413,0.06049684315919876,0.1721504899021238,0.9449429906082001,0.28333715552732885,0.0102320960905394,0.003549148526294787
1.0,0.1708618424588232,-0.02006698176264763,0.22313714660704134,0.1116204771399498,0.4815545223280787,0.9476486945274435,0.33230693149617796,0.0,0.0012161902499131221
1.0,0.20246036917492283,-0.41343375816941264,0.01886981539428234,0.08296099781990052,0.3887890398409217,0.9488988556987774,0.3495241661188534,0.0,0.00041782089072862357
1.0,0.0035647269383789946,-0.16743913516402245,0.4377632103860378,0.05429914176464081,0.10757384840399026,0.9450999390458573,0.2479889000170552,0.009241076711955912,0.003205399314412264
1.0,0.09179450257076857,-0.6972438506782055,0.2861778639256954,0.12619747400283815,0.3206491025816649,0.949191258388085,0.3267171087452315,0.0,0.0009577966711235176
1.0,0.11060066937220028,-0.3461771078407765,0.470656506344676,0.01731997311115265,0.6404366860538722,0.9322117377763216,0.289276386760723,0.0,2.101138653100721e-06
1.0,0.1259131761494246,-0.5305579595267773,0.234531195089221,0.04181278303265572,0.21148932841606438,0.9668079291421455,0.3149011711474534,2.099313371706341e-18,7.281767971580603e-19
1.0,0.08011347568248818,-0.07538669779896737,0.5035716287791728,0.09045588031411171,0.520764725562185,0.9398328622465827,0.2895739435457242,0.0,0.000613924490362551
1.0,0.01525786349166334,-0.7580692209303379,0.05162060782313347,0.009805101901292801,0.42213846274651584,0.9318859179525816,0.24736464882798403,0.0,6.723035623032952e-08
1.0,0.18713574969121144,-0.2103258453309536,0.38624396435916425,0.13870138064026832,0.15054161662235857,0.9585808911306635,0.3618537194670792,1.5696209335260588e-10,5.444454170261606e-11
1.0,0.1539546800038638,-0.6044247575104237,0.5717807505279779,0.14736199960112573,0.052605637619271874,0.9498126620733102,0.36623252726185895,0.00010293655377837173,3.570501243456491e-05
1.0,0.04505193948822594,-0.35218022391200066,0.15292769372463225,0.03600409552454949,0.372263567764312,0.9473802899283844,0.26169833972838286,0.0,0.0040801233115759636
1.0,0.06366221462752399,-0.4819359265267849,0.3044209867715835,0.10410605415701867,0.580722629474476,0.9324108556604517,0.29306737257872495,0.0,1.4411531677572501e-06
1.0,0.14535278142278482,-0.1371194638311863,0.11990315057337284,0.07300270482897758,0.2993382262997329,0.9680676790091602,0.3191346544862006,8.08635136778999e-17,2.804866352518851e-17
1.0,0.145996225423683,-0.7015431016683579,0.5727383550256491,0.11113962158560753,0.6304487537685782,0.9239889413523925,0.3423699160271918,0.0,3.5453046572365033e-12
1.0,0.0626201416842478,-0.2551579609513283,0.16541926637291907,0.06222403928637505,0.3305555910803377,0.9552627749712624,0.27805053051956996,0.0,2.777249798871181e-05
1.0,0.04610610536834897,-0.5849136456847192,0.31473178043961525,0.1578232441842556,0.07913191300816834,0.9512246525650331,0.31289758612566587,0.0002671586667730654,9.266779554007494e-05
1.0,0.15329919172984854,-0.03423782587051392,0.12307801209390162,0.029278183430433275,0.41729845723137254,0.9584064829333704,0.3036299167892951,0.0,1.3601615011795014e-06
1.0,0.18808694311914967,-0.42758016735315324,0.23374293632805346,0.015593761950731278,0.4724160005617887,0.9464761110429845,0.32878301216595596,0.0,0.001512702283253265
1.0,0.014705347669832882,-0.17826831042766572,0.4908741071820259,0.12667734995484353,0.18120291395112872,0.9467172666728755,0.27810949816664765,0.012396688689970202,0.0042999683550297456
1.0,0.08065394723120156,-0.6609508037567139,0.041433383524417874,0.05352931097149849,0.23745939091779292,0.9579823298129411,0.29641468925696235,2.1950442069953004e-07,7.613824033193372e-08
1.0,0.12497407565833321,-0.307348082959652,0.38298217244446275,0.08498448863625527,0.5663511739857495,0.9394859727577216,0.3141037082838014,0.0,0.00034802532892989386
1.0,0.1115399888500756,-0.5167044878005982,0.03668460734188556,0.13916354417800902,0.27085084236226975,0.9602504497676859,0.33270183730287495,3.6657783994437227e-09,1.2715275432311834e-09
1.0,0.09125386069900102,-0.06406926959753037,0.4439627811312675,0.00809903919696808,0.6091471853479743,0.9346344700229237,0.2666073132229252,0.0,2.1002614386693572e-05
1.0,0.0041174617469934005,-0.7938739553093911,0.29459583610296247,0.09249950528144836,0.3623395543079823,0.9307568879018251,0.2747634168722398,0.0,2.327897747064277e-09
1.0,0.2015090054239304,-0.24944786727428436,0.4862893749028444,0.041025263667106626,0.06261574879288673,0.9619048259871441,0.34640323112780913,2.6599275685792896e-19,9.226338305015252e-20
1.0,0.17151716040978426,-0.6436200007796288,0.35685728453099724,0.07470854550600052,0.12179616223089396,0.9574904296555355,0.3504331623991701,1.3352385208840469e-09,4.6314653290143557e-10
1.0,0.0371007624167575,-0.3880582213401795,0.09968405440449714,0.10364410728216171,0.4508164351433515,0.9402033523619316,0.2753584218848931,0.0,0.0006954906370406535
1.0,0.07161337192935222,-0.47078936994075776,0.549215830117464,0.03679246574640274,0.5116902680601925,0.9364571723300531,0.2849082346087177,0.0,5.0182786126540615e-05
1.0,0.12779036640875124,-0.12343691736459733,0.20771024487912654,0.14531752794981004,0.22064522970467806,0.9694157240134096,0.33350893179399144,5.878699831650518e-22,2.039110917197409e-22
1.0,0.134081023535266,-0.4898905612528324,0.41679588463157413,0.05938607767224312,0.39890809514559805,0.9508480894592882,0.32271605902009015,0.0,0.0005958729722720432
1.0,0.06516853632119178,-0.14095720276236534,0.007317548431456089,0.08834158912301064,0.098722989205271,0.9697027909044844,0.28446703494138437,1.0379715071453697e-32,3.600352276135397e-33
1.0,0.03101253538069293,-0.6236524932086468,0.4588113421574235,0.011450566798448563,0.3097882157284766,0.9401177908886436,0.2637693829540241,0.0,0.0003426150574445332
1.0,0.17815819715098483,-0.3696472056210041,0.2649176409468055,0.12003441229462623,0.6476512182317674,0.9293457564785839,0.34278523721695187,0.0,1.566209351288913e-08
1.0,0.19519497754119555,-0.7638535760343075,0.08951578270643949,0.15384143933653832,0.5455821988452226,0.9274426967306793,0.3688173945991977,0.0,3.0063885716033347e-11
1.0,0.010588758258214075,-0.21784677281975748,0.34918207246810196,0.02279612109065056,0.25466345516964795,0.943144517008111,0.24061247636237715,0.004588359069922671,0.001591537812685738
1.0,0.09736543415942081,-0.5476156003773213,0.19723055083304644,0.1171578548848629,0.16281327904202045,0.9640417408642407,0.323594723910539,3.2674948956939355e-16,1.1333772270229482e-16
1.0,0.1048724668739499,-0.09653668329119683,0.5412291957065463,0.06574193879961968,0.49200634958222506,0.9441247677860397,0.2970816872917931,0.0,0.002841033854177928
1.0,0.11865888136682551,-0.6809304244816303,0.1738550467416644,0.030310393869876863,0.04407120934687555,0.9691994951446029,0.31332485220328943,9.11390862237817e-41,3.1612892480365273e-41
1.0,0.08712329871397315,-0.32574698850512507,0.5833731533959507,0.14133573263883592,0.38206619214266535,0.9462220363823551,0.3211587229429852,0.0,0.0019680165020760703
1.0,0.020818090580508618,-0.4084912799298763,0.13178830761462448,0.07822643548250198,0.5882163611333817,0.9264100116803375,0.25547526277501975,0.0,4.766710884404573e-10
1.0,0.18142136921295615,-0.1607357241213322,0.3256410939618945,0.10966235011816025,0.2881981399655342,0.9580945791459823,0.3477727707780397,1.2514698492911245e-07,4.3409017390099665e-08
1.0,0.1595879007864311,-0.5540148369967938,0.5198101183399558,0.09585661530494691,0.19971396918408574,0.9540097963481525,0.34886828291360095,1.1007193774532202e-05,3.818002217516577e-06
1.0,0.039660100309932604,-0.0017581112682819367,0.2601870322600007,0.046882020831108095,0.5290380019694567,0.9346495610859813,0.24600733943278263,0.0,9.805719531791042e-06
1.0,0.05653385967663231,-0.7315755940973759,0.4121929848566651,0.1325206160545349,0.43227378635667263,0.9358722887231207,0.31194239766319465,0.0,9.27159915016026e-06
1.0,0.15263842857365642,-0.28674694523215294,0.06815228071063757,0.0039558345079422,0.14152090940624476,0.9810782651233021,0.30973737828972714,6.110049380681553e-60,2.119357809304036e-60
1.0,0.14957027070594142,-0.5979694247245789,0.28932106867432594,0.067771764844656,0.5589102364890277,0.9371950789796601,0.3284043067237813,0.0,4.5021018262941135e-05
1.0,0.05266761968223841,-0.04532798379659653,0.47281435690820217,0.11887556120753288,0.24967787911184133,0.9549173631338929,0.2915308594509073,3.888768166362156e-05,1.3488747256300198e-05
1.0,0.04252969989519692,-0.7126456633210183,0.022034602984786034,0.02076660141348839,0.1886557407863438,0.9517864192093954,0.2685003699335481,0.0007890199536086894,0.00027368282908881835
1.0,0.1632540252590218,-0.2682013362646103,0.4398625709116459,0.15212342664599418,0.4602094744239002,0.942528418675056,0.3514753964233702,0.0,0.00027741837747158896
1.0,0.1844879576753862,-0.6748604282736779,0.5544905796647072,0.12331708028912544,0.4104506913758814,0.9347417244287608,0.36626588041192276,0.0,1.717791618857827e-07
1.0,0.02468276116961757,-0.31929261684417726,0.22118528075516222,0.014420352131128312,0.0907519938889891,0.9532559443785584,0.24493792515484936,1.5016132221083883e-05,5.208559719487354e-06
1.0,0.0842552442021289,-0.4395367592573166,0.3715072352439165,0.08505861714482307,0.33741015603765845,0.9535239960607858,0.3053946667711027,0.0,0.00011874768670524502
1.0,0.11499430196765487,-0.19216587692499162,0.1037843182682991,0.05641659632325172,0.6188352538365871,0.9379387552166889,0.289517592359824,0.0,0.00026505255119624197
1.0,0.10794139271615026,-0.782807943224907,0.30125604718923565,0.0019262135028839111,0.22808765791356564,0.9562818532343329,0.30341337315644323,2.892090716093786e-06,1.0031629308510523e-06
1.0,0.10123088488894758,-0.23641677051782609,0.11780367381870746,0.1308026570081711,0.4994755248259753,0.9462982923652725,0.310897501535367,0.0,0.0026447122057036768
1.0,0.007719926647435132,-0.503685449063778,0.568637715652585,0.04891194581985474,0.4433674259856343,0.9283720174786015,0.2580070235277766,0.0,2.8593570096911216e-10
1.0,0.19152806380373769,-0.052991199493408206,0.15076997727155686,0.09757427036762238,0.1340041063632816,0.9691747462988823,0.3461712732693051,1.164370690641756e-28,4.0387858794377037e-29
1.0,0.17509081638220456,-0.45882069021463395,0.05490913465619087,0.10637946754693985,0.06945976968854665,0.9666862089840612,0.3479727908137814,1.5240117899989032e-29,5.286252348169005e-30
1.0,0.027148629724586235,-0.10950261056423188,0.3882564928382635,0.07525689333677292,0.3507179827149957,0.9438731455878641,0.2619114727393147,0.0,0.003065512047270557
1.0,0.06803579852668577,-0.6296980977058411,0.2378436293452978,0.14461830884218216,0.6022912023961544,0.9286991492107279,0.30925357617110383,0.0,1.3087654006258652e-08
1.0,0.13774636786743888,-0.3760771378874779,0.5055233426392078,0.033280242383480076,0.28246052461676296,0.959704885191028,0.3167850950293052,1.7888776981656397e-08,6.204977543200043e-09
1.0,0.13130153225927846,-0.6121595032513142,0.1476096147671342,0.08170182183384896,0.4797916972450912,0.9446452907063494,0.3243721477903284,0.0,0.0015538678993205792
1.0,0.07432645565320053,-0.35699425861239437,0.328570001386106,0.050559524446725845,0.17025561635382475,0.9639070576543177,0.28899846703760723,2.059499174543694e-15,7.143666747808823e-16
1.0,0.0337896664657868,-0.47722560390830043,0.1803011169657111,0.12996032312512398,0.26687145384028554,0.9486544195090953,0.29154771615870634,0.007458738398306217,0.0025871698389192247
1.0,0.16900258934614,-0.12947622314095497,0.5956768685951829,0.018563242107629777,0.5381331351492554,0.9399764868654089,0.3143397936504867,0.0,0.0004126724068461841
1.0,0.19799936031495838,-0.5352682344615459,0.39637173134833575,0.027248358577489855,0.6360295557416976,0.9284123151076197,0.3356451988743182,0.0,4.378592677007772e-09
1.0,0.0014058987647002626,-0.08302989080548287,0.06522331964224577,0.15610553666949273,0.31663232752121984,0.9410300214269863,0.26735190985296386,0.0,0.0007293494376677177
1.0,0.09456336291282187,-0.7503344275057316,0.5133640659973026,0.06425356015563011,0.11033261692151428,0.9527651331167506,0.3157372194329372,4.709843808101655e-05,1.6336765275355636e-05
1.0,0.11405296617657007,-0.20551176294684412,0.24788329917937516,0.11285763308405876,0.3920521667320281,0.9561989318392851,0.3174459082451746,0.0,9.838360515182285e-06
1.0,0.12146365345042646,-0.4211195446550846,0.46173953432589765,0.14860040932893753,0.15373930670320987,0.9603539404769145,0.3415862975851527,7.55144676635735e-12,2.619327059192807e-12
1.0,0.0779400499106212,-0.17220456823706629,0.28073937725275755,0.039762009084224705,0.4248329397570342,0.9504663909590406,0.2762201249181283,0.0,0.001777874577298398
1.0,0.018017187263424064,-0.6923869125545026,0.42909917067736386,0.10036152988672256,0.5168314212933183,0.9255282576525119,0.28024753956157245,0.0,1.3720374662800745e-11
1.0,0.19060070058606193,-0.3383876092731953,0.0137643339112401,0.0717386981844902,0.2071668505575508,0.9645324555689763,0.3436452052145408,3.4351882445977654e-16,1.191544057833085e-16
1.0,0.15680802020060544,-0.7451070688664914,0.19430230502039195,0.04305488348007202,0.2998183117434382,0.9539309704758733,0.33484545244216246,6.674040218222595e-05,2.314986078643068e-05
1.0,0.04881840895177948,-0.29911845698952677,0.5254075130447745,0.09421746551990509,0.5813685043808073,0.92951927812069,0.28098360716795356,0.0,4.3295951988410595e-08
1.0,0.059309822832211805,-0.5663743384182454,0.07721247877925634,0.0060691130161285405,0.37045274674892426,0.9481015922436113,0.2661448079368045,0.0,0.0036746560383957797
1.0,0.14348398869832593,-0.015301596373319626,0.3427353048697114,0.13744589030742646,0.05092571976594627,0.9725085237695085,0.3369911473422179,1.1900990772600506e-50,4.1280284594938974e-51
1.0,0.14159856685505376,-0.44878461584448814,0.09763854425400495,0.038542399555444716,0.24115432440303267,0.9690399667958222,0.3174995464636917,1.136602541522748e-20,3.942468092103021e-21
1.0,0.05745009543825607,-0.1945867992937565,0.3641855942085385,0.14997750356793405,0.5602012920752167,0.9343632109171399,0.2956390838484396,0.0,9.407396865909017e-06
1.0,0.050503737704186404,-0.6650164850056172,0.21503837574273346,0.07061608210206032,0.468426126493141,0.9372588596830091,0.2840555880400859,0.0,7.889251607067682e-05
1.0,0.15846921174304843,-0.3159029953181744,0.5471700696274638,0.10164160206913948,0.1876523903757334,0.9584769926439612,0.3433937196594339,3.819739642859859e-09,1.3249311973155231e-09
1.0,0.18927043533233082,-0.7224773742258549,0.44600831922143697,0.09283945128321648,0.09444480719976127,0.947197007669724,0.3675153461572077,0.000592306091801301,0.0002054498192971126
1.0,0.016711059219656856,-0.27160319313406944,0.029356254078447816,0.044275404065847394,0.4042915856838226,0.9387084364153803,0.2409540142151999,0.0,0.0001495972109089296
1.0,0.07947043258708247,-0.5887093417346477,0.4789612719789147,0.13616612836718558,0.6154308047052474,0.9269769766356446,0.31544199622143243,0.0,1.0669427833158186e-09
1.0,0.1229683416775713,-0.04291929081082344,0.29664155300706624,0.007191428989171982,0.3432628635689616,0.9631342181436189,0.28855686317559304,0.0,1.0749061518434023e-10
1.0,0.11272347954251519,-0.6335254780948163,0.4929208254441619,0.051761142909526825,0.505262313792482,0.9385886280936176,0.3135000660781041,0.0,0.00015854432294071924
1.0,0.09325957072808343,-0.38557792976498606,0.22641354594379662,0.08034518867731094,0.22461823554709553,0.965586378958868,0.3062590801734585,7.816942440495643e-16,2.711418022008998e-16
1.0,0.002933945582132765,-0.4559586144983769,0.3756528178229928,0.019706901013851166,0.12792800788767636,0.942444962670473,0.24407641867695018,0.0019030672193152435,0.0006601060190509366
1.0,0.19950326992242695,-0.10059520229697227,0.043480209074914455,0.12866162091493608,0.4471441918425262,0.9463463357601491,0.34874030921400934,0.0,0.000642512203380726
1.0,0.16711950336189657,-0.5065352924168111,0.1633725045248866,0.15746246993541718,0.3496503135282546,0.9492411740225462,0.36048131011681084,0.0,0.00020372757911871363
1.0,0.03193071769150732,-0.06191084310412407,0.5800677733495831,0.02604642987251282,0.0776110122166574,0.9527341647689663,0.2526659855104715,3.809705223563744e-05,1.3214506158059379e-05
1.0,0.0760110057859312,-0.7789683364331723,0.13040732312947512,0.11415542423725128,0.28383618720807136,0.9491978622620711,0.31569433457554164,0.0037374523322981426,0.001296388669525649
1.0,0.1329603879426927,-0.2269282080233097,0.3126849828287959,0.06311082124710084,0.5938511639274657,0.9391651845288036,0.3068513973961,0.0,0.000376031450110653
1.0,0.13927595975829146,-0.7597878947854042,0.25345284081995484,0.13217948839068414,0.16688401742838324,0.9547815157350447,0.35279322130155477,1.6480457589532076e-06,5.716481867350023e-07
1.0,0.06954125320757443,-0.20929186046123505,0.5224521070718765,0.0007044361531734467,0.4856295885518193,0.9405906767643509,0.2643007644767713,0.0,0.0009433764967690432
1.0,0.025817573685246405,-0.5264111518859863,0.07079401910305023,0.09885277315974236,0.541812223000452,0.9299272418249752,0.2686039405530125,0.0,4.238633290130447e-08
1.0,0.17378545479218116,-0.08021819442510605,0.40545861460268495,0.04778844937682152,0.26074410758912564,0.964074005465646,0.32723611743615444,3.066569558479015e-13,1.0636834068944444e-13
1.0,0.19321415900988842,-0.4860948652029038,0.590107299014926,0.07647776022553444,0.3248719038348645,0.9441901011775862,0.35532880900221664,0.0,0.00034427113642957196
1.0,0.009380327404269428,-0.13227573782205582,0.17121308371424673,0.10500355675816536,0.6350224785506725,0.92135034393431,0.24612414038565555,0.0,2.2564553824346558e-13
1.0,0.09934622949941921,-0.6027182206511498,0.3229993097484112,0.034404039531946186,0.3835236490424722,0.9504902931834637,0.30150487011405447,0.0,0.001205895641903436
1.0,0.10608087453658584,-0.353201973438263,0.13852270357310772,0.14333949640393256,0.1116478329524398,0.9719415307138546,0.3294567288872877,5.405790693880013e-36,1.8750756350286465e-36
1.0,0.11667806131477684,-0.5688455924391747,0.355915180966258,0.117517369389534,0.4262123291287571,0.9458967680405386,0.33115367058875256,0.0,0.0013744991664122212
1.0,0.08591486633928694,-0.024599826335906985,0.08687499985098839,0.06897250890731811,0.14527634399011732,0.9739696340948669,0.2876496243611122,1.3848555676324117e-37,4.803569135299817e-38
1.0,0.02279888439976547,-0.7416701167821884,0.5385885201394558,0.15082445323467256,0.2060750209260732,0.936125940788669,0.30644032470734717,9.966313207893924e-07,3.4569579411098283e-07
1.0,0.18262977535485053,-0.28922723680734636,0.20396369509398937,0.021908079385757447,0.5249876268021763,0.944601030295991,0.3212478281763185,0.0,0.0017238349761779324
1.0,0.16478283853019812,-0.6958360433578492,0.0005844656378030777,0.013219917714595795,0.5753072221297771,0.9365629801563798,0.3179577851323415,0.0,4.132516368021144e-05
1.0,0.044032818717056804,-0.3482666477560997,0.4194366216659546,0.12467497140169144,0.3035622273944318,0.948309494596212,0.295530094291406,0.0,0.002784438192397008
1.0,0.05133889950192735,-0.4186604753136635,0.267558342218399,0.05527419775724411,0.05668074929155409,0.9609982136153271,0.27559264086054525,6.809339692823261e-17,2.3619166319371637e-17
1.0,0.1482656877355943,-0.16289415061473847,0.45207815207540986,0.08635850101709366,0.3669970498420298,0.9554427652518253,0.32741400794236963,0.0,1.1884362975041113e-05
1.0,0.15077870117970069,-0.6522904150187969,0.39030210245400665,0.14005720987915993,0.3316517814993858,0.9463601833640749,0.3564733285989965,0.0,0.00043096151122222823
1.0,0.05464843783336014,-0.30433664396405224,0.04758085291832685,0.031433872729539875,0.6222876057308168,0.930291434108602,0.2526719847740234,0.0,2.0870687376128233e-07
1.0,0.0413212918523756,-0.43723032251000404,0.4981951681897044,0.10828553691506386,0.41591412078589196,0.9388954540254044,0.2903979441468384,0.0,0.00021206564959641748
1.0,0.16127322953883802,-0.1818486712872982,0.23988927472382782,0.0794482333958149,0.08759924105368555,0.9768263834843767,0.33252451886288104,4.2664517947373994e-57,1.4798796811340072e-57
1.0,0.18011524116918895,-0.5752757199108601,0.11575809214264154,0.04575824186205864,0.17544351909309627,0.9629365745237047,0.34064179152439933,9.093989818712633e-15,3.154380126772474e-15
1.0,0.019487825326777487,-0.030645238608121874,0.3085842853412032,0.09713544830679893,0.4758766445424407,0.9345334420395516,0.2551986796195531,0.0,5.74409285500773e-06
1.0,0.08862798694111798,-0.7102157257497311,0.1580981796607375,0.0027349476516246797,0.5724173987656832,0.9344466086755496,0.2820938707269164,0.0,1.2383692761278947e-05
1.0,0.12018926404328678,-0.258157167583704,0.5665920266881584,0.1338965092599392,0.23371111447922885,0.9574849661930386,0.33326731224433304,1.668427688873019e-07,5.787179499485071e-08
1.0,0.10356867468921147,-0.46754945740103726,0.21913859043270348,0.08964054435491563,0.6054631549678743,0.9350770850436809,0.30574860710650376,0.0,2.0720295465917993e-05
1.0,0.09603594752536593,-0.1133456088602543,0.5618200695142149,0.05824457913637161,0.27698254940100014,0.9587971194597988,0.2971736381957386,1.273906049352874e-07,4.418724900247123e-08
1.0,0.012092667865682654,-0.646288288384676,0.11111355777829886,0.12139262408018113,0.06599171305075288,0.947320953067203,0.2801241473264042,0.010622914165032483,0.0036847093518444004
1.0,0.19672302435862804,-0.39715636894106865,0.3694603661075234,0.010249840319156647,0.35649671592749654,0.9524723137582739,0.3352224190598718,0.0,0.0001151303042172233
1.0,0.17629924837670535,-0.7912178970873356,0.4748610036447644,0.02393853962421417,0.4593498999066651,0.9372426261976086,0.34015811864407375,0.0,1.5495691728841954e-05
1.0,0.029129449396449524,-0.2403374932706356,0.28199160676449536,0.15254157304763794,0.12047658086754381,0.9548000014430335,0.2934788487523371,3.5905308261552306e-06,1.245426848761451e-06
1.0,0.06682739200460601,-0.5199566356837749,0.4325332878157496,0.06694235503673554,0.21240129260346294,0.9545894885072966,0.29635852944398333,3.346741652246788e-05,1.160865095270514e-05
1.0,0.13576557366799666,-0.07414834573864937,0.024081500060856343,0.11579994320869447,0.512702287780121,0.947733928591824,0.31512393056918664,0.0,0.0021529531889437526
1.0,0.12929582108963988,-0.5375746712088585,0.5321417301893234,0.009221635311841964,0.10479414060711861,0.9633244681770113,0.3102859054054776,2.4033355751870526e-18,8.336312363948186e-19
1.0,0.07314296382020478,-0.09334709644317628,0.191660413518548,0.1378834544122219,0.3951356946211308,0.9522568645873449,0.29992385262184507,0.0,0.0004848838485426952
1.0,0.0357954008267341,-0.7729044407606125,0.3400934491306543,0.04224489137530327,0.6418687900528312,0.9198932098185056,0.2704645085330635,0.0,1.367885286719611e-14
1.0,0.17018610437044443,-0.22046773582696916,0.08394680321216583,0.09112243160605431,0.31325269556604324,0.9625026796308934,0.3364573954903274,0.0,3.4401359422556506e-11
1.0,0.2031694061807647,-0.6145894408226014,0.274005114287138,0.10492388740181924,0.25329273510724304,0.9470593144929363,0.3666942458295114,0.0006616379407532175,0.0002294985603718278
1.0,0.005803556953144131,-0.36703842729330066,0.46438145153224464,0.07358625009655953,0.5540178765263408,0.9237450609746776,0.2540644871950839,0.0,1.5443290174823938e-12
1.0,0.08939334251943658,-0.49991930872201923,0.016406143829226495,0.14669552221894264,0.4930696534365415,0.9424453904459754,0.31589340199588545,0.0,0.0011639269299984585
1.0,0.10965533346054725,-0.14415896832942962,0.42236487194895744,0.035571927577257155,0.15466698358766734,0.9719047424288001,0.29701302133103413,2.0301104416119286e-32,7.041727734285571e-33
1.0,0.12663369779549125,-0.7285168781876564,0.05849030837416649,0.061080362200737,0.3738539054058492,0.9511002396868976,0.3212490842875936,0.0,0.0005206836828191001
1.0,0.08233770657832352,-0.278039225935936,0.3990125399082899,0.11243830323219299,0.04506961268372834,0.9678134792957619,0.31128127653210924,6.5550884435244915e-37,2.273725958318327e-37
1.0,0.012847165349297215,-0.5576455712318421,0.250523928925395,0.028076584935188293,0.29671675214543936,0.9400317129905791,0.25186906378165175,0.0007836996233022797,0.00027183739660858054
1.0,0.18620306634929756,-0.01145859807729721,0.5066308043897152,0.15917989492416382,0.5869296663347632,0.9309344029562073,0.3496402199339951,0.0,3.8207816899563636e-08
1.0,0.15480231055170843,-0.4048483580350876,0.33530303835868835,0.125379578769207,0.532438090313226,0.93918835943346,0.3414980479151488,0.0,9.699446772012142e-05
1.0,0.047634918639525285,-0.1510474219918251,0.14496876038610934,0.016736518442630768,0.19386620418168604,0.9590317630731169,0.25595352566698026,4.223404991704424e-09,1.4649482832860707e-09
1.0,0.06131555871390066,-0.6839769586920739,0.5930362645536661,0.08362753719091416,0.13783304316923023,0.9467948880471146,0.3059236359712868,0.00836969652817474,0.0029031486643261205
1.0,0.14466750524337196,-0.33446688652038575,0.18703433275222778,0.05473121911287308,0.4384285267163068,0.953490331917458,0.3171456126927302,0.0,0.00015684446886278703
1.0,0.14455252311494043,-0.7307169444859029,0.3824684467166662,0.0035037752985954285,0.04859275977127254,0.9636250125243356,0.3213864952626865,2.277233628280043e-23,7.898909768167518e-24
1.0,0.061279463532902916,-0.27515518590807914,0.0419470377266407,0.13486110597848894,0.3774701788276434,0.9511985735252654,0.29581499088071994,0.0,0.0009321260358979476
1.0,0.047446798727109406,-0.5578870795667171,0.4903618700802326,0.04550180524587631,0.5838442455139011,0.9273904529568313,0.2747366236799259,0.0,1.9051905888238845e-09
1.0,0.1547428058355809,-0.010534641891717912,0.2342552449554205,0.09660572558641434,0.2926447184756398,0.9658432136496381,0.3273061146101651,2.5584595714996207e-14,8.874382079121002e-15
1.0,0.1863413340724221,-0.4046067349612713,0.12373795397579669,0.10795617043972015,0.19526688165031375,0.9605705391830553,0.35407101005396147,1.4441655831352433e-11,5.009294386757376e-12
1.0,0.012856811793167154,-0.15197149589657785,0.3140719100832939,0.07931372046470642,0.5334106266126036,0.9288003574972644,0.2482457083571592,0.0,6.075838889612224e-09
1.0,0.08250249223231662,-0.6817769624292851,0.16607825607061386,0.14120231211185455,0.4368692906480282,0.9420246328191645,0.3212059868607341,0.0,0.0007761092000659522
1.0,0.1267196025850168,-0.33735085949301724,0.5720792938023805,0.03230538368225098,0.13699986800551414,0.964530033728545,0.3113401198596569,9.718976231007823e-19,3.37116558153404e-19
1.0,0.1097941364846992,-0.54045804515481,0.2082218963652849,0.06679824605584145,0.39431208183057603,0.9525269806429848,0.31162924929158187,0.0,0.00030333740116087295
1.0,0.08940556814098412,-0.09114617332816125,0.5487041071057319,0.1154606755077839,0.10324453962966801,0.9649592794544886,0.3096296521378976,4.244263864557668e-22,1.472183480961324e-22
1.0,0.005965860756919162,-0.773829447478056,0.10019722133874893,0.02481964722275734,0.31423479423858225,0.9350704550730715,0.2511241775360912,0.0,1.0075742686700087e-06
1.0,0.2032546783418033,-0.22022670581936837,0.3563441891223192,0.15369657710194587,0.6432791026122868,0.9255925757881643,0.35713661385428974,0.0,2.869409256887459e-11
1.0,0.170073604092231,-0.61366451010108,0.4856309350579977,0.12234728142619133,0.5499548234883697,0.9306455348044547,0.35412201353063644,0.0,1.186700451397222e-08
1.0,0.035759938274223316,-0.36727938428521156,0.2952543474733829,0.011009033769369125,0.2502163676358759,0.950167325359864,0.254562050425193,0.0037762633635043535,0.0013098508294771046
1.0,0.07295430860676147,-0.4970358140766621,0.4433034338057041,0.089120761603117,0.15829223764128983,0.9574406135051493,0.3056695604636611,4.3019908030973534e-08,1.4922068932741824e-08
1.0,0.12923373719583478,-0.14636001512408256,0.03734388314187526,0.057997777312994006,0.4966018538735807,0.9503830395913236,0.29914837405550343,0.0,0.0015867235712755197
1.0,0.13592617424122988,-0.46691787242889404,0.5405704161152244,0.14706395208835601,0.27545158232562245,0.9509626266531558,0.34909626799376603,0.00038855398697431806,0.00013477549448845792
1.0,0.06691748187489144,-0.1146611675620079,0.19788925889879463,0.03566737651824951,0.6046209082752466,0.9339190614909169,0.2578809256272585,0.0,1.0176152048723019e-05
1.0,0.029263726693733238,-0.6444778695702553,0.34852192047983405,0.10381784856319427,0.35788839458487925,0.9385963745117799,0.28764103446426303,0.0,0.00011707561105869694
1.0,0.1763128852464161,-0.3996492356061936,0.09017600622028112,0.0726756751537323,0.06699244562536479,0.9713860805449488,0.3390790158822451,4.029922546419807e-43,1.3978361364229504e-43
1.0,0.19653889487205298,-0.7930281981825829,0.26543024014681577,0.04151512712240219,0.11741881093941628,0.9510244068154217,0.35628859765704524,8.821213286489602e-05,3.059763694442215e-05
1.0,0.01202917272371433,-0.2378447413444519,0.4582988144829869,0.09011877089738846,0.45526824932545423,0.9325044959141194,0.260530101932682,0.0,3.4303301942609676e-07
1.0,0.0959251504776943,-0.5205882877111435,0.007830912061035632,0.009517135322093964,0.5162158906739205,0.943198378701822,0.27945726349527034,0.0,0.0028142000245642345
1.0,0.10352839442745385,-0.07283271700143815,0.41628244947642085,0.1383741131424904,0.21604514420032503,0.9648604177473505,0.3209520332179254,2.004659616070474e-15,6.953447914428396e-16
1.0,0.12000265270649364,-0.650975713133812,0.06881184708327055,0.08263381645083427,0.6259224766958505,0.931944821511448,0.31348243774187456,0.0,8.834150228159918e-07
1.0,0.0885638591706627,-0.30496889501810076,0.4115333469584584,0.05401108965277672,0.3351563310436904,0.9561292325686918,0.29524974429608153,0.0,8.586588220416637e-06
1.0,0.019377563580133282,-0.4347369775176049,0.2608452530577779,0.12586029812693597,0.08350860984064638,0.949503655260827,0.2818960788460969,0.003127315005018276,0.0010847538317767177
1.0,0.18007754008510893,-0.18365803956985474,0.5191519690677523,0.017022384256124498,0.41284729750826954,0.9501612431853363,0.32335929589696155,0.0,0.000815947791853681
1.0,0.16143329481104382,-0.5777691379189491,0.325128280185163,0.02818163052201271,0.47686781474389134,0.9444583621245745,0.3262941434311939,0.0,0.00140541672724312
1.0,0.041408802544983435,-0.02883579432964325,0.1323011929169297,0.1595582266151905,0.17682556265965105,0.958994683650652,0.29289392476387677,3.0330298090142216e-09,1.052049666228605e-09
1.0,0.05478519698086192,-0.7115303039550782,0.5828611487522721,0.060160191208124165,0.23285930541343988,0.9433405248134684,0.2962949487643093,0.005135266321452163,0.001781240396458434
1.0,0.15079297067789837,-0.2575250372290611,0.17436697985976934,0.11132236316800118,0.5708767965994775,0.9403234831032276,0.32732381206702044,0.0,0.0003625086279230971
1.0,0.14812971024925187,-0.5717237450182439,0.10312609747052193,0.1350945672392845,0.14862263944000006,0.9627969780041076,0.34968995569647543,1.2251961789103697e-15,4.249767764419538e-16
1.0,0.051323848342570276,-0.022405650466680527,0.37216538451611997,0.006549096405506134,0.430024069910869,0.9432366061245874,0.24745502009962728,0.0,0.0023422543888776785
1.0,0.04387352902304415,-0.74260039255023,0.22052571438252924,0.09339862316846848,0.5217998172342777,0.9307639783314375,0.28826360456570344,0.0,8.338011422970698e-08
1.0,0.16469455225939714,-0.2889794118702412,0.5551502175629138,0.04448285967111588,0.20212399172596635,0.9609488430720485,0.3304278531489141,3.622301078382034e-11,1.2564468140621141e-11
1.0,0.18273925544033537,-0.6949057005345822,0.44037457555532455,0.0706427150964737,0.30486051611602305,0.9459100062780863,0.354631353054932,0.0,0.0004708279346824885
1.0,0.02283736714500486,-0.3485145427286625,0.0215226698666811,0.10209837913513184,0.5764007628988475,0.9282607812270764,0.25898986722847805,0.0,6.979984618877171e-09
1.0,0.08610070209788694,-0.4157824404537678,0.47332717068493363,0.03770003259181976,0.3652609621360898,0.9510961754436705,0.2930187384772147,0.0,0.0009718816619747156
1.0,0.11674296466342526,-0.16508821174502375,0.2888081833720207,0.14878372550010682,0.056043041488155726,0.9743304895189218,0.33064149914766516,1.0535527053735315e-55,3.6543978854026105e-56
1.0,0.1061924471624506,-0.761982548981905,0.5061834946274757,0.1146022666990757,0.484982827398926,0.9347512521321628,0.3312961540366195,0.0,2.4325656591049273e-06
1.0,0.09938573418298369,-0.2064147584140301,0.23718340583145617,0.06312782481312752,0.1651389490906149,0.9736012555687766,0.29935020054478756,2.976691184555557e-34,1.0325078104639936e-34
1.0,0.009565238552003865,-0.5266581200063228,0.38891527242958546,0.15627862706780435,0.2618285950087011,0.9390711630535205,0.29201532942555264,0.00023190888064045207,8.044090425624068e-05
1.0,0.1932768724906974,-0.07928725257515908,0.05425042659044266,0.025213692933321,0.5431015310902149,0.9439301527803791,0.3157917328722716,0.0,0.001812888658965608
1.0,0.17365040191670428,-0.4858480207622051,0.15025661364197732,0.019054977148771288,0.6310618142597377,0.9342104073676619,0.31793992279195726,0.0,7.480036329806619e-06
1.0,0.025804712393728804,-0.13320655897259712,0.5691511508077383,0.1275801633298397,0.3216745318938046,0.942468197033844,0.2821168017095885,0.0,0.0016667176260860717
1.0,0.06937987097318184,-0.6005234934389592,0.11729107461869716,0.051978190392255784,0.11544993864372372,0.961491640469711,0.28972518194084285,2.3416818812065196e-14,8.122457729281564e-15
1.0,0.1391866515491654,-0.35607915148139,0.30176857486367226,0.08091425761580467,0.38686038211919366,0.955287630493018,0.32561690068175586,0.0,1.787284061903543e-05
1.0,0.13314982481729537,-0.6322040289640427,0.2473701322451234,0.034338344931602476,0.22289180111140014,0.9630921581552165,0.3194421742248901,5.33402123323976e-13,1.8501813735586266e-13
1.0,0.07607230801857694,-0.38621540218591693,0.5138771614059806,0.1429217803478241,0.5045969187375158,0.9372554080263471,0.3138990623163145,0.0,5.8012655950422796e-05
1.0,0.03204399354791391,-0.45347206443548205,0.06471166815608739,0.07728106558322907,0.4484148660302162,0.9387134004496789,0.265804968215255,0.0,0.00024851085704232786
1.0,0.1671541903362142,-0.10239930152893068,0.39688345436006783,0.10623639583587646,0.12903112920932472,0.9676445340681306,0.34237581925008054,7.997662551559652e-25,2.774103371147539e-25
1.0,0.19934018445749255,-0.5090217724442482,0.5963362159207463,0.0998852726817131,0.07443223781883716,0.9486283136147363,0.3690271719208441,0.0002699352440592966,9.363089098956769e-05
1.0,0.002849455082253532,-0.060106810927391056,0.1796418411657214,0.04846984297037125,0.3456710516940802,0.9380243943031442,0.23311192807967707,0.0,4.475774383556419e-05
1.0,0.09311999212573834,-0.780289900302887,0.32922844123095274,0.13158125489950181,0.5971692994609475,0.9276488625428585,0.3240263180123447,0.0,1.5805096255630685e-09
1.0,0.1127120294991608,-0.22629061788320542,0.14695110339671372,0.0005360415577888489,0.28765689044259485,0.967976476985751,0.2865172326068075,6.439105754063559e-17,2.2334957075726784e-17
1.0,0.12280433160177134,-0.44814609289169316,0.3432475419715047,0.05596518322825432,0.5640316304005683,0.9392822566386149,0.3092403426888961,0.0,0.0003471034287922058
1.0,0.07938375221936378,-0.1959077700972557,0.07670017015188932,0.08740089759230614,0.2444820223096758,0.9657049216952223,0.292996167553896,2.933971572683421e-15,1.0176899035387425e-15
1.0,0.016573573157691698,-0.6632130518555641,0.525921238772571,0.013041931837797165,0.18368276363238692,0.9384022194737515,0.26028329618988966,3.6860484890145e-05,1.2785585130238245e-05
1.0,0.1892600072273015,-0.3183904021978379,0.19378865081816912,0.12406684145331383,0.4652569144684821,0.9434783253061372,0.35247831878873315,0.0,0.0003586330441401639
1.0,0.15865655607727117,-0.7242809280753136,0.013105344213545322,0.15041667237877845,0.4054037603549659,0.9428283950496011,0.357190587405978,0.0,0.00021443892646106188
1.0,0.050564017998507065,-0.2691156625747681,0.4297582319006324,0.02185201480984688,0.0957244620192796,0.9592625698985023,0.26462468890448776,8.663555589981704e-12,3.005077872859935e-12
1.0,0.05756429590552821,-0.5893477886915207,0.2800794353708625,0.11874027386307717,0.34260652186349033,0.9466157710059714,0.304353599050726,0.0,0.0030659913174907044
1.0,0.14163544369721087,-0.041598393023014074,0.462399404682219,0.06976618483662606,0.6137133509013802,0.9360018182945837,0.3077848482031562,0.0,4.4336613654282374e-05
1.0,0.14334411811360223,-0.41941317170858383,0.29730113726109264,0.08617945671081544,0.4218030547816306,0.9510471141988762,0.32977887968706643,0.0,0.0004439057776628723
1.0,0.059298664771236013,-0.17478870153427126,0.47830161619931455,0.0573416668176651,0.1496111554466188,0.9605649534131683,0.28100690516873983,1.012088486474723e-11,3.5105733258045777e-12
1.0,0.048655226159385556,-0.691846975684166,0.03001445699483156,0.12294361472129822,0.2106338755134493,0.9510643923353119,0.30123248436510774,0.001394170799301197,0.00048358803454925535
1.0,0.15672362702818574,-0.33980683237314224,0.44535018783062696,0.014320172667503357,0.5205032351054251,0.9434808687118621,0.3137047597706061,0.0,0.001713803259487056
1.0,0.19071407376992805,-0.74564688205719,0.5466572737321257,0.02047583132982254,0.5797909593675286,0.9275781981493119,0.34120194784715263,0.0,3.508231667423713e-10
1.0,0.018051776910282175,-0.29769935458898544,0.21555124316364527,0.15163780301809313,0.2990040272660553,0.9449225028683943,0.2849498908240822,0.010559214011352281,0.003662614044630869
1.0,0.07812977876760248,-0.568080784380436,0.3636735716834664,0.06848703294992448,0.05234528337605297,0.9601354427312639,0.30284838672183423,8.281615404368559e-16,2.8725964697430307e-16
1.0,0.12152466370069362,-0.012717387080192566,0.09815049525350332,0.11986442059278489,0.3714069786481559,0.9603928532176523,0.31486547393550834,0.0,2.8816470335339443e-08
1.0,0.11416687466146361,-0.609574319422245,0.3120261853560805,0.1441227887570858,0.1712188288848847,0.9589190414126308,0.34124870514285777,1.0116251866641262e-09,3.5089663043053053e-10
1.0,0.09460053173735758,-0.3587001532316208,0.13106604907661676,0.032979881018400194,0.4812203142046928,0.9478018291695784,0.2841760670443235,0.0,0.0037636087873530663
1.0,0.001593145771463466,-0.4758070468902588,0.5794076392427087,0.10737822398543358,0.5373278313037008,0.9218034737010391,0.269173695715322,0.0,1.5788223785719083e-14
1.0,0.19805973793673856,-0.13001701682806016,0.1640327101573348,0.07598175331950188,0.26530296217650173,0.9614541451468799,0.3433490191949119,8.340667267985062e-11,2.893079451223556e-11
1.0,0.16886520061163435,-0.5366868585348129,0.04399279039353132,0.049827386885881425,0.320313703706488,0.9583094140895473,0.3335119789349855,0.0,1.000969711378128e-07
1.0,0.03377914103329797,-0.08248902708292008,0.37514030802994963,0.09868517532944679,0.639506215788424,0.924664594455591,0.26070134719080384,0.0,9.984014867621601e-11
1.0,0.07416273755977919,-0.7529194936156274,0.2269269274547696,0.001835664063692093,0.38793357784859833,0.944976919839982,0.28215931444903775,0.0,0.003857333203152301
1.0,0.13121455990918116,-0.20380598306655884,0.4924073724076152,0.13043912664055823,0.10731236703693867,0.9654517582486319,0.33391663307351305,2.2038412411289377e-22,7.644337801296096e-23
1.0,0.13793191164366028,-0.782958184927702,0.1390343729406595,0.06450526624917984,0.5009227756876499,0.9395438989194197,0.3267124356914577,0.0,0.00019721671868259315
1.0,0.0681009938577128,-0.23538876846432688,0.3224875688552856,0.11338232010602951,0.22903223654255273,0.9609051725412601,0.30119913081245675,3.74495077643409e-10,1.2989896118662156e-10
1.0,0.027258012482611543,-0.505781850963831,0.1717262327671051,0.026494026482105255,0.13241698079742492,0.9518979934011661,0.25601323193070236,0.00035429010019991423,0.0001228905764643841
1.0,0.17512939645490347,-0.05001551136374474,0.5895942214876413,0.1551557406783104,0.44258075604215263,0.9407833306426983,0.3516804294748409,0.0,0.00011755099854844213
1.0,0.19136887143718456,-0.45672416761517526,0.40480019263923167,0.1288004195690155,0.35421324030496176,0.9442843222623134,0.36415874176429985,0.0,0.00021821197952949956
1.0,0.00763154304917462,-0.11247842237353325,0.07145251259207726,0.01767723500728607,0.07312254833057523,0.9492795721801989,0.23627259810039036,0.0025305243892976502,0.0008777484913704825
1.0,0.10109519938498375,-0.6295479319989682,0.5217927418649196,0.08203622341156006,0.2794216771889478,0.951089504290791,0.3204936714676897,0.0011309669227462008,0.0003922920144254848
1.0,0.1079260495744146,-0.3771050669252873,0.254112134501338,0.050698767304420474,0.5981912110559643,0.9374655057889844,0.2951444134704151,0.0,0.00016193635296988062
1.0,0.1148326277508837,-0.5989979051053524,0.45156440846621987,0.005192735940217972,0.24556832539848983,0.9585025583874376,0.30455034459037655,8.358676184414745e-08,2.8993261008485153e-08
1.0,0.08416622797538144,-0.04517879262566567,0.26807201430201527,0.13629592195153237,0.5558617539703846,0.9394947304162694,0.2980603105116164,0.0,0.0004993388438179551
1.0,0.024547610966681177,-0.7156204946339131,0.41892440244555473,0.04318449690937996,0.4638626906927675,0.9299329708549449,0.2690461999641298,0.0,7.636222931457806e-09
1.0,0.18447519371132812,-0.26610426828265193,0.0010967563837766647,0.09454193249344826,0.19214136328548193,0.9666793524639941,0.34487337050375433,5.936805877443022e-20,2.0592658282702205e-20
1.0,0.16343903373421578,-0.6718856669962406,0.204623619094491,0.10089611396193504,0.0899563433136791,0.9598049269750946,0.3509973880847942,1.2019022836818686e-13,4.1689695651157416e-14
1.0,0.042592316048546346,-0.3213896177709103,0.5379286676645278,0.07199999615550041,0.4088545124605298,0.9404449608334375,0.27737002892562834,0.0,0.0006897483027368286
1.0,0.05277948429048178,-0.43850816413760185,0.0875340074300766,0.14764071688055994,0.6197708518337458,0.9287529196713794,0.29209598251526026,0.0,2.7276689627248604e-08
1.0,0.1496094834071273,-0.1923151858150959,0.3552561018615961,0.03899808570742607,0.33884835354983805,0.961524828199581,0.31585568533066,0.0,1.2084589576136637e-09
1.0,0.15252733954360617,-0.6783400192856789,0.5671042459085583,0.05273073554039002,0.37885946007445453,0.9439279767583996,0.3367340767336755,0.0,0.0008022632447606863
1.0,0.05649387139725329,-0.3274596303701401,0.1575858889147639,0.08375668466091156,0.04013852090574801,0.9655893589603656,0.2850744351486487,1.2313610743365315e-29,4.271151583847054e-30
1.0,0.039475873495898005,-0.4070779919624329,0.3090980289503932,0.015644960403442383,0.2915627807192504,0.9486545074885356,0.2592887357115705,0.008455323938442375,0.00293284975335741
1.0,0.1595245029719223,-0.16126972287893296,0.11524442005902528,0.12708026468753814,0.5920091748703271,0.9384100026509107,0.3300326252553111,0.0,0.000117595771239834
1.0,0.1815557438376994,-0.5554280489683151,0.2392302671447396,0.15843627840280533,0.5273580727539956,0.9333790614512627,0.3631308877641619,0.0,1.6301911386677112e-07
1.0,0.020831630122759837,-0.0012241855263710024,0.49885424729436634,0.02946107357740402,0.19902068463154138,0.9473432320729132,0.24519399905927952,0.009634782693274752,0.0033419618516506676
1.0,0.08728419126958496,-0.7341661199927331,0.04692092891782522,0.11010208636522294,0.14276362592354416,0.9588163258843851,0.3198924319913067,5.220002027084287e-10,1.810632185013558e-10
1.0,0.11874867925473234,-0.2850341796875,0.39096195492893454,0.06153791517019272,0.43342348107136786,0.9515144289898537,0.3086761891919859,0.0,0.0006835875480437578
1.0,0.10500893403907309,-0.48817877620458605,0.02356835100799799,0.03696572169661522,0.09986304882913828,0.9740908906593587,0.2996351116911441,6.480262763347641e-45,2.2477716034941755e-45
1.0,0.09737999563999711,-0.14354827404022216,0.43304636534303426,0.14592062279582024,0.4001412492897361,0.9507450239616476,0.3194757760913669,0.0,0.0007065339676652967
1.0,0.01074872620296034,-0.6231180161237717,0.28147993739694355,0.07403205618262292,0.6469482985883951,0.9175625071524808,0.259426544578371,0.0,1.3569866117025436e-16
1.0,0.1952825855612629,-0.37105944305658345,0.4753727445378899,0.10261651203036308,0.3080987241398543,0.9480525037067926,0.35849143665810235,0.0,0.0003144193480449058
1.0,0.17804803273180017,-0.7643881678581238,0.3701197313144803,0.0912618000805378,0.2584472155570984,0.9466414922962186,0.3597238615773545,0.0010300219219327948,0.00035727780055341395
1.0,0.03097473696915337,-0.21643441766500474,0.11045426409691572,0.04021709218621254,0.5489378589671106,0.9319478092835,0.24274791329766576,0.0,5.393384072060729e-07
1.0,0.06498221696677725,-0.54932731539011,0.5624784914776683,0.13957636073231697,0.4880646077916026,0.9341448769162989,0.31382019822233786,0.0,2.3269372803536717e-06
1.0,0.1340166037824321,-0.09394567906856538,0.21848009694367646,0.008159834295511245,0.1595975663419813,0.9808397852468375,0.29778602195462056,2.067444793756982e-55,7.171227261775643e-56
1.0,0.12795486008036572,-0.5177262209355832,0.4230250060558319,0.11658388167619706,0.6103989733941854,0.9314389978017579,0.32946789382451114,0.0,2.415152091491429e-07
1.0,0.07169956870125636,-0.06392529979348183,0.015745938196778296,0.0655199870467186,0.2719722680840641,0.9623840574590815,0.27648180737783323,9.584985802438835e-11,3.324689089534243e-11
1.0,0.03723893281242249,-0.7968555815517903,0.46504024900496005,0.1549180355668068,0.060907623302191495,0.940128106194473,0.31638360372693,2.2252663442861026e-05,7.718653828650732e-06
1.0,0.17152690418111374,-0.24734553024172784,0.2733463883399963,0.023443183600902556,0.3616552685666829,0.9592227965565046,0.32184542352019196,0.0,8.951573480301312e-08
1.0,0.20132098283897407,-0.6406383015215398,0.08343342170119285,0.012288203239440918,0.45419069280847907,0.9432261015553393,0.33760541146958845,0.0,0.0006572758775203161
1.0,0.004057859703406354,-0.3901606343686581,0.340606902167201,0.12122315466403961,0.12556132507510484,0.9444143929816514,0.27395261509586866,0.008547282125077892,0.0029647467625029695
1.0,0.0911391705529481,-0.4697677604854107,0.19114783219993114,0.059373940229415896,0.21741091946139932,0.9646480340882022,0.3007979034917959,8.621724989754042e-15,2.990568332308483e-15
1.0,0.11150360168669926,-0.1235807664692402,0.5326542399823665,0.08789961278438568,0.5077671238128095,0.9428192890560774,0.30674960009277596,0.0,0.0016810972702267454
1.0,0.12478512846251132,-0.7016864053905011,0.18637612983584403,0.1337192602455616,0.3266415001824498,0.9505719206492588,0.3425941649474855,0.0,0.0002725337085976543
1.0,0.08059215531977504,-0.2541353709995747,0.5936943959444761,0.004803067594766617,0.6272234241571277,0.9295034286682788,0.270237215333207,0.0,8.264100668722173e-08
1.0,0.01459275006415991,-0.5870170332491398,0.14430917613208294,0.09540473774075509,0.42107267342507837,0.9346179227976324,0.2691929381682693,0.0,3.3548275349796603e-06
1.0,0.1880515778940984,-0.03125667795538902,0.3359626941382885,0.04686028733849525,0.08251515130512416,0.9729982387405437,0.3352012806909799,5.793752183633385e-45,2.009645613401936e-45
1.0,0.1534615928610831,-0.42547689750790596,0.5071428269147873,0.07801411852240563,0.18052826330065727,0.9604500055655326,0.3372277441361232,3.0850059626698596e-11,1.0700783367490038e-11
1.0,0.04619128020192804,-0.18124934360384942,0.25001197792589663,0.10909831687808037,0.4707174374442547,0.9411867411162068,0.27802466736734543,0.0,0.0012456317708246858
1.0,0.06275923669077835,-0.6608074329793454,0.399525335803628,0.03094782218337059,0.5674822347983718,0.9305632338854432,0.2805576864198227,0.0,1.320746824228881e-07
1.0,0.14600815906285194,-0.3083707429468632,0.057977440953254696,0.14240238949656486,0.23872074133716523,0.9659759161279627,0.34359942036753,1.617345655660608e-16,5.609994178616546e-17
1.0,0.14546771184600346,-0.528747633099556,0.524510083347559,0.024236196130514146,0.5176886285096407,0.9397482969851185,0.318468662680118,0.0,0.00030370393281058306
1.0,0.0636983615137346,-0.07787947207689286,0.2554687555879354,0.15287868306040764,0.20742658670060338,0.9624618339818054,0.3056729534890945,1.8754198380226275e-12,6.505161303612369e-13
1.0,0.0452401111058547,-0.7574375435709954,0.4074936266988516,0.06723032221198082,0.15407412383705377,0.9453759468600413,0.2923247169293044,0.01009295776934177,0.0035008864142837114
1.0,0.15401413301477843,-0.21164149641990662,0.07286994829773903,0.11612721130251885,0.42576399176381524,0.9538324482782101,0.33250753256398635,0.0,6.811444561501882e-05
1.0,0.18699743634584026,-0.6050563171505928,0.1691782906651497,0.08993859127163888,0.3707136918231845,0.9471134689197839,0.3535880856839535,0.0,0.00048313357175443385
1.0,0.015248262670040058,-0.35086468756198885,0.5880315978080034,0.05858129754662514,0.051781718051061035,0.9446690723874992,0.2613500717381444,0.008208926475000381,0.002847383277425221
1.0,0.07994873565074173,-0.48374632000923157,0.13646452613174914,0.12168082907795906,0.3007482275366783,0.956405405207627,0.31205066950629,0.0,2.9525849724363812e-06
1.0,0.12582722573765237,-0.1346266195178032,0.32098318487405775,0.010576869398355485,0.5817044577281922,0.9411582175959389,0.28627794588778366,0.0,0.001391429876294275
1.0,0.11046172339834213,-0.7377566397190094,0.08484070748090744,0.04608535647392273,0.26713238982483745,0.9575130757947838,0.3117799525424676,7.901082752084946e-07,2.740603289644945e-07
1.0,0.09178241989892723,-0.29313837736845016,0.35383883602917193,0.09742356717586517,0.5389891425240785,0.9404780905694019,0.30164992511891053,0.0,0.0007511064067841131
1.0,0.003402566084310152,-0.5727454736828804,0.20190616138279438,0.0030715990066528323,0.4807216221280396,0.9272416198403496,0.2343619122051167,0.0,8.498085102617375e-11
1.0,0.20237495406417802,-0.02069913446903229,0.5365718945860862,0.13419462263584137,0.17059156061150135,0.953004212297368,0.36166760819918253,1.2881652545594089e-05,4.468184988089438e-06
1.0,0.17097419370436423,-0.41474843472242356,0.42149409726262094,0.14038439184427262,0.11118981504812836,0.9570581162769247,0.3614158916700638,9.296269750864525e-10,3.2245438074829873e-10
1.0,0.03819032089527978,-0.1668069064617157,0.0026010241359472274,0.03172192543745041,0.392311911964789,0.9450326126997813,0.24559226701119052,0.0,0.0033859105300025768
1.0,0.07076027355524592,-0.6997371703386307,0.4541125204414129,0.10862271338701249,0.6363643819652498,0.9239124659463234,0.3060704274503214,0.0,1.4731362687536846e-11
1.0,0.12849552628399818,-0.3443677619099617,0.26963477209210396,0.0797458228468895,0.3175633704382926,0.9617901698761595,0.321088335406153,0.0,3.3881443057358764e-10
1.0,0.13495864842917432,-0.6673674143850804,0.3615328961983323,0.12504246905446054,0.44310650818049907,0.9416094441211418,0.3434737578570257,0.0,0.0002702289569615501
1.0,0.0644388499261428,-0.31355430707335474,0.0950267544016242,0.01643886223435402,0.13314808080904186,0.9660228119772961,0.2684374897096078,8.50832576604453e-22,2.951234193521043e-22
1.0,0.031530975566310925,-0.4464471869170666,0.5445407560095191,0.083300269395113,0.2271577148512006,0.9449802274049017,0.28188666298765575,0.010695389761721808,0.0037098485466785934
1.0,0.17709316519226462,-0.19692494347691536,0.2123670095577836,0.05444325223565102,0.4991395987477153,0.9470713055002052,0.32523367921872326,0.0,0.001672242964616426
1.0,0.1959351783433571,-0.5910588346421719,0.031985786743462086,0.0607436440885067,0.6014339860901237,0.9320179026260226,0.339450126544516,0.0,2.405236232680591e-07
1.0,0.009697504478488151,-0.04056898728013039,0.4486799133941531,0.11214025661349297,0.28220079756341876,0.9424477856142712,0.2651958623478857,0.004512456537230104,0.0015652099362013737
1.0,0.09841839447167597,-0.7201386995613576,0.29929404985159636,0.02774955615401268,0.06912496164441109,0.9619680721699847,0.3021731210509321,3.1717420680539608e-18,1.1001639925009199e-18
1.0,0.10436921281350199,-0.2739395312964916,0.48157285172492265,0.1588916902244091,0.3497869216185063,0.9516859210255935,0.33203053063281374,0.0,0.0002328393074248848
1.0,0.11938861946708738,-0.45205968096852306,0.229043579287827,0.10463576823472977,0.18779851539060474,0.9674134916122309,0.32709047257707724,1.7770140663208688e-20,6.1638268433768516e-21
1.0,0.08624562211485193,-0.1044964723289013,0.49559177588671444,0.07325913518667221,0.4599497564602643,0.945792800818731,0.2907705113879502,0.0,0.0038488085437109448
1.0,0.021883070834015972,-0.6374383769929409,0.046133349649608135,0.14639740854501723,0.5585754375346005,0.9261762467177094,0.28344153917424275,0.0,1.6898681767077797e-10
1.0,0.18090298073255104,-0.3816658414900303,0.3782638968899846,0.03523527592420578,0.24874680892564358,0.9606490203096528,0.33606416252232185,4.320030015488463e-10,1.4984640514856507e-10
1.0,0.16047920018840367,-0.775067787617445,0.5774145746603608,0.008933582305908204,0.33714922914281487,0.9446695716421791,0.3330948590981435,0.0,0.0010882393910555252
1.0,0.038919853885524394,-0.23082804158329964,0.16076135840266942,0.137556272149086,0.6179792373720556,0.9282410243780508,0.27640061114033065,0.0,1.5096512795795315e-08
1.0,0.05703706811483356,-0.5104463852941991,0.3100550254806876,0.04194730162620545,0.4095207574032247,0.9443324410917853,0.27790307954626137,0.0,0.0035499056813883033
1.0,0.1515855138836479,-0.05799750909209252,0.12773645762354136,0.09078525483608246,0.09041605872102082,0.9821424551434288,0.32715677243045493,1.280502214953659e-75,4.441604641811312e-76
1.0,0.14906628668954702,-0.7690040290355683,0.18960237465798854,0.15717464670538903,0.5891468586679548,0.9281072155320998,0.3525720868240726,0.0,7.377364908350683e-10
1.0,0.053721309950440055,-0.22436733692884447,0.5301257528364658,0.02571901962161064,0.28853351157158613,0.9507930387340328,0.26869372859141527,0.0031701740146627203,0.0010996200908083033
1.0,0.041637618832064974,-0.5414859011769295,0.08191187158226966,0.11385760650038719,0.04433273616246879,0.9580068157477041,0.2910485199705469,1.877235448410589e-12,6.511459007304497e-13
1.0,0.1639950533445894,-0.0894335299730301,0.338017600402236,0.06277387425303459,0.3829216086864471,0.9569875381869252,0.32385546044700586,0.0,2.7701272360997878e-06
1.0,0.183423753000072,-0.49602014273405076,0.46641632504761216,0.0514727945625782,0.4326080217491835,0.9436331125025472,0.34215775462442666,0.0,0.0006034094060396
1.0,0.02520037407182955,-0.14806037545204162,0.276080895960331,0.08001830235123635,0.14245254315435887,0.9538212833574261,0.2650751118543442,3.284197039190894e-05,1.1391706038104261e-05
1.0,0.0835262877630264,-0.6185021072626115,0.424422986805439,0.01940901592373848,0.20057059465907515,0.9563718154949953,0.29323663105112674,1.5666334743958058e-06,5.434091742000875e-07
1.0,0.11587119690561673,-0.3631264761090279,0.018422206118702888,0.12832474008202552,0.5292983198538422,0.9433856784093282,0.3179861288659469,0.0,0.0014982489318698525
1.0,0.10688765074273575,-0.5599949270486831,0.40104676969349384,0.0925026559829712,0.31012246021069584,0.9539675516276743,0.32242097211863996,0.0,3.9312831989006036e-05
1.0,0.10173492061055484,-0.00910852700471878,0.060566590726375574,0.04397743284702301,0.6485828428901732,0.9343606241057992,0.2697394796984446,0.0,2.248818226549599e-05
1.0,0.006978950267080431,-0.7261780664324761,0.5086884185671806,0.13583917498588563,0.3997647115308791,0.9278335589091586,0.29039447172362687,0.0,2.2084772583190008e-11
1.0,0.19242009316165676,-0.28037579655647277,0.252540634945035,0.0069031471014022825,0.09898331617936493,0.9715234128391924,0.33192661067954465,2.0615260263004414e-38,7.150697172329665e-39
1.0,0.1745731578577459,-0.6863281205296516,0.14291136525571346,0.03820536643266678,0.16374378566630185,0.9608712416962927,0.3403990959198472,2.3702031170227856e-12,8.221387705280324e-13
1.0,0.028212880022147096,-0.33211806118488313,0.33328656032681464,0.1496797713637352,0.49234171209856864,0.9340883096483078,0.28691847992116837,0.0,4.0118378415085025e-06
1.0,0.06715894921097058,-0.40251116156578065,0.18499990180134773,0.07028873831033706,0.5458437165711075,0.9378270308953692,0.28084085008648796,0.0,0.00019821481703903793
1.0,0.13847527868429474,-0.153385429084301,0.5909597720950842,0.10135371178388596,0.255518880803138,0.9579394140163915,0.32960179090477704,1.5147637374794648e-07,5.2541741584412925e-08
1.0,0.13215385505519162,-0.43331851437687874,0.05023348834365606,0.013547328263521195,0.36200532800517976,0.9605369995664431,0.3028606872714097,0.0,1.9046755589477392e-08
1.0,0.07362207135614673,-0.18576129004359246,0.3929138297215104,0.12496279492974281,0.061684105955064295,0.967401392627848,0.30818563722658354,1.0164150598756124e-31,3.525580662985332e-32
1.0,0.03433185151004749,-0.6561917744576932,0.242518668808043,0.05561114504933357,0.269994207797572,0.9452727378375828,0.27582185983446006,0.011782678879977245,0.004086990291397022
1.0,0.16791381252877705,-0.30043762102723126,0.5008666148409248,0.08665631905198097,0.6088868765532971,0.9325346436298412,0.3333119151086088,0.0,6.686787633358735e-07
1.0,0.19871503155583475,-0.7063021115958691,0.30595483314245936,0.11784425601363183,0.5107597432564944,0.9307057527793661,0.3649417206435449,0.0,3.130419312169915e-09
1.0,0.0005391745462594996,-0.26206854060292245,0.11308657843619585,0.06926085755228996,0.22030988536775112,0.9438708684003329,0.24811458716599488,0.006782918248192886,0.0023527519768711167
1.0,0.0956424100257147,-0.5791754640638829,0.5639394672587513,0.1511613343656063,0.1215346626844257,0.9529937447743368,0.3353132603817607,2.187554337428556e-05,7.587844351904483e-06
1.0,0.11352362531548449,-0.0267447791993618,0.15548653732985257,0.022205964773893357,0.44996099133044476,0.9538464685205478,0.28096185599605505,0.0,0.00025257550649765697
1.0,0.12216808336972691,-0.6486261524260044,0.5591899735853075,0.07677573114633561,0.0782013972941786,0.956582128815401,0.3287612738791307,2.664641672562281e-09,9.242689847315096e-10
1.0,0.07708768149246141,-0.39481922015547755,0.21646757740527392,0.10534035176038742,0.4169631038047373,0.9490532747877483,0.30143202877295383,0.0,0.002196560980903652
1.0,0.019105918458540323,-0.46520067974925045,0.3668073059991002,0.03469232112169266,0.6301872451324017,0.9210218308374096,0.24897732733343858,0.0,8.381632952997021e-14
1.0,0.1900585611640479,-0.11569662764668465,0.10850255917757749,0.14366644948720933,0.32970015635713934,0.9548527575272858,0.35438799323380354,0.0,4.507384282075621e-06
1.0,0.15767479612425908,-0.5222932539880276,0.28464488591998816,0.13247722029685974,0.23712517370469868,0.9566702329286726,0.35375505686556497,3.2284385213143997e-07,1.1198299662911288e-07
1.0,0.04810268600569022,-0.07180939093232155,0.477472230233252,0.0010414689779281617,0.5654195220582188,0.9311432429257815,0.2435346520830607,0.0,2.492475969428654e-07
1.0,0.05983911198808451,-0.7888676829636098,0.02671139482408762,0.09914066314697266,0.4715593569073826,0.9363775591508834,0.2966080455911202,0.0,3.113647796941795e-05
1.0,0.142404993290646,-0.24268689677119257,0.4352040907368064,0.04811579287052155,0.1809426142461598,0.9693086343500117,0.31813029310420193,1.4766878433797755e-24,5.122102486874186e-25
1.0,0.14109497214849748,-0.6213016115128994,0.0052417622879147524,0.10671656742691994,0.29697826078161593,0.9571878110264034,0.3385625917402185,9.562891183672146e-07,3.317025255756586e-07
1.0,0.05850339639661959,-0.3719957508146763,0.414761015586555,0.07555455878376961,0.5877851010579616,0.9314678465726806,0.2806141771624403,0.0,5.825526146629135e-07
1.0,0.049612824570568835,-0.49222784712910655,0.2629015831276774,0.14494556680321694,0.37478442111983895,0.9447200282075587,0.3041378457213826,0.0,0.002688587763726456
1.0,0.15920907189910163,-0.1386191062629223,0.45675322283059355,0.03356821849942208,0.045404966110363605,0.9735008277094409,0.3170888174686589,8.64428104805997e-56,2.9983922229743856e-56
1.0,0.18820584134717847,-0.5452659644186497,0.3511980542913079,0.0022629420459270477,0.1386896868236363,0.9619758178335978,0.33689069517011927,1.0950653971150302e-14,3.798390579971917e-15
1.0,0.017229061431706962,-0.09888703450560571,0.09157381709665059,0.13110069498419763,0.4386888264212757,0.9378199359573889,0.2635397258904033,0.0,0.00011432911535245942
1.0,0.07874030821846559,-0.7661922983825207,0.5433050399646163,0.04923898503184319,0.5327723075263202,0.9308802692109162,0.3007554870554061,0.0,8.674190851110269e-08
1.0,0.12384640454504753,-0.21551029160618784,0.19926548693329096,0.0978624664247036,0.19479785610921682,0.973524304319208,0.32041537491966243,1.982214926722969e-31,6.87559530689227e-32
1.0,0.11167012687893879,-0.41239016577601434,0.5853896358981728,0.1236052092909813,0.6427254246175289,0.9273542534733129,0.3221079102169724,0.0,2.3642710848381666e-09
1.0,0.09376321713985257,-0.15683459714055062,0.17591243740171195,0.014747457802295685,0.3135130043607205,0.9630911468084039,0.2782903729261089,0.0,3.9400870828468894e-11
1.0,0.002194137131292447,-0.6770176686346532,0.32771758195012807,0.08535674065351487,0.10512836690992117,0.9401322233068241,0.269889933134701,0.00011722810106199766,4.066223952971031e-05
1.0,0.20039413135083162,-0.329659029096365,0.1338227430358529,0.05675323873758316,0.39606733745895323,0.9510133726022664,0.34164968257858375,0.0,0.0002540343494701192
1.0,0.1666014555275998,-0.7354762859642506,0.2581107454374432,0.06805980741977692,0.4933311529830098,0.9384675915306471,0.3412614716712393,0.0,5.0148314222996115e-05
1.0,0.03299535729890631,-0.2828470639884472,0.5177758930251002,0.11920275211334229,0.1555224274005741,0.9508577670650011,0.28888354861492394,0.0014567794747823392,0.000505304746975619
1.0,0.07513298854070162,-0.5501036964356899,0.06613557916134595,0.021064180731773376,0.25422325991094114,0.9591409490100762,0.2810333517125626,4.4275346675438725e-08,1.5357535739877944e-08
1.0,0.13369046668906293,-0.005671588331460953,0.4101353662088513,0.15246061205863953,0.5543532208632678,0.9394213092929405,0.3268161913176504,0.0,0.00021913797405199236
1.0,0.14012867186404274,-0.582577307522297,0.16809077560901642,0.04275721833109856,0.06513509666547179,0.9726282072023104,0.32149384142983073,6.967115958189869e-49,2.4166435808198996e-49
1.0,0.0688364796006825,-0.03657650053501129,0.5753678116947413,0.09388036593794823,0.3562363889534026,0.9493283333792484,0.29015935842355267,0.0,0.002271739205271275
1.0,0.026360926659021476,-0.703893405199051,0.12568965889513492,0.005781137198209762,0.6051289104856551,0.9227541097644066,0.2480180821865141,0.0,1.046665732225173e-12
1.0,0.17269551004530384,-0.2528084680438042,0.317384335398674,0.1371186326444149,0.27605092474259435,0.9570570771501079,0.35405382480602376,3.695019923976282e-07,1.281670383249789e-07
1.0,0.19392944094092668,-0.6586126595735551,0.4882623843848705,0.1483023716509342,0.212139774877578,0.9413403979045953,0.3785139806112141,3.83667927989039e-05,1.330806952123814e-05
1.0,0.008513992495666792,-0.30968551188707355,0.23109029643237589,0.03942528083920479,0.5118468621466309,0.9288296443624802,0.2379365169234139,0.0,3.2005889983791703e-09
1.0,0.10042410868279766,-0.4299288555979729,0.38031072132289406,0.10007333412766457,0.4584193932823836,0.9457256967261549,0.31423713731336467,0.0,0.0023807972578659873
1.0,0.10555270160501463,-0.17591738104820254,0.03880399391055107,0.07141165927052498,0.12014121835120023,0.98002307546303,0.30163821463841056,1.575216342536086e-58,5.463862644797159e-59
1.0,0.11738288054391542,-0.7977872893214226,0.4413515590131283,0.026921252608299254,0.41565259397029874,0.9428837863500866,0.3151509179843578,0.0,0.0012589211307047943
1.0,0.08506210861128902,-0.24553677439689636,0.03403132371604443,0.15581740736961366,0.08674382450990378,0.9727110435366754,0.32018222178420186,1.1522561829657501e-42,3.9967649809975125e-43
1.0,0.02388878352439611,-0.5128046542406083,0.4836185675114393,0.06391691744327545,0.3307212839648127,0.9391805389626696,0.2717223290447177,0.0,0.0001786107790837219
1.0,0.18208646800332212,-0.0679698184132576,0.29196594581007956,0.11255950927734375,0.6219522341247649,0.9336355027504741,0.334138483419671,0.0,2.3564607709601135e-06
1.0,0.16564922514401365,-0.4747014582157135,0.10235506296157837,0.08137463063001633,0.5715607732906938,0.9382377294229457,0.33135913432793607,0.0,9.066020570354605e-05
1.0,0.04331748508080566,-0.11952401846647263,0.359487384930253,0.050271481573581696,0.23345079659484327,0.9548685750704192,0.2658619950586635,3.638251600315012e-05,1.2619794801855667e-05
1.0,0.05186702072828567,-0.6397187307476998,0.21032124795019627,0.1296231374144554,0.17510928370058537,0.9521304376498686,0.30687751941132846,0.00035227296020407445,0.00012219090267514123
1.0,0.1471878602574287,-0.3919571548700333,0.5518688857555389,0.018265662491321565,0.47494501079432666,0.9447003532427184,0.31493812136901767,0.0,0.0020949021615562797
1.0,0.150249798292183,-0.48113755509257317,0.33064570706337687,0.07438112512230874,0.20640981988050044,0.9639023689649132,0.33418962921617523,1.123616859233796e-14,3.897425400213755e-15
1.0,0.05572704697268508,-0.1255635567009449,0.1496444033458829,0.10335629299283028,0.525918696988374,0.9391838443933235,0.27472985785574655,0.0,0.000479054233366878
1.0,0.04045412966036694,-0.6082580961287022,0.5976929889991879,0.03645550861954689,0.4270695545244962,0.9341948772237215,0.27629132901883613,0.0,1.9015205224187164e-06
1.0,0.1619893387532823,-0.3608934246003628,0.18235929887741803,0.14501971915364265,0.14553606195375324,0.9648678870918921,0.3533272055725881,5.066662194983925e-19,1.7574440763107336e-19
1.0,0.17902612370571766,-0.7542479939758778,0.06320740040391683,0.13883666798472405,0.057610683264210816,0.9520866996232124,0.3662910162896552,4.368314512765368e-06,1.5152122183164561e-06
1.0,0.020030351017146536,-0.20160053297877312,0.39431375954300163,0.0078106819093227385,0.36733298500999806,0.9394070602671438,0.23899921909560506,0.0,0.00020365523718605393
1.0,0.08792394329017254,-0.5313686333596707,0.24580737445503473,0.09216263458132744,0.5755681490246207,0.9354205005656431,0.30245796209299813,0.0,2.466854153434635e-05
1.0,0.12104124619309156,-0.08693030253052712,0.5113290494307875,0.04072736963629723,0.3044182438589632,0.9608409722272641,0.30205186788235117,0.0,1.918858761711468e-09
1.0,0.10249001992763987,-0.6900489054620267,0.27872281428426504,0.015295800864696504,0.542742166062817,0.937530005336072,0.2955046056199422,0.0,0.00012839064512197096
1.0,0.09656489603513027,-0.34072480574250225,0.4596820631995797,0.12634054571390152,0.2610800336673856,0.9580062372554372,0.32243336416178503,2.1221062181114942e-07,7.36082821154817e-08
1.0,0.011376604273485023,-0.42346836999058723,0.011687908507883548,0.053241039216518404,0.16714493523351848,0.9485070121968153,0.2517697867793204,0.007232093456060928,0.0025085548068041743
1.0,0.19759014092839006,-0.16985340639948845,0.4270647978410125,0.08465752631425857,0.48648561410605906,0.9413131422883755,0.3436688785648865,0.0,0.0002490310846518842
1.0,0.17575667098112344,-0.5640377677977085,0.527483862452209,0.11084187924861909,0.38385845708660776,0.9414608648664248,0.35738555341476175,0.0,0.00010826909093032724
1.0,0.030218618565133675,-0.017640408128499985,0.19633659292012454,0.06188701510429383,0.1125788940489292,0.9569053482199212,0.258148677133913,1.4424803106099203e-08,5.00344877853914e-09
1.0,0.0659754615600141,-0.7474571399390698,0.3447519259527326,0.15753534376621248,0.3257291201408952,0.9426705268879089,0.3254879468088945,0.0,0.0007414233622503653
1.0,0.13646956561372922,-0.2967691011726856,0.07927001696079969,0.02895084857940674,0.6352822056040168,0.9369181361570456,0.2951796419672331,0.0,0.0001283407208007681
1.0,0.1301730566737101,-0.7165461227297784,0.47014276720583437,0.09614442989230156,0.12699808300472795,0.9555881787459112,0.33932511714408,2.5871815243393e-07,8.974008270754886e-08
1.0,0.07241366673499391,-0.26430159211158755,0.2866915315389633,0.04720944151282311,0.44680824758484955,0.9472522275726601,0.27797463828127067,0.0,0.004177727773994465
1.0,0.03631267308283772,-0.5940580517053604,0.4372509866952896,0.13281842514872552,0.5050013778079301,0.9305156157432064,0.2962887984614586,0.0,3.953100585700434e-08
1.0,0.1691222403412386,-0.04924159795045853,0.019382110610604287,0.004292791932821274,0.22376222817227245,0.9763726325834867,0.3090895395876728,5.429612650417331e-35,1.8833386205586647e-35
1.0,0.20390999629276438,-0.4434357821941376,0.22379706613719463,0.030598751455545425,0.2835013609845191,0.9558922586348574,0.3438610470153556,2.854485512020324e-06,9.901190292460092e-07
1.0,0.004911913863580078,-0.18826451748609543,0.5571432821452618,0.1416626091301441,0.5929201210103929,0.9206868425989783,0.26836923726507766,0.0,1.6272598501316068e-14
1.0,0.09044747076120611,-0.6709478095173836,0.10645568892359733,0.07852432981133461,0.3487931154016405,0.9515414276254632,0.30813600840588895,0.0,0.0005390407479110113
1.0,0.10915091147058496,-0.32320442497730256,0.37413654439151284,0.1099992211163044,0.0773512669838965,0.9707445269801123,0.32123471449188623,2.0306613452702847e-39,7.043638622230606e-40
1.0,0.127363046585915,-0.501336045563221,0.12041481547057628,0.1541782432794571,0.4680913093592971,0.9448319588833176,0.3390527968602862,0.0,0.0009056966503236158
1.0,0.08146041928904044,-0.0553414136171341,0.3039092503488064,0.02309408187866211,0.18672133836895227,0.9680848116297718,0.2758137227353443,1.0374326548616879e-21,3.598483190102978e-22
1.0,0.013910977673290184,-0.7851468980312348,0.15344084724783896,0.11748481690883637,0.24029711718671024,0.9391404246727459,0.2860690214997238,0.00021238163237959437,7.366759957122162e-05
1.0,0.18568584579840683,-0.23408015221357348,0.5712676685303449,0.06603021025657654,0.5599415559321642,0.9349255868094254,0.3358051343428593,0.0,4.513930772454493e-06
1.0,0.15569399926351912,-0.6273470789194108,0.3855855468660593,0.05972310155630112,0.6145008889120073,0.931012094511891,0.3295130226034855,0.0,1.40968500221293e-07
1.0,0.04689428290527895,-0.3784259155392647,0.05227909684181213,0.08863933116197587,0.3429269102215767,0.9500730398719659,0.27830332475101405,0.0,0.0018277534422020912
1.0,0.061819935081616297,-0.4611578390002251,0.5029122591018677,0.011777901351451875,0.09418386212550103,0.9565593500512207,0.2748503871497342,2.7364128564023898e-08,9.49163843917994e-09
1.0,0.14361342262384907,-0.10716474652290345,0.23519049324095248,0.12032231241464615,0.40343558739870783,0.9556279962993389,0.32916313459861735,0.0,1.3494177550548162e-05
1.0,0.1441107541563103,-0.46034419536590576,0.14829323664307595,0.04118315547704697,0.5831106651481242,0.9395062478401363,0.31123896066789525,0.0,0.00039522960343835677
1.0,0.0615219066147824,-0.10809969753026963,0.33178652487695215,0.09232574731111527,0.30172745045274496,0.9561469699711239,0.286374855564527,0.0,6.186126099352395e-06
1.0,0.04659391781904551,-0.6253561273217202,0.18122649751603603,0.00793504446744919,0.05022920268587768,0.9571193436011558,0.26619830761005847,9.96953853669489e-11,3.4580766924252514e-11
1.0,0.15619366589463834,-0.3805397003889084,0.5990544654428959,0.13933119922876358,0.36988601252436637,0.9444959351798029,0.35242349025186925,0.0,0.00044174043991601685
1.0,0.1851884899340807,-0.787137733399868,0.3952254429459572,0.14548190414905549,0.42452415327541526,0.932695238597272,0.37234305363775977,0.0,8.678065760462619e-09
1.0,0.014208981808259196,-0.23196648359298708,0.06192014403641224,0.03662442922592163,0.15292853198945522,0.9502561123976359,0.24411013831772255,0.0020471505998080806,0.0007100833954374365
1.0,0.08176076004340899,-0.5021497577428818,0.5126083094626664,0.10348583400249481,0.2091105846967548,0.9549578522676204,0.3146109053182323,1.1486518756185328e-05,3.9842629266808905e-06
1.0,0.12686335562293088,-0.054406394064426426,0.2448853924870491,0.07488268494606018,0.5183848251774907,0.9471017419126566,0.302812600462977,0.0,0.003096039698349799
1.0,0.10865472353577323,-0.6700364202260971,0.46110712140798565,0.02913868322968483,0.31826219403184947,0.9514491472472815,0.30977285609927563,0.0,0.0004822696697623134
1.0,0.09074430696666075,-0.32404180914163594,0.27765474803745743,0.15797617867588998,0.6380509887076915,0.9308108870163149,0.3137306844260399,0.0,2.915580445686393e-07
1.0,0.005212643927786762,-0.4413472756743431,0.42812257893383504,0.062367201000452045,0.39116892886348065,0.9332657378909832,0.2563512277664266,0.0,2.982420435763087e-07
1.0,0.20340991601994216,-0.19028054475784303,0.010254840552806854,0.11099034860730171,0.10995260348543526,0.963503986087344,0.35379873305464904,1.3812462604455088e-19,4.791049738325832e-20
1.0,0.16961840394418545,-0.5961466327309609,0.19535102918744088,0.08484079286456109,0.16976127256639303,0.960688445121453,0.3476382922825052,5.316205879539868e-12,1.8440018639283508e-12
1.0,0.03601581254551821,-0.047225496172904974,0.5286983873695135,0.05367911800742149,0.47916647983714933,0.9352619997270825,0.2559603130654642,0.0,1.2972068113706504e-05
1.0,0.07211291233892235,-0.7174573898315431,0.07806579731404781,0.12681738421320915,0.5399657385144383,0.9336080678241797,0.3075899607061324,0.0,2.741782844471973e-06
1.0,0.13067311261466744,-0.263464330136776,0.34574551060795783,0.015440293401479722,0.2685359884984791,0.9673883080306641,0.30380005874240745,4.806665418240643e-17,1.6672604845173568e-17
1.0,0.136767570509069,-0.7498394496738912,0.28783178273588417,0.10949919402599335,0.3514921440836042,0.9473108394846151,0.3434023601394889,0.0,0.0007788989383494653
1.0,0.06547810645605877,-0.29426548406481745,0.468792169354856,0.07839569211006164,0.06980516951531171,0.9627955399389837,0.2935380412362395,1.3538555055926775e-19,4.696040996852116e-20
1.0,0.029718926841778796,-0.5644599936902523,0.020743011496961117,0.14149522602558137,0.28094497027806936,0.9462266414446912,0.29191937309528826,0.011062422158425577,0.00383715897049958
1.0,0.17605701097512122,-0.017095348984003066,0.4361187631264329,0.03013747453689575,0.6003096187114716,0.9371686706938601,0.31181594086822095,0.0,9.013896430255761e-05
1.0,0.19729211170118538,-0.42304602786898615,0.5558565946295857,0.0037967225909233096,0.49760307217948135,0.9387645465078583,0.3332169471964237,0.0,8.650419267406458e-05
1.0,0.011873935045575474,-0.17039858177304268,0.22470818292349576,0.13269315391778946,0.226308811083436,0.9473996709474091,0.2742555567688093,0.011593950242473493,0.004021527070592695
1.0,0.09706456342662027,-0.6876666642725469,0.3732151402160525,0.047044795453548435,0.1345330637600273,0.959117419001158,0.30826724948599526,1.6544217410533788e-10,5.738597871025396e-11
1.0,0.1021896556017772,-0.34322835430502896,0.10773437339812517,0.0956877401471138,0.4441017198935151,0.9511838257463282,0.30663253245614475,0.0,0.0008851496926384329
1.0,0.12074438489540128,-0.5338485099375249,0.30284060854464767,0.12017932936549187,0.09141389735974371,0.9666919515107475,0.3339825394252959,4.8073522371836297e-26,1.6674987174676498e-26
1.0,0.08842010613274862,-0.0845244310796261,0.12184045147150754,0.011301981061697006,0.41090834910050034,0.954174115234232,0.2672517912558934,0.0,0.0001609913206660801
1.0,0.02053040771847466,-0.7547679774463177,0.5698340339586139,0.08820277616381646,0.6171329423505814,0.9168568596064279,0.2808825016979586,0.0,5.919756715146172e-18
1.0,0.17872537007001688,-0.20115302875638008,0.15449919719249008,0.05954076752066612,0.3356153295002877,0.9608155005515182,0.3317604688598019,0.0,2.3275481610529157e-09
1.0,0.16228617571910772,-0.6077381871640682,0.05349419955164194,0.06588021770119667,0.24761983280070127,0.9607967805352862,0.3379191917151674,2.650584098342708e-10,9.193929145320917e-11
1.0,0.03995794248592599,-0.36134085431694984,0.3845994075760245,0.11700369909405708,0.5573169833235443,0.931050143703497,0.2830690253272439,0.0,2.3312281609778324e-07
1.0,0.05522696593949207,-0.47865755632519724,0.23618464674800632,0.022651738077402114,0.4606273374054581,0.9413859602534688,0.26701275935073976,0.0,0.001353180546221218
1.0,0.1505505275960189,-0.12796955034136773,0.5017074728384614,0.1539894910156727,0.18950112910941244,0.9594494764670649,0.34843680607791083,4.0952580094684763e-10,1.4204986740244523e-10
1.0,0.1468898561224597,-0.638777706027031,0.41347321830689904,0.0977173587679863,0.530594005510211,0.9358558574685707,0.3389287269927803,0.0,7.992600996475568e-06
1.0,0.052364376592611776,-0.3927768722176552,0.006154129654169082,0.04876275211572647,0.20166033933870495,0.9596187101429814,0.27171091205962894,1.810339332647571e-09,6.279420284667114e-10
1.0,0.04381717604378976,-0.4725938066840172,0.4558328546583652,0.1306632313132286,0.14071269799023867,0.95090443642409,0.3028385839923008,0.0010646907806406466,0.0003693031888709711
1.0,0.1653488843896451,-0.12150883674621582,0.26417908631265163,0.002079069912433624,0.4319676722493022,0.9554685842324114,0.3069507687306282,0.0,3.679114126986615e-05
1.0,0.182384496470156,-0.5149122372269631,0.09271510429680348,0.03342035472393036,0.38149678554385896,0.9530685385130984,0.3338600645776588,0.0,8.71836896567058e-05
1.0,0.023391451991934882,-0.0659850686788559,0.3498462751507759,0.14446476578712464,0.0433721289690584,0.9551474791182909,0.2852192695455281,4.747439339642622e-08,1.6467170740846974e-08
1.0,0.0845624419801698,-0.7987284302711487,0.20062527805566788,0.07511311829090118,0.2901046426594257,0.9499106778049097,0.31026702506209924,0.0031538947874466846,0.0010939734085672686
1.0,0.11768324563014886,-0.24471694082021714,0.5421740669757128,0.10652934789657593,0.5899559222441166,0.9347339912152877,0.31610023071621385,0.0,1.0112120117219732e-05
1.0,0.10584956214233415,-0.42908538579940797,0.17712650187313556,0.151959657818079,0.25633055312559005,0.9612027117391901,0.33363811940676924,2.9408989046698594e-10,1.0200927474813002e-10
1.0,0.09992794507985081,-0.17683485597372056,0.5844046756625175,0.02093402460217476,0.547417474584654,0.938523860196972,0.2839246390440371,0.0,0.0003082254550524783
1.0,0.008013936554709446,-0.6566027536988259,0.1348180040717125,0.11903322592377663,0.4913837318308651,0.9277716088794224,0.2729307627124896,0.0,4.662667290241574e-10
1.0,0.19423019533699826,-0.3117678970098496,0.3265115428715944,0.06759823754429817,0.1623215712700039,0.9622438205714152,0.3481768982136828,1.8761611264596283e-14,6.507732568327302e-15
1.0,0.17239867383984922,-0.7059034332633018,0.5167083587497473,0.05625809237360954,0.09834033975377679,0.9522139008793381,0.3512596601477985,2.1243646588551452e-05,7.368661935514528e-06
1.0,0.026857114593833206,-0.2507259607315064,0.2595351286232471,0.08523298367857933,0.3980222576204687,0.9416770066394461,0.265167685895458,0.0,0.0013708065964552424
1.0,0.06933655987350473,-0.5834207028150559,0.40870069339871407,0.01458496019244194,0.6496699788235129,0.92600996386814,0.27464493881264196,0.0,8.564888616037943e-10
1.0,0.13982794179983604,-0.03565910011529923,0.06719510816037655,0.12314881786704064,0.3114155189413577,0.9657339827253003,0.3263690085800246,0.0,3.887948272724631e-14
1.0,0.13319313591697246,-0.5526012398302556,0.5762807479128241,0.07159980595111846,0.4515533650666475,0.9418628343275828,0.32810470618758236,0.0,0.0005749370749200838
1.0,0.07543101776790628,-0.0032953523099422456,0.16680241171270607,0.10051629304885865,0.12232771928422154,0.9717093327950979,0.29323294381468934,1.4262676381815822e-34,4.947212810906322e-35
1.0,0.03329572162476897,-0.7360274784266949,0.3186624163761735,0.03990700423717499,0.21886905524879693,0.9439981855370597,0.2755469968782971,0.008159399226995186,0.0028302040447720405
1.0,0.16610178813610982,-0.282418704777956,0.12476871516555547,0.14845174908638,0.5098203787114471,0.9426794663098527,0.3458746221544834,0.0,0.0004057786843887914
1.0,0.20089148645478697,-0.6764664076268674,0.22973795067518948,0.13730158179998397,0.6071630383655429,0.9242463066953942,0.3647946482476492,0.0,6.956938218985993e-13
1.0,0.0018961322359526583,-0.33008745685219765,0.48940424043685193,0.006217086613178253,0.26933261564932764,0.937104259886994,0.23646921898464912,1.7657008181454074e-05,6.124585227842514e-06
1.0,0.0934628771458548,-0.40989273861050607,0.03767244536429643,0.09435567110776902,0.06295854896306992,0.9743682698435443,0.3075873084605827,3.967232592029271e-53,1.3760912312471304e-53
1.0,0.11216981860229368,-0.15921071693301203,0.3816710902377963,0.042900806963443755,0.36311107966117556,0.9585941631379109,0.2980371874730213,0.0,4.5238076606373256e-07
1.0,0.12434259171948848,-0.7685920841991902,0.03304694127291441,0.018722967356443406,0.18205097464844586,0.9628803186188288,0.31224336888766424,4.9304397385906576e-14,1.7101933736122537e-14
1.0,0.07844347125264019,-0.21303650066256524,0.4425650479272008,0.12978717789053917,0.47283642684109506,0.9432586592529525,0.3057560769226695,0.0,0.0019191188406322216
1.0,0.016928332127871055,-0.5457195900380611,0.2907604755833745,0.05039613768458367,0.5647605568356813,0.9252747406083155,0.2551873944604869,0.0,3.5610425855347586e-11
1.0,0.18870592238037148,-0.09836092963814735,0.48461326193064447,0.08187130555510522,0.23540394426323474,0.9581770068409098,0.34398936942968616,3.520067941055342e-08,1.220985791660553e-08
1.0,0.15871290905652558,-0.49177434369921685,0.3609111925587058,0.1130201806128025,0.32875816488638515,0.9522118926558121,0.34826248920768643,0.0,7.223973291147421e-05
1.0,0.04990968586825913,-0.13914508894085884,0.10128810647875071,0.06408491566777229,0.6287438062671572,0.9295132258126825,0.2545715003921357,0.0,9.018039340368128e-08
1.0,0.058804150032320375,-0.618901751190424,0.5529278481379151,0.15594665065407753,0.4177535516582429,0.936279992609896,0.3192006980882407,0.0,1.0177189850592349e-05
1.0,0.14059491544716937,-0.37446961626410485,0.20888714399188757,0.027420664578676226,0.07979114410467446,0.9793404618626821,0.31261234499879453,1.5502926430848427e-69,5.3774112369971657e-70
1.0,0.14210504260648632,-0.7896165482699872,0.5313299344852567,0.12850739121437074,0.19322526157833636,0.9464263789811953,0.35637213247000876,0.001247797332538859,0.0004328163090639424
1.0,0.06033841440160126,-0.24205933883786201,0.18860868494957686,0.019845258593559265,0.5319641256518662,0.9387102337107343,0.25688932869233905,0.0,0.0003388504467197193
1.0,0.04859965179980742,-0.5249898053705693,0.3390032736584544,0.08049331426620483,0.4401145312655717,0.9399614637062003,0.2849854412147621,0.0,0.0005370058304927536
1.0,0.15737718053875743,-0.06923567280173303,0.08069738019257784,0.051616681218147276,0.13964883057400584,0.9825101650182064,0.3188258892126674,2.3335829317778067e-64,8.094365367584357e-65
1.0,0.19035853618007245,-0.462504006177187,0.2750232288613915,0.06296231418848038,0.04714392957277596,0.963140371783349,0.34714749057229854,4.2442092256071985e-23,1.472164528661734e-23
1.0,0.018606640376888455,-0.11827046796679497,0.46784942205995317,0.1143002673983574,0.37542623406276104,0.9394112019132586,0.2705447904809274,0.0,0.00029580882842191375
1.0,0.07659074003020908,-0.647877361625433,0.016997105441987514,0.02620104104280472,0.5864908788446337,0.9331893964065677,0.2761876144851071,0.0,4.123243801458523e-06
1.0,0.12246572328709346,-0.3954467035830021,0.4254909524694085,0.1573237308859825,0.2958876344002783,0.9545245195409856,0.34320578333044394,2.4968509826006138e-05,8.660683897865451e-06
1.0,0.1138247682610234,-0.5798265717923642,0.05928751621395349,0.10181406125426293,0.553264639666304,0.93871305378538,0.3161718506577923,0.0,0.00019964405623829667
1.0,0.09514196401454844,-0.026019666343927383,0.401968995295465,0.07045704409480096,0.25293106470257043,0.964717349715369,0.295865311469625,6.279524770230836e-14,2.1781427663392416e-14
1.0,4.2622393845302914e-05,-0.7089010961353779,0.25162869449704883,0.14980870708823205,0.1561662673484534,0.9382986813579024,0.2890993299689214,1.7147686019594007e-05,5.947919568706817e-06
1.0,0.19901228216336317,-0.2593970768153668,0.5099755028262735,0.038705100268125535,0.495072161629796,0.9402928653169043,0.3365778203649733,0.0,0.0002017064256193893
1.0,0.16761269391510303,-0.6535928584635258,0.3344191091135144,0.0073607595264911655,0.3970244542043656,0.9487722646118409,0.32834466258428463,0.0,0.0010937901259330694
1.0,0.03483232185307863,-0.3031090162694454,0.14154971223324536,0.13600289359688758,0.10655202656984328,0.9578341577402539,0.2905757894733838,1.5852925666441637e-09,5.498813465848337e-10
1.0,0.07411864784042582,-0.43266729041934016,0.5923111198469996,0.044102410823106765,0.3127027773018926,0.9494751081581856,0.2920059263522077,0.0,0.001969032509421331
1.0,0.13185662877952808,-0.1864865191280842,0.18385933209210634,0.09299902334809304,0.6411508030816913,0.9353831918462852,0.30853391548988585,0.0,3.1533871899840024e-05
1.0,0.13797600136301363,-0.4002059802412987,0.3919195622205734,0.022057807743549346,0.11886763886548579,0.9718128681159977,0.31274437591092175,9.35062563998364e-36,3.243397923204282e-36
1.0,0.06745892498736589,-0.1555693030357361,0.05143824554979801,0.15068083137273788,0.4573121963627636,0.9464139713282308,0.2971498782909817,0.0,0.003540503431674167
1.0,0.028510519179142865,-0.6851878494024277,0.4996515545994043,0.06881911903619767,0.5135692550707608,0.9270745383895753,0.27801923552468744,0.0,2.0278216321993604e-10
1.0,0.1740762156351228,-0.333135499060154,0.24350490868091582,0.11765732973814011,0.2128022305481136,0.9617657130071987,0.35139216921196603,2.8637203143211864e-12,9.933222521914086e-13
1.0,0.19291939481480275,-0.7273182153701783,0.11452025100588797,0.08651150941848755,0.2774932001251727,0.9482665719328411,0.359162824694665,0.0008063676195138676,0.00027970011453426534
1.0,0.006678998822550002,-0.27935848087072374,0.3048965882509947,0.055134618878364565,0.6060674115084111,0.9217203778396261,0.2397910005691548,0.0,1.4511210542439456e-13
1.0,0.10143730578542395,-0.5623001828789711,0.1565550696104765,0.1245256245136261,0.35464315169490873,0.9528539333973604,0.3246973273892373,0.0,0.0001374599345921341
1.0,0.10738461729722373,-0.006924578547477723,0.5625137977302074,0.013363158106803894,0.06434348532930016,0.9694134594069801,0.2874267785264526,2.1770638854335204e-38,7.551456722323107e-39
1.0,0.11637166648827708,-0.6162944808602333,0.21738923415541647,0.04762033894658089,0.47415544464252884,0.9453016898050947,0.30965749500828854,0.0,0.002600463463199525
1.0,0.08322516838898159,-0.36540810763835907,0.5579114656895399,0.09901722803711892,0.17351807344704867,0.9582133284796446,0.31116452630935043,9.152587621373411e-09,3.1747056107317035e-09
1.0,0.024903148556536792,-0.49497761726379397,0.109789065644145,0.00087864950299263,0.23439132462255657,0.9477884485866693,0.24576848627520897,0.008953846167760487,0.0031057693017914286
1.0,0.18392033024472185,-0.14917538017034532,0.3658959411084652,0.13202113643288613,0.573005093857646,0.9351548227152141,0.34560804735739514,0.0,4.155082615004064e-06
1.0,0.1634946080937939,-0.5425284951925278,0.47611114382743835,0.14316581711173057,0.6226126627903432,0.9263010944057772,0.35190506211775263,0.0,8.611962713819406e-11
1.0,0.04193876253797467,-0.08831845670938493,0.28577686585485934,0.034561857432127,0.33244163170456886,0.9493331340992421,0.25525230907635865,0.0,0.0023357938225928034
1.0,0.05401855979759769,-0.7712115392088891,0.4340640965849161,0.10517113313078881,0.0856345824059099,0.9464060362126993,0.3085746707565381,0.00806553614083231,0.0027976462940452395
1.0,0.14856973377676205,-0.22208582162857057,0.028062164783477783,0.07631383940577507,0.4143769874796271,0.9570319106335264,0.31921255820270256,0.0,4.525558297447324e-06
1.0,0.15208479196529978,-0.511067857593298,0.25690368097275496,0.010081117153167726,0.3027351275645196,0.9614415935599471,0.31833808290688437,0.0,3.745239512686625e-10
1.0,0.056737093098809026,-0.05725472941994667,0.5234507309272886,0.1215552455186844,0.5748704889137298,0.9317835403224749,0.2844244546723871,0.0,7.333592022290798e-07
1.0,0.03862221396815785,-0.777647627145052,0.07393730152398348,0.05841696381568909,0.3685713600553572,0.9399889673929873,0.2772970419873819,0.0,0.00042905122479913586
1.0,0.16097614165065602,-0.22812536880373957,0.40606899540871383,0.08948158442974091,0.05875715681351722,0.9696354089517999,0.3366630789843924,7.019659198270971e-39,2.434868953358476e-39
1.0,0.18040367831903428,-0.634858462959528,0.5870361512526869,0.11562687188386918,0.14709004076197743,0.946055640614145,0.3677265674394302,0.0006461000165954958,0.00022410900967389732
1.0,0.02218302151817562,-0.38436858877539637,0.17038408610969782,0.06710200160741807,0.4278963521216064,0.9380726889171688,0.2581460800029075,0.0,0.0001261007629428636
1.0,0.08654323770035359,-0.45143833085894586,0.3197693774476647,0.15271098285913468,0.5245116078667342,0.938238697057478,0.3197324318599364,0.0,0.00011695633594185356
1.0,0.11889165367297018,-0.10523912981152535,0.13744965847581625,0.023775231540203095,0.20543206040747464,0.9767770906944675,0.2937201605553389,1.5896844567535372e-37,5.514047363352224e-38
1.0,0.10386874247047086,-0.7208577387034893,0.3524789309129119,0.07959613308310509,0.6343064731359482,0.9277259860721138,0.31274495477108655,0.0,4.633453086007776e-09
1.0,0.09871951308535,-0.27329449728131294,0.08597165141254663,0.1081413070857525,0.32432407620362935,0.9615924429747663,0.3099290000365654,0.0,1.0728621582659272e-09
1.0,0.009994730754151684,-0.593736431747675,0.5354306498542428,0.031279870122671125,0.11340773683041333,0.9392930401647045,0.2588531764032419,3.77712341806342e-05,1.3101491516726587e-05
1.0,0.19543860185907802,-0.037963869422674185,0.20325804110616444,0.14019533678889276,0.3854144628997892,0.9499172617249786,0.3526789047224792,0.0,0.00025052528284229665
1.0,0.17759361120343087,-0.4437697060406208,0.003521430306136608,0.13405135110020638,0.48763004247099156,0.9421692582367852,0.3501551251981393,0.0,0.0002654505465305066
1.0,0.03122983262077201,-0.19952994510531427,0.42021669913083315,0.0025959815084934234,0.16838128327392043,0.9514332253877305,0.24642525059429654,0.0008008587904765519,0.00027778929857960713
1.0,0.06414159931861438,-0.6666483066976071,0.2709224598482251,0.09698670938611031,0.2603803465515375,0.950707427412133,0.3046996352998771,0.0021087383797899293,0.0007314459956931605
1.0,0.13545520058158853,-0.31419940963387494,0.4532001195475459,0.04590331092476845,0.5410570045839995,0.9416229707559189,0.3107825418426342,0.0,0.0010208345993812718
1.0,0.1287954777285286,-0.6975472107529641,0.09396797753870487,0.15935418754816055,0.07596483876928686,0.9606522497681781,0.35103145018163906,4.386691816099392e-16,1.5215866481955459e-16
1.0,0.07026097190209994,-0.34667902886867524,0.3629672437906265,0.027918159663677215,0.3477987672109157,0.9525955567256095,0.27825197924422773,0.0,0.00038984911288606486
1.0,0.037693354340791796,-0.41373711824417114,0.21094294488430024,0.11227011471986771,0.594457511100918,0.9287415896352962,0.2768647520589269,0.0,1.9516981224580194e-08
1.0,0.1712718085294951,-0.16794105619192123,0.545607540383935,0.06124489158391953,0.2843488194886595,0.957096524424334,0.33318773065236273,1.0419279782893977e-06,3.6140758608299783e-07
1.0,0.20207497828778273,-0.5737567156553268,0.44988513104617595,0.054898720979690556,0.22501719193533062,0.949830777171532,0.35621796940067973,0.00044607651054606506,0.00015472800255297717
1.0,0.003901843405591243,-0.019565059244632723,0.03099091574549675,0.08346369445323944,0.5061271904502064,0.928886208386915,0.23232540095911625,0.0,3.067604881434378e-09
1.0,0.09227936212155033,-0.7399467214941979,0.48255741521716117,0.016562912464141846,0.44510447038337586,0.9402301200060389,0.298812452084656,0.0,0.000523182963822686
1.0,0.11016408424134637,-0.29082698822021485,0.2980808090418577,0.12553731739521026,0.12631701161153613,0.9712505567150904,0.32485354776431963,6.1600214698473074e-33,2.13669134146103e-33
1.0,0.12552608203174268,-0.4814586147665978,0.496723286435008,0.09096880987286568,0.4027565430104732,0.9478475593073215,0.3278591804461184,0.0,0.001374059108507569
1.0,0.08044918090153722,-0.1368403196334839,0.22768310531973837,0.04238507762551308,0.09248213010840117,0.9733570784889028,0.28287293599702257,1.2973278989256522e-43,4.499966927451281e-44
1.0,0.015744815582825034,-0.6039474457502365,0.3796163521707058,0.1380334134399891,0.3440547680482268,0.9362384212453398,0.29041514152069825,0.0,7.814472104896243e-06
1.0,0.1867001864986826,-0.3519010797142983,0.04499152712523937,0.00907778635621071,0.6157578796800226,0.9367939298441558,0.3152356940629514,0.0,6.542394537807903e-05
1.0,0.15431525238882324,-0.7585465312004089,0.15948339141905307,0.035422807782888414,0.5607869692519307,0.9357289736421999,0.32440887347205905,0.0,1.515045441868989e-05
1.0,0.04473964152319434,-0.2106049880385399,0.5783355474472046,0.14683853194117547,0.2418324802722782,0.9496316621743844,0.30190192690734385,0.003957553277549564,0.0013727338229099532
1.0,0.06320178426908475,-0.5310352697968483,0.12682347893714904,0.07373903259634972,0.18572496317327022,0.9595088034756681,0.2914061371619868,1.450301018207397e-09,5.030576018743452e-10
1.0,0.1457649373612962,-0.07566584050655366,0.3113432887941599,0.10478454038500785,0.46670283596031364,0.9498558046448051,0.32367665784505517,0.0,0.0009812731726291561
1.0,0.1463081340788765,-0.6614281214773655,0.15849778912961482,0.061700734943151474,0.13544735264033078,0.9657843018543784,0.3322441395269269,4.163414160275783e-21,1.4441396074221832e-21
1.0,0.062259958609126476,-0.3076272211968899,0.5658172018826008,0.11055817052721978,0.4360416113492101,0.9412805188574255,0.29828334676390333,0.0,0.0009531218465472228
1.0,0.04569433873967571,-0.42805748507380487,0.11652346327900887,0.029956527799367905,0.5348168340325355,0.9349908822525466,0.2566887987158136,0.0,1.5830000233856557e-05
1.0,0.15375923277844963,-0.17854744866490366,0.30817583464086057,0.1585597138106823,0.1962461045663804,0.9639620990127508,0.35067481185426264,2.286204464599369e-15,7.930026393950416e-16
1.0,0.18775162720993877,-0.5844363294541836,0.4975028682500124,0.12724948361516,0.29432871647179126,0.9430322625392337,0.36809578027758705,0.0003045386655299178,0.00010563358146769612
1.0,0.015092052477676662,-0.03395868912339211,0.2403708681464195,0.01610685244202614,0.5845404421817512,0.9243626833677129,0.22073638831383513,0.0,7.421336568831359e-12
1.0,0.08108912111389224,-0.7010657854378224,0.38982936590909956,0.08425731733441354,0.3762303403392434,0.9446729794501396,0.3104368968639205,0.0,0.0022978631303458654
1.0,0.12448751287700965,-0.2548788242042065,0.04828262217342853,0.0528611995279789,0.04744716792367399,0.9858782933675395,0.3078189091639941,2.4021290260903148e-110,8.332127276248835e-111
1.0,0.11120248307302523,-0.47048600390553474,0.43206073231995107,0.008601572513580322,0.4954588707722723,0.9438595304060348,0.2954062846094081,0.0,0.002757582162525652
1.0,0.09163964089597923,-0.12293500229716302,0.024782802164554595,0.13976328670978547,0.1570550260785967,0.9731425192193814,0.3140117763575051,1.767960010496519e-33,6.132421558866582e-34
1.0,0.004554436187685433,-0.6433166347444058,0.4741685941815376,0.040365248918533325,0.2509151912294328,0.9353732492811859,0.2596374358582001,1.1626664488063327e-06,4.032874473460752e-07
1.0,0.20102375656331053,-0.3875563062727452,0.28247359581291676,0.09174230277538299,0.5516414302308112,0.9351469493219583,0.349267887398667,0.0,2.7467188992833994e-06
1.0,0.17182804712665264,-0.7941773228347302,0.1118793960660696,0.10305368214845657,0.6442556986026466,0.924955775263409,0.34537831515322037,0.0,2.0298965754110583e-11
1.0,0.03673848680125624,-0.2499497838318348,0.36905173435807226,0.07421622604131699,0.3156383929122239,0.9480201573926337,0.27189871150733813,0.0,0.003676909225890808
1.0,0.07120301654884216,-0.5170078553259373,0.21953780427575112,0.14606543213129045,0.10241425158455968,0.960838820944309,0.3202726225962331,6.352469198651036e-14,2.2034445821488432e-14
1.0,0.12825211068789413,-0.0645711861550808,0.561045354232192,0.03744224756956101,0.3927569395396858,0.9532594340138579,0.3023298897003531,0.0,0.00021121612451379887
1.0,0.1345159054355781,-0.5471380978822709,0.014459463022649287,0.08777067735791207,0.21478931691497566,0.9661152795864627,0.3295843651755146,2.1550592319823015e-17,7.475130442080066e-18
1.0,0.06468226552224682,-0.0962577298283577,0.4239363396540284,0.05887420669198036,0.5150915232952684,0.9394452908772168,0.2716823252963366,0.0,0.0005410590597067894
1.0,0.03067712214402249,-0.7633760735392571,0.27242477182298896,0.12076280549168587,0.4569734717905521,0.9315653645127734,0.29302221708528575,0.0,7.834971168178798e-08
1.0,0.17854499928628814,-0.21756781935691835,0.4663187166675925,0.01211989775300026,0.11809901881031692,0.9686413261821135,0.32595831040542356,1.2433648189325578e-27,4.312788284740037e-28
1.0,0.19478330823998183,-0.6241299942135812,0.34174693655222654,0.023318205922842027,0.06837742857635021,0.9573111761337598,0.3470412293006727,3.233654697328179e-11,1.1216392713688377e-11
1.0,0.01104870197935565,-0.36992615759372716,0.08208261150866747,0.15442166849970818,0.3588836062978953,0.939922754116285,0.2793669718462607,0.0,0.00039209743169379133
1.0,0.09767763479699287,-0.49036806225776675,0.5340153576806187,0.06506237491965294,0.6030843817070127,0.9314819248097763,0.30319710763243923,0.0,4.915422902226298e-07
1.0,0.10451199181644999,-0.14123615473508835,0.19001582097262143,0.11642016336321831,0.27460267855785786,0.9664009592182776,0.3140919784147862,2.808455963321892e-15,9.741530235045186e-16
1.0,0.11824823400393687,-0.7318791449069977,0.594909424893558,0.14192737728357316,0.5700305015780032,0.9267545945144786,0.341572571325618,0.0,1.0077351680337331e-10
1.0,0.08758533497549466,-0.28724867552518846,0.1853899212554097,0.03080393522977829,0.23132540577091276,0.9669224525018938,0.2852152346811746,1.586238357752329e-17,5.502094077257783e-18
1.0,0.021128879969917476,-0.5543183878064156,0.33695692140609024,0.10891566544771195,0.17782340129837393,0.9452179826928118,0.2837065752651051,0.010872617256852216,0.0037713224321459697
1.0,0.18105919092491443,-0.0022598415613174438,0.1431044591590762,0.07757787555456162,0.478255406441167,0.9490430546046323,0.32572068775716556,0.0,0.0011794087992399276
1.0,0.16002497255458267,-0.40818772763013844,0.2489434054121375,0.04637826561927796,0.4135248784534633,0.9531928551682483,0.32592871080828,0.0,0.00012912761400020242
1.0,0.03917475412185319,-0.16023399233818056,0.5085685366764664,0.09525565326213836,0.08521122355945408,0.9566022489448549,0.2816279731794866,8.261609865736365e-09,2.8656572632181925e-09
1.0,0.056196645881960536,-0.6806268721818924,0.056543737091124056,0.004614627361297608,0.33402935491874813,0.9478012088700752,0.26837281867195795,0.0,0.0038672778856079426
1.0,0.15302391678825605,-0.32524525672197346,0.4005836119875312,0.13327659904956818,0.6246640224847942,0.931526330450046,0.33769135771387737,0.0,2.2343101991455868e-07
1.0,0.14911018099361054,-0.4392578072845936,0.47944282963871954,0.11938727959990501,0.054303196324035526,0.9621810841993005,0.34574874525299115,2.3271828943789214e-20,8.072165924673173e-21
1.0,0.05307943497464143,-0.1916883759200573,0.2959492888301611,0.06834282919764519,0.3646206126362085,0.9500566953196549,0.2744750333189121,0.0,0.0019397066103809689
1.0,0.04288993163404801,-0.6745814763009549,0.4467100527137518,0.15145424827933313,0.5776964485552162,0.9246839225372785,0.3053495167252406,0.0,1.3247414293936583e-11
1.0,0.16294206794009858,-0.31881511583924294,0.02888355329632759,0.020038055628538134,0.30595026079565285,0.9662998072414865,0.3170467748622119,0.0,4.100861416811946e-15
1.0,0.18497447179298,-0.7129246167838574,0.21426351517438888,0.013840275555849076,0.20369512281380595,0.956893434137003,0.3410248366748496,1.3808266594196608e-07,4.789594292296657e-08
1.0,0.024247635950656644,-0.26867883875966075,0.547569714859128,0.12279484286904335,0.5226088808104395,0.9292729024103193,0.2779522114106653,0.0,1.098147602700744e-08
1.0,0.08386858805801489,-0.598248378187418,0.09723005779087543,0.05715413525700569,0.4285992467682808,0.9471994168766644,0.2941613935413375,0.0,0.0035637151952158178
1.0,0.11532956921313602,-0.04580548629164696,0.3649510011076927,0.08573833361268043,0.14766203224658966,0.9739096570396876,0.30937991201223436,1.0110865888160356e-37,3.5070981008190254e-38
1.0,0.10842649558558085,-0.6301998294889928,0.12999872714281083,0.1303092682361603,0.3859024018514901,0.9492269870422992,0.3301315824251779,0.0,0.0008935494668733059
1.0,0.10079405643944483,-0.3763806901872158,0.3134507853537798,0.0013344162702560425,0.1140277242474258,0.9717517864183748,0.28656605196382834,1.0134968824858522e-35,3.515458548327018e-36
1.0,0.007334292441646204,-0.4593224219977856,0.1625978250056505,0.09822267770767212,0.32248620421625673,0.9397944438536647,0.2651368744048771,0.0,0.00029323077325977133
1.0,0.19186542358959877,-0.10980616286396981,0.5804669514298438,0.049658783078193665,0.6326355722732843,0.9299414566820924,0.32750843589596756,0.0,4.829854694082939e-08
1.0,0.17462892611187233,-0.5031837187707424,0.3763541556894779,0.07585770279169082,0.5441886670235545,0.9367746155636453,0.34021002938727807,0.0,1.801504517460003e-05
1.0,0.027559131096285577,-0.05268764868378639,0.043007617816329,0.10688337534666062,0.26312165373936297,0.9512289195533018,0.2661019961966071,0.0021254201599555296,0.0007372323091686031
1.0,0.06839822013337633,-0.7823062129318714,0.4934028502553701,0.03252441197633743,0.16449597266502677,0.9480182264664617,0.2961188064480549,0.007777117328192248,0.0026976041135595
1.0,0.1374353351593812,-0.23611321970820429,0.22572110071778295,0.14395936340093612,0.48324037348851556,0.9468840742987193,0.3340342285507937,0.0,0.0012186944950429487
1.0,0.13091458413278587,-0.7506135642528534,0.3211351538076997,0.05114082291722298,0.2862160603236407,0.9537054814338004,0.3267947364848939,0.00010334439313456426,3.584647733454117e-05
1.0,0.07466201488106028,-0.20598907917737963,0.14017615523189306,0.08222527876496315,0.5962299349159003,0.9359309390226733,0.2783248825151827,0.0,6.0677266598482137e-05
1.0,0.03427608325592107,-0.5355473712086678,0.5884627422317862,0.017826925069093703,0.34726342543028293,0.9383231949874523,0.2662684761055035,0.0,8.811366942958425e-05
1.0,0.16856756145463858,-0.08350720703601838,0.17308667544275522,0.12928182616829872,0.07522529441863299,0.9736646378190456,0.3460182839290894,2.7641694551169764e-51,9.587916162288794e-52
1.0,0.198359689381269,-0.47694646567106247,0.07236552257090807,0.1555925987660885,0.13030557221733033,0.9529592742193501,0.3706467510711987,3.6516610229300197e-06,1.2666307297527519e-06
1.0,0.0010938441183174917,-0.12899890542030334,0.4035118980333209,0.026676072329282763,0.44952061768621204,0.9296624212849367,0.2289252231948471,0.0,2.5545238938819993e-09
1.0,0.0941035651828696,-0.6118803650140763,0.25539014171808955,0.11352559193968773,0.5028730805497617,0.939732441927498,0.3166504066572352,0.0,0.0003135654343938899
1.0,0.11446448948659449,-0.35651694089174274,0.5208717288449406,0.06498088404536248,0.22223020896315576,0.9615498910465967,0.3145843862417701,2.5872982318765458e-11,8.974413087500324e-12
1.0,0.12182578307473843,-0.5658724218606949,0.26949603874236344,0.0391624191403389,0.6130543856788427,0.9344236906944845,0.30489750075493416,0.0,1.1840610263487566e-05
1.0,0.07762930918494211,-0.0149982288479805,0.4504976643249392,0.14809772342443467,0.34088529242202636,0.9532833042823037,0.3086776534277633,0.0,0.0001398963253025866
1.0,0.017555199665632317,-0.744605152308941,0.0021555019542574883,0.07249574810266494,0.09683282242156566,0.9477752096091777,0.27048383601886605,0.00967617286112803,0.003356318621948728
1.0,0.19101129928522081,-0.2988150894641876,0.417490086145699,0.10102169722318649,0.40668083028867835,0.9456782829550122,0.3516088588761115,0.0,0.0005448825343217953
1.0,0.15642248332227604,-0.6928888276219368,0.5369440728798508,0.094709632396698,0.46604736232198773,0.936442319765627,0.3470378088207873,0.0,5.843942783194234e-06
1.0,0.04915567141018103,-0.3386909753084183,0.20583689119666815,0.04364546120166778,0.1852725104428828,0.9587515964058498,0.2702575327507972,8.514567697820162e-09,2.9533992966208133e-09
1.0,0.05979521768402098,-0.42162145972251897,0.35405084397643805,0.1367962610721588,0.24354003083892167,0.9542218794428172,0.309488083831028,6.647473531520007e-05,2.305771044291875e-05
1.0,0.14304686826644458,-0.17250793427228928,0.08852891866117715,0.005321056246757507,0.5625881915353239,0.944760489987229,0.29060216513819626,0.0,0.0035365083787085253
1.0,0.14113808783288476,-0.5884059742093086,0.3711076436564326,0.14922028079628943,0.37283268349245186,0.9461897224499287,0.3522175695148839,0.0,0.0005390947241729298
1.0,0.05786230004049722,-0.042417374253273014,0.1045591251924634,0.03788236692547798,0.05330442712642253,0.9667894686588129,0.26612084174600725,1.2306106055424222e-31,4.2685484757535844e-32
1.0,0.050864358752875614,-0.7221740067005158,0.5537251906469464,0.10224136248230935,0.29743143273517486,0.940247535693715,0.3051725796963851,0.00071284014123039,0.0002472587741890758
1.0,0.15815686511428706,-0.271101276576519,0.22159374933689832,0.0711186356842518,0.5789827774930746,0.9401911252816437,0.32092413746547865,0.0,0.0004258635103678805
1.0,0.18975733875976272,-0.6653198510408402,0.022726920805871485,0.044925203770399096,0.5192090128920972,0.9383558433694004,0.33817691428440044,0.0,5.7531994896365374e-05
1.0,0.0162755446908578,-0.3164049103856087,0.43938095960766077,0.0935873757302761,0.20954324913211167,0.9454917566285237,0.27093203764424634,0.012159700761181683,0.004217765710452638
1.0,0.07908338713313033,-0.44908798187971116,0.2897937873378396,0.006699089258909226,0.15135011890903116,0.9645364172777977,0.2792115875307257,2.494952179028213e-17,8.654097626742611e-18
1.0,0.12330399823289057,-0.1950887143611908,0.4721126055344939,0.13557568535208703,0.4224448677245527,0.9489641030300704,0.3296317673672641,0.0,0.0010110628389915753
1.0,0.11320819310210764,-0.7794456526637078,0.23831616695970295,0.08108164042234421,0.10795620698481798,0.960474231161104,0.3261571327444307,2.824294950476936e-13,9.796470021988062e-14
1.0,0.09282313158841882,-0.22720734477043153,0.504822058416903,0.052439467012882233,0.38967458649538456,0.951507711444268,0.29451995549217747,0.0,0.0008035926055064106
1.0,0.002548700686181965,-0.5070126086473465,0.0556015620008111,0.12808019012212754,0.6384176345914603,0.9184068232905386,0.26086446106481465,0.0,7.30815942306651e-16
1.0,0.1998402403984499,-0.062189979851245886,0.3877744859084487,0.019183614552021028,0.3190215084981173,0.9576715044226345,0.3286944590181,0.0,3.3253368884152883e-07
1.0,0.1666580024014025,-0.45548129677772525,0.5678718594834208,0.02537833869457245,0.26449273511767385,0.9552822436767958,0.3312417211412273,1.0557607623736893e-05,3.6620568461656335e-06
1.0,0.032340829753368536,-0.10031606405973435,0.15117862690240144,0.1567353165149689,0.5357532097678631,0.9338089547890223,0.27726999014571563,0.0,5.168143667694318e-06
1.0,0.07637303808278363,-0.6330481603741647,0.3008568512275815,0.06362389385700226,0.4821774309501052,0.9399716400351387,0.2960048699320258,0.0,0.0005373158917678449
1.0,0.13264974454447312,-0.38529879152774815,0.11857837121933698,0.11472753763198852,0.17264248854480685,0.9709379804313348,0.3327789301996388,3.835392634407492e-28,1.330360660779488e-28
1.0,0.13888862232196073,-0.6030217729508878,0.5153107646852731,5.5855959653854374e-05,0.5999136039800942,0.9328154400473918,0.30910997551325425,0.0,1.772858102521956e-06
1.0,0.06987720174527229,-0.3537037052214146,0.24631181359291077,0.13143278583884238,0.28008413285948336,0.9571811861909802,0.30866046715730466,2.1177403797599064e-06,7.345684678283364e-07
1.0,0.0263043797852188,-0.4863984175026417,0.3979520559310913,0.04828200861811638,0.07184896884486079,0.9489846156417973,0.2633464770144437,0.004655482229697767,0.0016148204384046556
1.0,0.17335003759084164,-0.13277746960520745,0.06328607238829136,0.09944443807005883,0.35310604338534174,0.9595018388431421,0.33587628782131307,0.0,3.148381058723101e-08
1.0,0.19357487738603718,-0.5261076010763646,0.17864764742553232,0.10575955763459206,0.4409875187836587,0.9421742297791945,0.35599255847791833,0.0,0.00018203909223385846
1.0,0.00906788344804853,-0.07971646413207055,0.5975410424172878,0.07713657334446908,0.13162536946125328,0.9449659678015696,0.2575812106087578,0.010052776319589705,0.0034869489051057253
1.0,0.09888604245962881,-0.7594843439757825,0.1457359693944454,0.1427385140955448,0.23047451192513108,0.9532120317319851,0.33575474472593725,7.911745591473727e-05,2.744301847630322e-05
1.0,0.10649278715644839,-0.20879013016819956,0.330214611813426,0.03390026643872261,0.5018612767104059,0.9467291936449301,0.28896904268090806,0.0,0.003952415671194678
1.0,0.11703980162925066,-0.4181829743087292,0.075339300557971,0.06964182198047639,0.3397888815775513,0.9607265518341246,0.3115765728952755,0.0,7.092701447770881e-09
1.0,0.08560451492344598,-0.16261519864201546,0.3443797342479229,0.11824574232101441,0.6212151724006981,0.9332975919718897,0.29650680986026945,0.0,5.316053034022714e-06
1.0,0.022337286111811853,-0.6953585423529148,0.19264843985438346,0.021396228671073915,0.408064946308732,0.9349810631333794,0.2564923333609991,0.0,4.020328927628937e-06
1.0,0.18303998474417127,-0.34798769578337674,0.5272717963904142,0.1502535593509674,0.0883651330601424,0.9528638195575179,0.3685052156138635,1.7030382164736932e-06,5.907231052892386e-07
1.0,0.16439769096170687,-0.7421476192772389,0.43067967630922793,0.12393730014562607,0.19103212118148805,0.9480474410401303,0.3633102747028234,0.0006454076538152234,0.000223868853764539
1.0,0.04436969186562022,-0.2895061902701855,0.011826619505882263,0.012540371716022491,0.4625870842020958,0.940836670901826,0.24507129571594977,0.0,0.0008505786441025443
1.0,0.0518239050438984,-0.5693230949342251,0.46368612349033356,0.08693871229887008,0.556522182635963,0.9299870813448706,0.28924280273853165,0.0,4.872423385768307e-08
1.0,0.14782895661355108,-0.02487877979874611,0.27916828729212284,0.05579626232385636,0.24728867313824596,0.971215725445582,0.31482155389996824,1.4418407955002854e-23,5.0012305291317555e-24
1.0,0.15109099914473229,-0.7107174560427666,0.040951807983219624,0.03218072786927223,0.434661856116727,0.9475820111961599,0.32268823572675853,0.0,0.0017202452985836346
1.0,0.05428786544840069,-0.2584607183933258,0.38367445450276133,0.1407056374847889,0.14391009947285055,0.9594649319548034,0.304935849892465,1.485367780238029e-10,5.1522100863691755e-11
1.0,0.04090913591386421,-0.5757774502038956,0.23304122071713207,0.0788564158976078,0.19733756833709776,0.951318868104582,0.2841764144501773,0.0013271157877273987,0.0004603290470063344
1.0,0.16173365989727725,-0.030948789417743684,0.49134679008275267,0.10779213026165962,0.5266604126431048,0.9408095207854535,0.32988432905925935,0.0,0.0003807892547545934
1.0,0.1797795359501399,-0.43672859072685244,0.3155066231265664,0.09647648259997368,0.5906020857486874,0.9334757393939798,0.3427811613158256,0.0,1.0083661638313744e-06
1.0,0.019874919444459394,-0.1815451189875603,0.12267838474363088,0.04500239357352257,0.2905850212462246,0.9464587355120204,0.24668505772412175,0.010831447360105315,0.003757042066024108
1.0,0.08906355013364681,-0.6517886832356453,0.573146859370172,0.1344004349410534,0.04169249971397221,0.951710437533525,0.326020561363662,3.853916614444779e-05,1.3367859675659695e-05
1.0,0.11970231195212509,-0.3040330916643143,0.16465384159237145,0.003335777372121811,0.3796862576715648,0.9597617596425814,0.2912826753255704,0.0,1.2107539506014937e-07
1.0,0.10323155822199921,-0.5196776822209358,0.5496244439855218,0.05751605361700058,0.16042640912346542,0.9588566073427723,0.31228696854568594,1.0342935889873351e-09,3.5875948922182566e-10
1.0,0.09642133841250602,-0.07367084324359895,0.20694442447274922,0.08897138386964798,0.489620613604784,0.9478903930271867,0.29295520511333806,0.0,0.003363515813425968
1.0,0.01252925299653656,-0.7909389436244965,0.3576319461688399,0.010820886790752412,0.547962126499042,0.9215741188002052,0.253100381235006,0.0,1.1698188832045852e-14
1.0,0.19623816480784628,-0.23985999077558517,0.09928489420562982,0.12190432220697403,0.2570421716198325,0.9578113186039039,0.35619799027960086,4.7678771975198114e-08,1.6538062367082307e-08
1.0,0.17660974578373562,-0.646567240357399,0.2938945161178708,0.15322127163410187,0.3073990370240062,0.9448574996744566,0.36911313397797263,0.0,0.00018015435771330697
1.0,0.028767563090786392,-0.39763386994600297,0.48676194828003644,0.024676058292388916,0.6452631371095777,0.9209875752064489,0.2512681591374816,0.0,1.2889116617196428e-13
1.0,0.0664174259339341,-0.46782840937376025,0.03620256464928388,0.11527772605419159,0.40128567765466866,0.9482797890222839,0.29755095106129104,0.0,0.0028456214123789626
1.0,0.13622692863730143,-0.11382310986518861,0.44465524423867464,0.06636229634284974,0.10109939686954021,0.9726432936514423,0.31508859393894617,1.59227832029278e-41,5.5230445491450995e-42
1.0,0.1297310922997901,-0.49941739365458493,0.1990946888923645,0.13854363963007926,0.5093045139033348,0.9416539832017572,0.33563975817709046,0.0,0.00043584856481224615
1.0,0.07265630371142169,-0.14385560229420663,0.5395757619291544,0.009978705495595932,0.2182583779655397,0.9590292953266871,0.27269324749333734,1.6630038496619377e-08,5.768366139277608e-09
1.0,0.03545959828022554,-0.614087525755167,0.09116035737097263,0.09061972543597221,0.12417489686049521,0.9534474794447798,0.2829650224159329,3.4185210575507706e-05,1.1857628061890512e-05
1.0,0.1705732958155859,-0.36673506125807764,0.34730846285820005,0.04164528355002403,0.4531963446177542,0.9484419389665263,0.3283454812309454,0.0,0.0012213425286454935
1.0,0.20275734756971286,-0.773406357318163,0.4572398208081722,0.07283817306160927,0.3599514913652092,0.9373544571415143,0.3637113618536808,0.0,2.1858647796070884e-06
1.0,0.0062638899841238336,-0.2207711033523083,0.26686437539756297,0.10427424028515817,0.060226551908999684,0.9483058130824067,0.2638851462361672,0.0068308637844267705,0.0023693825702276665
1.0,0.08970593246684677,-0.538076587766409,0.41485860161483284,0.036162523180246355,0.2732272318471223,0.956177217955201,0.2984602700665292,8.854569076680763e-06,3.071333626209159e-06
1.0,0.1092944690932092,-0.0936504639685154,0.008897908776998519,0.14718770936131478,0.6115247860364617,0.9370343409166253,0.3071199817517025,0.0,0.00010374399007024065
1.0,0.12622343974244074,-0.6842560969293118,0.4102553062140942,0.11175982654094696,0.23984859916381537,0.9533694111217259,0.340261347631438,5.806424081190134e-05,2.0140410418792464e-05
1.0,0.0827993535300069,-0.3349442042410374,0.06973275057971477,0.06034406304359436,0.5687392255663872,0.9389326949878538,0.28020841169205923,0.0,0.00045631337721600303
1.0,0.013157565428867942,-0.4051274962723255,0.518239064142108,0.1597033339738846,0.47003839305602013,0.9294994629054129,0.28895251503899466,0.0,4.56931564037517e-09
1.0,0.18584127737109396,-0.15152473971247674,0.2621335856616497,0.028657863140106203,0.1788265312835574,0.9708590662414437,0.3302221326592205,6.826317144743594e-28,2.367805503379546e-28
1.0,0.15523899301002186,-0.5573664344847202,0.13343277275562285,0.017463824450969695,0.08151877610944211,0.9736471121979093,0.3199716696828234,1.931819930921812e-49,6.700793073315047e-50
1.0,0.047149961761284,-0.010981281846761705,0.3237678799778223,0.12604751735925673,0.4196842000260949,0.9446679924321124,0.2816856733392046,0.0,0.00371774291537717
1.0,0.06097873422906701,-0.7282377414405347,0.17571936585009099,0.05415895313024521,0.6280688374768942,0.9261652418901122,0.28134572836014826,0.0,7.231478403244052e-10
1.0,0.14505260414813345,-0.27756190970540046,0.5817192524671554,0.08311461716890335,0.32817686326801776,0.9534767274277556,0.330524640199251,0.0,5.306323428562805e-05
1.0,0.14490429820009584,-0.559371167421341,0.22133927196264266,0.11413686871528626,0.2607036913372576,0.9585123512244397,0.34363783341115006,4.023884475738115e-08,1.3957417454524261e-08
1.0,0.06072215756526631,-0.009854738414287568,0.5548311162739992,0.06297432601451874,0.541924775177613,0.9347066807735258,0.26903960530957016,0.0,1.3616732911149178e-05
1.0,0.047394037549315676,-0.7302478149533272,0.10407206900417805,0.1573653531074524,0.4861150755546987,0.9332984259616653,0.30668491088223404,0.0,1.06099436428569e-06
1.0,0.15539979907345772,-0.27642849981784823,0.3718968316912651,0.02598853886127472,0.16632174056954682,0.9718416685215749,0.3187469065011205,8.914495948931167e-31,3.092120116919462e-31
1.0,0.18598962589989512,-0.682258252799511,0.47245436981320377,0.019842640459537507,0.11191159470006823,0.9540727116361185,0.34745091294715746,1.4220354681224558e-06,4.932532925186468e-07
1.0,0.013414099511905095,-0.3360654771327973,0.2891499068588018,0.12868092745542525,0.3833366771508008,0.9384209410701735,0.2753070714841104,0.0,0.00013300426004323742
1.0,0.08255523516121169,-0.4031349927186966,0.4394878473132849,0.051819198429584504,0.6346114294417202,0.9301387222617852,0.2862914450098204,0.0,1.929482482279265e-07
1.0,0.1260626762597684,-0.1526391461491585,0.02176860049366951,0.08044214576482774,0.3252108170185238,0.9659460824229072,0.3105286591641051,0.0,6.885648044666657e-14
1.0,0.10945455166385018,-0.7745319396257401,0.38796860352158546,0.13618618592619897,0.5253979941830039,0.9326550371687756,0.33589188062989794,0.0,2.9248801876669505e-07
1.0,0.0899507325080441,-0.21876580268144608,0.05451939068734646,0.007328815907239914,0.2057367894705385,0.9702283744329221,0.27601161658516726,1.9795647446162974e-24,6.86640277211242e-25
1.0,0.0060064803341362836,-0.5392075106501579,0.5053694900125265,0.09293811783194542,0.14501188233494758,0.939520760664981,0.2731613331406516,0.00010112588296711868,3.5076955428014164e-05
1.0,0.20260987536823286,-0.09163829684257507,0.23750324025750158,0.04433423444628715,0.42640000092796976,0.9504320454282591,0.3323176684081016,0.0,0.0005363821103609749
1.0,0.17041336531910042,-0.49829860478639604,0.11817853599786758,0.07047883108258247,0.3665121900290251,0.9541518439694898,0.33848030889377556,0.0,2.666909805913961e-05
1.0,0.03521464616487269,-0.14585553705692292,0.30152219720184803,0.10162139430642128,0.05724239896051586,0.9587265897035927,0.2791746461437147,1.5194152105927163e-12,5.270308456632911e-13
1.0,0.07291356128725372,-0.61297407746315,0.1511298257857561,0.03848280385136604,0.3036032526567578,0.9537321596880001,0.28771901397201727,0.0,9.949190624072584e-05
1.0,0.1298787165754256,-0.3687281295657158,0.5688087299466132,0.14987961664795876,0.5751940609421581,0.9323888637246311,0.3377719922472262,0.0,3.486859978955252e-07
1.0,0.13596655658276438,-0.6445565767586232,0.06558216232806444,0.05517629891633988,0.18724427724257112,0.9658672311089781,0.3245808050197828,2.6678892083533023e-18,9.253954388582876e-19
1.0,0.0662729161370036,-0.39876634404063227,0.3965440375730395,0.08629891246557236,0.4687574497703463,0.9417614138218519,0.29225244740000156,0.0,0.0014083546739573002
1.0,0.028924379108566836,-0.4658246122300625,0.2482545895501971,0.013199702799320222,0.5604587001167238,0.9286453192512512,0.2466285453397563,0.0,7.271448718387472e-09
1.0,0.1768578123777935,-0.11495024338364601,0.5136335017159581,0.12453773230314255,0.2409690522868186,0.9557124429103997,0.3510047047378394,1.7284558218575745e-06,5.995395643893007e-07
1.0,0.19649868893653885,-0.521669202297926,0.32841715458780524,0.15088329076766968,0.34374546913430093,0.9421329104584235,0.3721698283656989,0.0,5.753098965908196e-05
1.0,0.012673610719311525,-0.07255589440464974,0.14726793374866246,0.022006734013557433,0.614876063214615,0.9220607960288969,0.21931131756671962,0.0,2.4702779412222466e-13
1.0,0.09626437032057007,-0.7929373301565648,0.595392551086843,0.11765476822853088,0.4042576140351593,0.9367784783429224,0.3312861194321858,0.0,9.532858083565663e-06
1.0,0.10298364370209685,-0.2387397013604641,0.17990808729082344,0.06899255931377411,0.09455556870438159,0.9782066891752731,0.3026022638221526,9.240059196509492e-58,3.2050463746611876e-58
1.0,0.11994954479962533,-0.43559668436646465,0.5250360840931535,0.034501008540391925,0.4471776999160647,0.9464830502701741,0.30823364746737436,0.0,0.002819978650076218
1.0,0.0892211991376141,-0.18355674371123315,0.19403272178024053,0.14339754477143288,0.1278177099581808,0.9717266246696876,0.31819405609814877,1.1248741794251758e-33,3.901786594699046e-34
1.0,0.019729685394363254,-0.6506636433303357,0.34237660076469184,0.07649707391858102,0.2241351482272148,0.9419480368438933,0.2763591760449291,0.0026628593698327084,0.000923650767598861
1.0,0.17951988738839775,-0.3060393758118153,0.07704032007604837,0.10513928428292274,0.5058175370376558,0.9438275842637202,0.34018156486105533,0.0,0.0007214768299886981
1.0,0.16148646963054056,-0.7118303142488003,0.2810238333418965,0.09879487499594689,0.5935943103581667,0.930266508315708,0.34301004604235275,0.0,2.39905847248387e-08
1.0,0.04075144432913337,-0.2564667142927647,0.46213271152228114,0.04769134446978569,0.28402090485207737,0.9490778162467458,0.2682731008228869,0.007490780648194481,0.0025982841504897792
1.0,0.054433056917733286,-0.5768971748650075,0.01391704212874174,0.1320429812371731,0.07801966164261102,0.959448545791643,0.30335780755357655,6.692431671078254e-13,2.3213654164856314e-13
1.0,0.151350690287238,-0.028949444741010667,0.42944070417433977,0.0006858877837657929,0.349318453958258,0.9606346729160947,0.3014557626695259,0.0,1.1478823113195233e-08
1.0,0.14768454376389473,-0.7432663589715958,0.49072240479290485,0.066962730884552,0.31299347867257893,0.9474348689917907,0.34010525077022014,0.0,0.0008824891507188373
1.0,0.051563435281716426,-0.28750620633363727,0.23340011090040205,0.11593705952167511,0.6420512170903385,0.9278118698455311,0.27956664012151333,0.0,1.1876226976826528e-08
1.0,0.04461766075203317,-0.5704364940524101,0.3826967105269432,0.024036256074905397,0.3955419807229191,0.9408802814402265,0.26983228545662175,0.0,0.0008708738713490602
1.0,0.16455460392676144,-0.022885662317276,0.0410414982587099,0.1526013058423996,0.10445999043062329,0.9734433257798952,0.3470278457725229,1.4126026128911737e-42,4.899813720884018e-43
1.0,0.18318444017459118,-0.4170573428273201,0.16577696464955807,0.12125506192445755,0.1547027822677046,0.9606273858393407,0.3572279709250472,1.0698981623434164e-12,3.711094435164231e-13
1.0,0.022597713293230282,-0.16462045013904572,0.5729118056595325,0.010229915082454681,0.4929617188312113,0.9300368626191281,0.24021681752031498,0.0,1.4849227165514398e-08
1.0,0.08535650345626948,-0.6942275702953339,0.12345044687390327,0.08958188682794571,0.5535370798129589,0.9349987695201936,0.3036030682321592,0.0,1.3854783421210994e-05
1.0,0.11688293124495963,-0.3499998137354851,0.3150000717490911,0.05814578264951706,0.2538503216765821,0.9660063992273022,0.3111224750536913,1.2360816152719954e-15,4.287525453635007e-16
1.0,0.1066505338680606,-0.528105491399765,0.09996965490281581,0.0027155111730098724,0.5874099085759372,0.9377893790174753,0.283335078959692,0.0,0.00022266160104522396
1.0,0.09913317835985491,-0.07859523743391038,0.35724931731820103,0.1337609426677227,0.2961597200483084,0.9610691638304695,0.3164758469011456,2.6034298802240153e-09,9.030368011547655e-10
1.0,0.008808137939032212,-0.7614768937230111,0.2078618086874485,0.04566141709685326,0.04503327771089971,0.9431856159450102,0.2624660102263313,0.002545646663853863,0.0008829938680734077
1.0,0.19342974104358596,-0.2076757699251175,0.5495585080236196,0.09707721754908562,0.3739623763039708,0.9457297509120438,0.3508122546035273,0.0,0.0005686721868445651
1.0,0.17319244295338493,-0.6010170862078668,0.4435902077704668,0.10842216923832894,0.43802270418964323,0.939677738925249,0.35455447179742317,0.0,4.9513398623849165e-05
1.0,0.026057091810837183,-0.3548302948474884,0.036416168510913845,0.07946661844849587,0.1381667297706008,0.9549250004310527,0.2669124346603685,4.369713727644491e-06,1.515697555962063e-06
1.0,0.07013679518013309,-0.4843883901834488,0.4859318152070045,0.14011496618390085,0.19412590282969178,0.9536602425119866,0.319185959184049,5.060066365614877e-05,1.7551562187810863e-05
1.0,0.13903391073856747,-0.1339109256863594,0.2944225329905748,0.03153115764260292,0.5322551815211772,0.9461189148310453,0.2998736119600053,0.0,0.0033700397430747346
1.0,0.13239326558831735,-0.45436848774552346,0.3488209409639239,0.08372481495141983,0.0871120906341821,0.9704059793859633,0.3270175834147393,7.097285089310946e-37,2.4617946012754836e-37
1.0,0.07622463518747186,-0.10231011733412743,0.08934576530009508,0.05478898733854294,0.4164734071306884,0.9520929844377344,0.2733464645226079,0.0,0.0007538745275563149
1.0,0.03250153886953026,-0.6319284848868847,0.5408556165173649,0.125397951900959,0.622326340386644,0.9200672432584238,0.2921404195927806,0.0,8.932400700159872e-15
1.0,0.16690217589707906,-0.38729818537831306,0.19696340393275022,0.016873157918453216,0.3315362569876015,0.961290298206274,0.32203169663224696,0.0,1.1199301615492034e-09
1.0,0.20009687142876117,-0.7805776081979275,0.007472684048116207,0.02801836609840393,0.23412384518422186,0.9515224126261119,0.3483903815945083,0.00019543763574011262,6.779033257036118e-05
1.0,0.0026969515073382087,-0.2251957692205906,0.4171352768316865,0.15908306300640107,0.5720814579166472,0.9231045004345814,0.2714702438432828,0.0,1.001961438423098e-12
1.0,0.09266227039810158,-0.5081376977264881,0.2652042472735047,0.06094480276107788,0.47561454621143634,0.9448646057518942,0.2991407556017681,0.0,0.003098755176656443
1.0,0.11296417168058658,-0.06018374487757683,0.45920208301395177,0.11241885483264924,0.17563348149880767,0.967407112815934,0.31744688900848417,2.323135083588173e-21,8.058125515381095e-22
1.0,0.12354889522136205,-0.6633282847702504,0.26056075002998114,0.14659673288464548,0.3567581870686263,0.9481132007368399,0.3449671789197053,0.0,0.0006340552992479386
1.0,0.0792433719961264,-0.3175198130309582,0.5200774127617478,0.035513258129358294,0.06580237783491612,0.9640935889454488,0.2892808362938478,8.710177589443166e-23,3.021249378601993e-23
1.0,0.016127974781732893,-0.4470895491540432,0.0685132736340165,0.10490397408604622,0.27656920968554916,0.9450404558273182,0.27081111925886514,0.01148815058407238,0.003984828949467349
1.0,0.18950002605704933,-0.19620895758271217,0.41236285474151374,0.07344868078827858,0.6057997048273683,0.9336222087367305,0.33417085495602206,0.0,1.94160188158043e-06
1.0,0.15791201070657915,-0.5904165916144848,0.5830864084884524,0.042304612249135974,0.5126642348524183,0.9366453766659162,0.3312058913113244,0.0,1.9125006883398457e-05
1.0,0.05070433130911601,-0.04128485396504403,0.1734641583636403,0.0912201552093029,0.21251613538712263,0.9603761894592815,0.27752739557738626,6.57347240403289e-10,2.2801026973333425e-10
1.0,0.05800982736885858,-0.7241777576506139,0.3254860969260335,0.009358744472265243,0.12096443119458855,0.9519628299685581,0.2791948818112632,0.00032024432023862416,0.00011108131190050929
1.0,0.1413954431163617,-0.2699740968644619,0.13144906293600797,0.13790384218096732,0.45878991365432736,0.9496091647974068,0.3345515221494516,0.0,0.0007080271982175304
1.0,0.14289856269859236,-0.6909870676696301,0.30826549921184776,0.03681221336126327,0.6482110840454698,0.9291224306625925,0.3174544050538779,0.0,3.12806976857281e-08
1.0,0.05953864140040568,-0.3399083323776722,0.1155457293614745,0.14545523434877397,0.30930048584006725,0.9543665793744169,0.30394774162647575,0.0,4.524130048254947e-05
1.0,0.049399747578398094,-0.4197250403463841,0.5661761021241546,0.07480689257383347,0.09860804416239262,0.9525827632044293,0.28932118009217433,9.408029428563416e-05,3.2633092463426636e-05
1.0,0.1565832897658973,-0.17371842488646508,0.15787337813526392,0.10370324760675431,0.3989462503325194,0.9563084191726605,0.33138645274327916,0.0,5.662025393996337e-06
1.0,0.1911596474338366,-0.5677809782326222,0.04777604509145021,0.09236257374286652,0.491669824719429,0.939865591606884,0.349105549867499,0.0,8.6836442115473e-05
1.0,0.01781173336848408,-0.013775508850812912,0.39060143809765574,0.041004745960235595,0.16322659376077353,0.9493274065273549,0.24698838103666598,0.004354928650271058,0.001510569140913303
1.0,0.07738519043596151,-0.74651904925704,0.24013582449406384,0.1391042584180832,0.25485283356159927,0.949592602412295,0.3250764501556599,0.0022346934332650613,0.0007751353031884225
1.0,0.12166501921188072,-0.2975855030119419,0.4986259656026959,0.008000832796096802,0.5453206845279783,0.9410312598481455,0.29415160395108186,0.0,0.0011132821560228619
1.0,0.11462457167705009,-0.47572854384779933,0.2824076699092984,0.05351046457886696,0.2880082252807915,0.9615530408541352,0.3116232938450386,7.116189774522706e-10,2.4683519610838526e-10
1.0,0.09434836484388154,-0.13089970722794533,0.4750859526917338,0.08484829381108284,0.5884784117434174,0.9359330385500059,0.29401532604406855,0.0,4.823930211643458e-05
1.0,0.0008364340881445528,-0.6106677837669849,0.02440014760941267,0.015496344715356826,0.38240216253325343,0.9325810883534564,0.23548897792558487,0.0,7.323323238671895e-08
1.0,0.1982122167996036,-0.35841087624430656,0.43274550307542087,0.12661974981427193,0.043658449100330475,0.954074739593771,0.36904194756395037,2.5745343661958925e-08,8.930139798166954e-09
1.0,0.1684076313383385,-0.7518383778631688,0.5615733811631799,0.1579592840373516,0.14163633620366453,0.9418757000116561,0.3763688816072899,4.461887020679546e-05,1.5476691778315623e-05
1.0,0.034031131520753606,-0.20408300980925562,0.21870764549821614,0.029297199100255966,0.43223514941520985,0.9408222733934669,0.24779721405936184,0.0,0.0008116348498557457
1.0,0.0749192728370777,-0.536777525395155,0.3692653125151992,0.11119796797633172,0.5284785997308791,0.9362453771956738,0.30568060161676514,0.0,3.479540950463853e-05
1.0,0.13106220878860675,-0.08159427121281625,0.11081436965614556,0.06232069596648216,0.20020123549737037,0.978064345796904,0.30935084018243075,4.996587653910728e-41,1.733137721876604e-41
1.0,0.13717496272465876,-0.5050791546702386,0.464187403768301,0.13261726558208467,0.4174814637377858,0.9445560073612751,0.3439842221675248,0.0,0.0006860353041306396
1.0,0.06825370995626046,-0.05147661566734314,0.2737046342343092,0.004014192819595337,0.07887211664579809,0.9681339284599969,0.26475434146420784,3.245025086413186e-31,1.1255832530620629e-31
1.0,0.02771594673388063,-0.7842085152864456,0.42212175540626046,0.09587561905384064,0.33022202037274834,0.9356880221473998,0.2908020420733245,0.0,2.8616715880884403e-06
1.0,0.1748769923257448,-0.23489684611558914,0.015971913188695907,0.047018067836761476,0.6308544604014605,0.9364181740741969,0.3145518319321853,0.0,5.5584704241417666e-05
1.0,0.19212594809847672,-0.6282853424549103,0.19197805523872374,0.07816884726285935,0.5662426553666592,0.9328055591240477,0.34746201164384705,0.0,2.818637188392407e-07
1.0,0.0074786505446065585,-0.3776093408465386,0.5323552373796702,0.10956492573022843,0.23749577361159027,0.9399208867554337,0.2742558109024099,0.0005070462375030798,0.0001758762222983096
1.0,0.10063708872769427,-0.4574148014187813,0.08435929454863071,0.03017420619726181,0.18175991650670767,0.9701209921166228,0.29509884251399865,1.31319664455403e-25,4.5550099359050204e-26
1.0,0.10817858144586388,-0.11102947294712068,0.34032168388366696,0.14131687432527543,0.4719357878621667,0.9474282963344676,0.31829723516101804,0.0,0.0020244263687401983
1.0,0.11557680244082165,-0.7141366079449654,0.1452120155096054,0.11705965563654899,0.062058137226849795,0.964414807304875,0.33363508081953597,1.4945536676568017e-24,5.1840726475751565e-25
1.0,0.08402623744216758,-0.2667839676141739,0.33573741652071476,0.06568264111876487,0.3628203760180622,0.955022049464887,0.2932713031408388,0.0,4.2671615226979975e-05
1.0,0.024102402280745894,-0.5994672358036042,0.18722824193537235,0.15382093355059623,0.60925507677719,0.9229273929573975,0.2873534454591581,0.0,1.974302289280957e-12
1.0,0.18471482361142322,-0.04390527456998825,0.5933365970849991,0.022659182399511337,0.27081508685834704,0.9571878181140637,0.32494251089778625,8.996919106762685e-07,3.1207097652732164e-07
1.0,0.1626948772931765,-0.43802666962146763,0.3985999099910259,0.011509695202112199,0.22097950031980873,0.9643578691969089,0.3236541587545785,1.0691252185721436e-14,3.7084133694056154e-15
1.0,0.042732239669131776,-0.193600769340992,0.05826192609965801,0.12013276651501656,0.5112838615197688,0.937972210390936,0.2734936184424642,0.0,0.0001968750042475469
1.0,0.05322462606378864,-0.673357205092907,0.5063133012503386,0.05952377691864968,0.4506341103650629,0.9353807988607293,0.28923890665709373,0.0,9.61729962164032e-06
1.0,0.14936987175593086,-0.32072216868400577,0.2503105692565441,0.08836134865880013,0.12205527686513959,0.9734106986685809,0.33114797858389633,8.095035986041037e-40,2.8078787362762356e-40
1.0,0.15287950431878508,-0.40696296319365505,0.029672751389443874,0.14459916323423386,0.5384650424402208,0.9404317398723077,0.3402957900412483,0.0,0.00021247730869131422
1.0,0.05593617649996395,-0.1621401108801365,0.44622297082096335,0.03314437538385391,0.26646275669336317,0.9547186922862831,0.2694601845205349,7.149419471163254e-05,2.4798781555035884e-05
1.0,0.039422723388451535,-0.6793967671692371,0.2970551887527108,0.10628294318914414,0.1700709282513708,0.9475892549137979,0.2960249019544967,0.008874948656663346,0.003078402574313405
1.0,0.16018188589982263,-0.32715824171900754,0.4791883623227477,0.0751983717083931,0.4800485212728381,0.9439799401911262,0.3321613816354302,0.0,0.001029397120786354
1.0,0.18120364597514893,-0.7330971159040929,0.36399269085377456,0.04904827773571015,0.3914968457724899,0.9431510877527938,0.3470265870140816,0.0,0.00039819504275199726
1.0,0.021389306771150515,-0.2853479228913784,0.09733691979199648,0.09759294629096985,0.11081580195575952,0.9540330512915918,0.26921924244619744,1.0595138221371224e-05,3.675074869462737e-06
1.0,0.08733732312813278,-0.5555310182273389,0.5469258086755872,0.001983678936958313,0.3167425095569342,0.9503846264390289,0.2897648017608736,0.0,0.0013182713379204655
1.0,0.11809136323946044,-0.00036595538258552555,0.21460528951138258,0.1309002423286438,0.6359961635619402,0.9349352904392276,0.3066591648225523,0.0,2.2425110565333042e-05
1.0,0.1046697381478768,-0.6222213916480541,0.5796539990231394,0.08507930293679238,0.20705596861429512,0.952768215093837,0.3236099771305453,0.0001404384950404011,4.871309586005086e-05
1.0,0.09792477031703359,-0.37114883139729504,0.1631452666595578,0.05655339315533638,0.5168655133806169,0.9445455912364282,0.29254371686574776,0.0,0.003315172202230401
1.0,0.010788956090153944,-0.4884541191160679,0.31236862409859895,0.12341511622071266,0.42538757898844776,0.9335325804437213,0.27631924179908696,0.0,8.634833918537101e-07
1.0,0.1946381715173452,-0.14246569499373438,0.13019281905144453,0.014479774981737137,0.15325680339708925,0.9729552233954637,0.32969468727386064,1.3771395169613846e-35,4.776804912577932e-36
1.0,0.17838740502901684,-0.5490398116409779,0.22665794547647236,0.02062871977686882,0.05111101687885821,0.967623025269608,0.3323745055114674,3.7585046802168736e-34,1.3036909767879778e-34
1.0,0.03042983454982626,-0.09504032656550408,0.4933540591970086,0.15210381135344506,0.37019531371071934,0.941974528727221,0.28858253777119847,0.0,0.0013624007792008219
1.0,0.064941859337293,-0.7652724467217923,0.04367297384887934,0.06771279737353325,0.5810372242797166,0.9299157507878524,0.28657905127005545,0.0,7.02727643000425e-08
1.0,0.13466119423237022,-0.21635728254914285,0.37595429476350545,0.11877708420157433,0.30022638170048593,0.9606034628748803,0.33230963063879326,0.0,1.4415448073726902e-09
1.0,0.12799563135155298,-0.7954084113240243,0.1714094202965498,0.005970624089241028,0.46032261061482127,0.9438029211289525,0.30893946989582544,0.0,0.0020385618915101126
1.0,0.07105461327334502,-0.2480373412370682,0.5904054902493954,0.1373869299888611,0.18861474052071572,0.9558244959780038,0.3135400744679231,1.7970943080988325e-06,6.233478027145355e-07
1.0,0.036899195537232574,-0.5182320773601532,0.13876810893416405,0.043035261034965515,0.249116186266765,0.9505645750355964,0.2669214848085343,0.003177176831213482,0.0011020491176490532
1.0,0.17207222024214386,-0.06266408413648605,0.3234312515705824,0.09407959580421447,0.559395139478147,0.9403385199998818,0.3282095390885338,0.0,0.0003431824488087434
1.0,0.2012803879738072,-0.4692739635705948,0.5221321765333414,0.10042095988988876,0.6186477024760098,0.9251481876533841,0.3545089436100155,0.0,8.571348875550702e-12
1.0,0.0047026873890270654,-0.1248298242688179,0.2532416224479675,0.07183672219514847,0.3376744972541928,0.9394263351688884,0.24629551654159698,0.0,0.00019874089680906365
1.0,0.09147878008584738,-0.6420977279543877,0.4050438344478607,0.14873721808195114,0.09109032760374247,0.9565219418480541,0.33275716002600464,7.629003953096195e-09,2.646228876042651e-09
1.0,0.11095846203168953,-0.38945646882057194,0.07056807316839694,0.03978268772363663,0.41004022173583504,0.9554552778870407,0.2969108463117379,0.0,3.943796085163802e-05
1.0,0.12473241024566652,-0.5863508626818658,0.41919107772409914,0.06435115739703179,0.13366529089398682,0.9632493357997765,0.3235283614378086,1.963922009817223e-16,6.812143714468636e-17
1.0,0.0812491063570737,-0.03273008465766907,0.00015237629413604735,0.11291509136557579,0.4437783773802221,0.9503530193427357,0.2880008943687059,0.0,0.0017749812508370667
1.0,0.014944482948737141,-0.7029734522104264,0.4518819540739059,0.027267041653394698,0.49966261261142786,0.9255597947171207,0.2590792353681477,0.0,7.611119544836652e-12
1.0,0.18749431488741075,-0.2536555603146553,0.26726029850542543,0.15624185666441917,0.227823780272156,0.9555716029378223,0.3647723333409937,6.892371376262388e-07,2.3907173560807016e-07
1.0,0.15351437799055634,-0.6595327317714692,0.08728991858661174,0.12990179434418678,0.28302275375463065,0.9536450812936987,0.3522683952009984,3.497060122605319e-05,1.2130052015426923e-05
1.0,0.045534310915730715,-0.30883830040693283,0.3561412744224071,0.018466729670763016,0.6018057631142437,0.9290335495078573,0.2528317682409926,0.0,2.9006221590376736e-08
1.0,0.06240748555730245,-0.42615522891283036,0.2042834870517254,0.08156594291329385,0.3506054009962827,0.9514944298196439,0.289293257858691,0.0,0.0007847301982250084
1.0,0.14656548898216806,-0.17976386845111847,0.5387995909899473,0.05054038599133492,0.06950021548196673,0.9685705605513729,0.31821778690054914,2.9714603958084654e-34,1.0306934367512345e-34
1.0,0.1455146322356691,-0.7565549470484257,0.0810571689158678,0.09359975829720497,0.4009621328953653,0.9463352636233328,0.33908806871487496,0.0,0.0010035769518300243
1.0,0.06305966469769363,-0.21171990856528283,0.3383779898285866,0.04476143434643746,0.10023124450817704,0.9657279464982538,0.2779193021052414,8.94344369272342e-23,3.102161054896464e-23
1.0,0.044894176048456615,-0.529036819189787,0.18869754821062087,0.1353634013235569,0.3089137676078826,0.9479153621002576,0.30000407093808434,0.0,0.002839383366459501
1.0,0.15455314180020843,-0.07678610160946847,0.5303530175238848,0.006740493327379227,0.6473223344050348,0.932966743292012,0.29826623375678596,0.0,4.1462549037084e-06
1.0,0.18695053420507327,-0.48346920236945157,0.42525449953973293,0.038055530041456224,0.5494584686029703,0.9362887823087876,0.3358629366930944,0.0,1.441775259492434e-05
1.0,0.015886892573452608,-0.13570782914757729,0.018121627718210218,0.149218035787344,0.2591203391365707,0.947977524732232,0.27555771121349637,0.01032755416203974,0.0035822595204440333
1.0,0.08029460379551139,-0.6059511668980122,0.46734434142708775,0.07106724664568902,0.16012168915010988,0.9555023690591045,0.3067675101186389,1.9564949780927912e-06,6.786381995201851e-07
1.0,0.12528823520112106,-0.35077392980456357,0.27579382024705407,0.10244410023093224,0.488734218198806,0.9465281665808459,0.3214546705601443,0.0,0.0019453459058936303
1.0,0.11040280739928918,-0.5726438768208028,0.5095936920493841,0.15670376509428025,0.04080573162995279,0.9570965338413984,0.3453232907784587,5.916643821590797e-12,2.0522723315143525e-12
1.0,0.09243306366062574,-0.02155914232134819,0.2523126371204853,0.025561238825321197,0.3793813286349177,0.9568307864861078,0.275450885782372,0.0,8.034965037210026e-06
1.0,0.0037604480873657817,-0.7388270162045956,0.4019021697342396,0.11495960086584091,0.5926798987668008,0.9175112628731092,0.27625165569359356,0.0,1.0306095704094926e-17
1.0,0.20182394966936074,-0.2928264118731022,0.06020579002797603,0.06356274873018265,0.29208113610744474,0.9583920630357459,0.34427419792943825,6.656975851977498e-08,2.309067059726999e-08
1.0,0.1710332374457078,-0.6986791484057904,0.1840714741498232,0.05224641025066376,0.1993971201311797,0.958242197196939,0.34324819008757745,9.088453899831726e-09,3.1524599143190275e-09
1.0,0.037539500727560855,-0.3446674712002278,0.591247545182705,0.08110381722450256,0.5281753704696893,0.930322287707761,0.2759194648282419,0.0,5.440562586110691e-08
1.0,0.07040221514616989,-0.4148621894419193,0.14207911938428877,0.019254286885261537,0.43379407643340523,0.947515404557115,0.2707843292690718,0.0,0.004132324661764345
1.0,0.1290466584211061,-0.16593483909964563,0.33358758576214315,0.12785813093185425,0.14358676377683877,0.9713782997811597,0.3304980791970171,1.3134285598511404e-31,4.555814367204024e-32
1.0,0.1353170718162236,-0.4457675784826279,0.241689427010715,0.07692434713244438,0.6265491416398437,0.9343784905271154,0.31631093618295314,0.0,9.465591028361812e-06
1.0,0.06388730414733185,-0.19840873628854752,0.5011649223044514,0.10580086693167687,0.32612204948440193,0.9513247260928434,0.29641445362188334,0.0,0.0007209330666121822
1.0,0.03147151818326432,-0.6686408385634423,0.04930777866393327,0.03391259238123894,0.08184669983573259,0.9534254324707102,0.2648612621823233,1.0236523721817116e-05,3.550684313379393e-06
1.0,0.17774435033795677,-0.3130850672721863,0.39319859873503443,0.14257484063506126,0.4205473916791379,0.9443242612355086,0.35668455868482174,0.0,0.00034629740108901874
1.0,0.19557688269859846,-0.718853022158146,0.5647918632254004,0.1313813389837742,0.47034807373769577,0.9280690566400818,0.3716388215872046,0.0,1.290327018192282e-11
1.0,0.010248873851278694,-0.2744211167097092,0.15512845460325478,0.00025868847966194154,0.17970854772254824,0.9465089542516912,0.23254832098574485,0.00826124089198658,0.0028655292794083536
1.0,0.09847767544870217,-0.5917263746261597,0.3068573886528611,0.09961765781044961,0.23834787354804576,0.9581045249780259,0.3208901809793574,1.1451893155064641e-07,3.9722525428746646e-08
1.0,0.10371815541010046,-0.03909735530614853,0.11286158468574285,0.048279667645692824,0.5666660233028233,0.9421952870810749,0.27797643399074523,0.0,0.002176459439092227
1.0,0.11904311630029098,-0.6359771728515625,0.3677334627136588,0.012772491574287415,0.27115380234085024,0.9581290904337068,0.3084948940578356,3.1237954441166853e-07,1.0835330218589307e-07
1.0,0.08678419900968024,-0.38236863464117055,0.1082170570269227,0.12387605905532838,0.6100237059220672,0.934298181574485,0.30159509563955056,0.0,1.1842042377501154e-05
1.0,0.021929559333079947,-0.4525517001748085,0.5600199127569795,0.05576465308666229,0.36083329874090847,0.9367754808040898,0.2671300644156769,0.0,1.9739839601839888e-05
1.0,0.18026471580711173,-0.10324604213237763,0.21616885866969823,0.08712170720100403,0.060535859912633896,0.9746847970108667,0.34150049442912456,2.2229645009739876e-59,7.710669556682612e-60
1.0,0.16082472160409875,-0.5099422082304955,0.025808428041636942,0.11831635802984238,0.1250382975768298,0.9657531663322052,0.3475175795078622,7.720089486212862e-22,2.677823192863683e-22
1.0,0.038381210078067655,-0.059259998798370364,0.43542978186160325,0.06941985875368119,0.4535246410220861,0.9390557914182895,0.26175285095845,0.0,0.0003252080881133405
1.0,0.056990512703141157,-0.7765166372060777,0.28379175681620833,0.15006056040525437,0.5072499273624271,0.9311277103373534,0.3138476495458836,0.0,6.833257912675617e-08
1.0,0.1522237970579859,-0.23013750463724136,0.4778307599946856,0.021418310701847076,0.21673903662711383,0.9664857146287481,0.31606519585597037,7.837937455112802e-18,2.7187004423976053e-18
1.0,0.14831553555275367,-0.5413966067135334,0.4071740940213203,0.04531234160065651,0.4818863841705024,0.9436943543947084,0.32481543881368735,0.0,0.0012591484176892446
1.0,0.05388033332458785,-0.09033006355166436,0.07368365116417408,0.09633745148777961,0.1717418382037431,0.9635482546799687,0.2804959370091459,5.371266852482418e-15,1.863100548034347e-15
1.0,0.042089403964855665,-0.7700865171849728,0.524240817502141,0.003225708156824112,0.2659748268313706,0.9399416887573896,0.2745476105136898,0.0006253899775337813,0.00021692543712287793
1.0,0.16373639060356038,-0.22409208789467813,0.2564157262444496,0.13466185167431832,0.5378450459334999,0.9407594603773552,0.3405786853651961,0.0,0.0002459621386040444
1.0,0.18417457104949378,-0.6174073688685895,0.1368072487413883,0.14085467264056206,0.6398814650811255,0.9255703151481955,0.3553011240751204,0.0,2.923042259456127e-11
1.0,0.02504133244878309,-0.3634140737354756,0.3201096709817648,0.03188030704855919,0.32113218762911855,0.9437726417843376,0.2543940794785253,0.0,0.002734563188249765
1.0,0.08307448438133705,-0.4960973717272282,0.16942436657845975,0.10752133890986443,0.10768414860591291,0.9661419610306323,0.3128490141493737,9.714110250975795e-23,3.369477746929396e-23
1.0,0.11612992655927418,-0.1471760056912899,0.5871444381773472,0.07895632848143577,0.3887555294949561,0.9511613319691152,0.3113440125965228,0.0,0.0006865722176022936
1.0,0.1076256763141953,-0.7253075815737248,0.20217498019337654,0.024385431706905367,0.15043085284531116,0.9625811932033034,0.30643886404098253,1.3792895522705876e-14,4.784262616827028e-15
1.0,0.10158867146547061,-0.28049092516303065,0.5356256570667028,0.1533410194516182,0.42217243666760623,0.9454755317142385,0.32820391093219714,0.0,0.0014930741572101941
1.0,0.006539939363353308,-0.5602964155375958,0.08515954278409481,0.06645243376493454,0.5213194647803903,0.9267701865479366,0.2505282410400047,0.0,1.5945992297631174e-10
1.0,0.19266603033735197,-0.008051682263612747,0.35302554443478584,0.1150362029671669,0.21100672512315213,0.9604020853394418,0.35107437597650515,8.457027683400541e-11,2.9334407216061445e-11
1.0,0.17383530869230676,-0.40219751819968225,0.4538668558001518,0.08884208977222442,0.29952349614351986,0.9532525749508467,0.3473492681893048,7.56422438279984e-05,2.6237591577740848e-05
1.0,0.028359001424940692,-0.15445433631539346,0.2705212343484163,0.05779669523239136,0.5804652237053961,0.9287199496142935,0.24749995155401028,0.0,1.2969030139934e-08
1.0,0.06759783237240706,-0.6871862538158894,0.4211521077901125,0.12215598285198212,0.3719322422146797,0.9420507796245579,0.3147928814332339,0.0,0.0008388834024593998
1.0,0.13822951791461993,-0.3320151917636395,0.0034740909934043883,0.010740143060684205,0.05301375302486122,0.9842460142785248,0.30377884213445017,4.730075074713747e-101,1.6406940310310115e-101
1.0,0.13171460691578188,-0.6547184586524963,0.5442003400996327,0.10416426703333855,0.5550444380752743,0.9317810756557221,0.3355067089354792,0.0,1.4000920004480424e-07
1.0,0.07386824576752457,-0.3011036977171898,0.21323821675032376,0.07309953317046165,0.24519190807826818,0.9624767661696351,0.29151857837808315,2.1174316838991785e-11,7.344613922643985e-12
1.0,0.035070114317189656,-0.4337982311844826,0.3612890912219882,0.14749756261706354,0.191318243611604,0.9499588734521528,0.30060861802139704,0.0029865664593977186,0.001035933190448964
1.0,0.1677673261480102,-0.18447433412075043,0.0959116430953145,0.03602354988455773,0.4634920771513134,0.9526596461079617,0.3151902108857456,0.0,0.00032224013240604506
1.0,0.1991544561012649,-0.5787078127264976,0.29961131159216164,0.009707818180322647,0.40833266207948327,0.9461448585718859,0.33927773001955086,0.0,0.0009941171512345122
1.0,0.0002928723925910337,-0.02801957130432129,0.4807614197954535,0.13864360883831978,0.08928911441005766,0.9453664979616674,0.2710901091672,0.011478822125742381,0.003981593240591909
1.0,0.0949040194762819,-0.7077876776456833,0.03225274588912725,0.041794413477182386,0.3383299799822271,0.9528824577546721,0.2997362297124727,0.0,0.0002298320682998275
1.0,0.11367028810227173,-0.2613901153206825,0.44773524943739174,0.09031924679875374,0.6191001461166888,0.9339918144523172,0.30781832094938877,0.0,7.854991150194028e-06
1.0,0.12261952177344303,-0.4645087689161301,0.04637670759111643,0.12613774955272675,0.22835913114249706,0.9653861255019424,0.33335110515622823,8.710187904810235e-16,3.0212529566342576e-16
1.0,0.07682936548050696,-0.11714389473199845,0.37737974133342506,0.017222243547439575,0.5004021478723735,0.9429145398083537,0.2661388141944707,0.0,0.002619384095302256
1.0,0.018355514050821545,-0.6498874649405479,0.2293832978233695,0.08282389461994172,0.4419111274555325,0.9328001589989771,0.27106003845321636,0.0,4.1150297678643636e-07
1.0,0.19021723780912111,-0.3943132638931275,0.4947209799662232,0.054278757572174076,0.13189287616871298,0.9584692993525469,0.3485316538363169,1.7902768485988546e-10,6.209830696116299e-11
1.0,0.1572234246331714,-0.7876187220215798,0.3097884776070714,0.06059562891721726,0.0727543344721198,0.9578487300434528,0.34444817648043147,1.985989864281129e-11,6.8886892164420566e-12
1.0,0.048360983768745994,-0.24318059384822846,0.12868042420595885,0.11167914062738418,0.35339237487874925,0.9505976188952798,0.2836115280530126,0.0,0.001399189193495474
1.0,0.06058949814690462,-0.5229973196983337,0.5770980460569263,0.028528665006160737,0.5978171934187413,0.9274714283532928,0.2770529581747757,0.0,2.757783158025103e-09
1.0,0.14224638355820118,-0.07035006135702133,0.16157234329730272,0.15998391896486283,0.27860661554150284,0.9645598842638544,0.34081540976613545,1.9555661545609599e-13,6.783160238251951e-14
1.0,0.14034461070172766,-0.4936888471245766,0.5985664850100875,0.016079792827367784,0.16595510377548636,0.9597809900057119,0.31807113890548167,1.2022518194711512e-10,4.170181979874597e-11
1.0,0.05866203084111465,-0.13791651427745819,0.1820165941491723,0.12743765756487846,0.48535575199872255,0.9427014358894354,0.2866957214554673,0.0,0.002231803852169428
1.0,0.05006422077370679,-0.6208093881607056,0.33153288457542657,0.053078375905752186,0.5439211625885219,0.9316557811494861,0.27787236753690714,0.0,4.0623827616403683e-07
1.0,0.15895079884809613,-0.3732463821768761,0.14939830955117941,0.08418176218867301,0.26219804279506204,0.9648559854043463,0.3357434013406434,2.5667196807861733e-14,8.903033446780174e-15
1.0,0.18895626970657675,-0.7666966766119003,0.24499365370720624,0.11038015320897103,0.3221998749952763,0.9426527003520677,0.36545990956472896,0.0,0.00010766878849804892
1.0,0.017070408738313243,-0.21424759775400162,0.5116485999897122,0.061737169176340104,0.6317302043735982,0.9205181356784503,0.2494647119140999,0.0,3.7277432732981534e-14
1.0,0.07828889376642897,-0.5438173159956933,0.062260447628796095,0.1586257417500019,0.3873799214418977,0.948083093657677,0.32002034211501174,0.0,0.0017118234024765563
1.0,0.12410474450868147,-0.09957736730575562,0.3945830075070262,0.029729347378015518,0.11612413253635168,0.9761166492653885,0.3000278545559226,7.160450513213637e-50,2.48370442983586e-50
1.0,0.11240854138005109,-0.677697478234768,0.01080146413296461,0.07422335386276245,0.43069600955583154,0.9475388926794346,0.3139736592799931,0.0,0.0022517594388338446
1.0,0.09361657830474483,-0.3281750321388245,0.42731044460088013,0.10288540184497834,0.14913977907970546,0.9651603013852659,0.31432217576472665,9.231891186181412e-19,3.202213183733136e-19
1.0,0.001754736537541808,-0.41111694276332855,0.2778497295454144,0.03724439263343811,0.2027901275921613,0.9420723314056293,0.24550803073071725,0.0021950744676090183,0.0007613928996449803
1.0,0.2006404574561796,-0.15730363279581072,0.46002407055348155,0.14612170398235322,0.5223227606527507,0.9342184571909411,0.3584850796870034,0.0,5.208022144344718e-07
1.0,0.16586321743250793,-0.5513891696929932,0.34569818135350944,0.1399221733212471,0.5767724649328738,0.9314488502907243,0.352281659414337,0.0,5.5623409880793215e-08
1.0,0.03314186839172342,-0.005190204083919525,0.07900118026882409,0.008584307134151458,0.3056825472973287,0.9479437437197358,0.23558832001434915,0.0,0.002569952811639104
1.0,0.07557226139216162,-0.7348085418343544,0.5282971361652017,0.091696015894413,0.056418220335617664,0.9505097558639117,0.31217060453623036,0.00046540852179802346,0.0001614335864957082
1.0,0.13344431698973536,-0.28431889712810515,0.19601777549833058,0.040572650134563445,0.36607951650395987,0.9610357294959919,0.30878271196225593,0.0,7.971420282078152e-09
1.0,0.13968981265428573,-0.7039948008954525,0.4380624007433653,0.15463874891400337,0.24381246416829527,0.9480091814725465,0.35859348436415217,0.0008858116138181158,0.0003072563975102035
1.0,0.06908226432203682,-0.25194866433739666,0.01906486675143242,0.023242707401514053,0.5635074553266168,0.9377695412534726,0.25752042481840265,0.0,0.0002034942970534989
1.0,0.027098799776140124,-0.5815067298710347,0.47108744904398914,0.11639319851994515,0.46458388860337435,0.9314804887945081,0.2881688417383881,0.0,8.359723259024934e-08
1.0,0.17254941259418977,-0.036888670176267624,0.2864245545119047,0.06525049105286598,0.18316205628216267,0.9717687949528886,0.3302602844521444,5.189903451431354e-29,1.8001920645849571e-29
1.0,0.19436847655670408,-0.4309870816767216,0.10558446384966373,0.05894033059477806,0.09535037848167122,0.9651788629518594,0.3444930147721811,1.4875696414533335e-23,5.159847556168361e-24
1.0,0.008268080032021842,-0.17561747059226038,0.37447697818279263,0.08754344031214714,0.4045887646079063,0.935808616052441,0.25532144647378896,0.0,1.0618726781104241e-05
1.0,0.09968610782338838,-0.6584991089999677,0.22291219532489776,0.011941785663366318,0.6133450620528311,0.9325174853978413,0.2887624206709668,0.0,2.2786670441776374e-06
1.0,0.10569897546214914,-0.3105573780834675,0.5573870692402124,0.12079929754137993,0.34178573142737145,0.9516656345308813,0.32389648053815145,0.0,0.00030239215322160285
1.0,0.11783470863765505,-0.5136874549090863,0.15249689854681492,0.09505770355463028,0.5037737286183983,0.9439997415109819,0.31806065893412216,0.0,0.0017012831712558758
1.0,0.08480340366968184,-0.06789120510220528,0.5715341985225677,0.04643459528684616,0.2225212580151856,0.9605649025933821,0.2877752802951309,5.140508981619935e-10,1.783058887942848e-10
1.0,0.023137990187024598,-0.7974983073771,0.11960381269454956,0.13328382283449172,0.12821373377926648,0.9442214407013336,0.29523550174605107,0.006539151450938904,0.0022681979850420622
1.0,0.18224553433841886,-0.24662994369864466,0.3042257968336344,0.00444629043340683,0.4480385282449424,0.9510481477397267,0.3195462308145839,0.0,0.000655675031730522
1.0,0.16519746396290244,-0.6399956472218037,0.5037964325398206,0.03075774312019348,0.3451527440268546,0.9483240394190721,0.33578671215142575,0.0,0.0008963356382316436
1.0,0.04357617177351418,-0.39087614938616755,0.23494711741805074,0.14213472068309785,0.07376146620139479,0.9585587441886335,0.3009543886329905,1.393782607605628e-11,4.834533847207113e-12
1.0,0.05261779581675852,-0.473806407302618,0.3864563249051571,0.07773666620254517,0.2871351150516421,0.9501127095058962,0.2892495445162706,0.0041980157211100825,0.0014561416525120567
1.0,0.1470288608349604,-0.11961498036980629,0.05193939618766308,0.10889845669269561,0.5965019955672324,0.9397240357868502,0.3167733294780518,0.0,0.0004012507888680771
1.0,0.1502963297521959,-0.6089502081274987,0.26320217940956353,0.12251908406615257,0.10391532942652701,0.9614356178869113,0.3500111284732429,1.5786192993809435e-15,5.475666286166629e-16
1.0,0.055088739846667616,-0.35944595336914065,0.4559216922149062,0.013974452465772629,0.394830371318385,0.9446977762085769,0.26690431425154604,0.0,0.0038557363826877853
1.0,0.040108584292992376,-0.47987644374370575,0.005528820119798183,0.08582396015524864,0.6439463883265854,0.9251249971426128,0.26571322371665096,0.0,2.2630907278150372e-10
1.0,0.16252795860905955,-0.12606930881738662,0.4138330170884728,0.0569073574244976,0.3147565878089517,0.9607773688920365,0.32532491069783054,0.0,1.885773224192609e-09
1.0,0.17897961049460342,-0.5326173901557922,0.5429446684196592,0.06821819856762887,0.2505868925526738,0.950798446458062,0.3496759301879212,0.00038030599978586304,0.00013191456244523078
1.0,0.020668591230535566,-0.08643680661916733,0.20012017171829938,0.11967302337288857,0.5507780317869038,0.9301571543015712,0.2592537375214774,0.0,6.916560050670759e-08
1.0,0.08826942174491868,-0.7535437241196633,0.3509707717224955,0.02027469590306282,0.4969782098382711,0.9377650302614786,0.29447667189722804,0.0,0.0001227524870197456
1.0,0.12050264458621299,-0.20306006371974947,0.0924786614254117,0.1513592280447483,0.1591096148919314,0.9734778581604898,0.33436096362749457,1.5660161551628633e-34,5.43195048215883e-35
1.0,0.10243071423856338,-0.42494148164987566,0.3274297909811139,0.10717891335487366,0.3782851563952863,0.9527211170975475,0.31850267435149704,0.0,0.00020450608846857846
1.0,0.09721592872648153,-0.169187530875206,0.13475118856877089,0.07570378482341766,0.04896686148829758,0.9799196066342565,0.30022294987283327,1.0626431086006247e-78,3.685929246065496e-79
1.0,0.011734875206193391,-0.6895689845085144,0.5850886283442378,0.14385456800460816,0.2934655270911753,0.9322843806551521,0.2970754736171376,1.1578980136080623e-08,4.0163344755884485e-09
1.0,0.19703874684354922,-0.34201196283102037,0.1767446653917432,0.03279032051563263,0.5842125161830336,0.937251246305946,0.3289653699303867,0.0,4.9999205960575336e-05
1.0,0.17581610441249054,-0.7479249924421311,0.0663635591045022,0.0014783301949501037,0.5339348198659718,0.9382261771176688,0.3242791518843504,0.0,9.659652299503588e-05
1.0,0.029567409467762013,-0.29549410492181777,0.40923011060804126,0.13000420302152635,0.19593642161227764,0.9503520248428778,0.2890824185691364,0.002748522994258558,0.0009533644180276507
1.0,0.06561701422128534,-0.5625524029135704,0.2584715640172362,0.049402249157428746,0.13752055717632175,0.9590875068069924,0.2881082368382961,3.918064113530916e-10,1.3590364429165272e-10
1.0,0.13702108744086067,-0.018318629264831545,0.516920475102961,0.09833762973546982,0.43754233469255266,0.9491231511896238,0.31959353740078067,0.0,0.0013741044489926715
1.0,0.13053109037073585,-0.5949287407100201,0.12604775950312613,0.026761641055345536,0.33433428168296814,0.9584444923647537,0.31234557924751594,0.0,2.401593338867744e-07
1.0,0.07186250988583572,-0.04912626817822457,0.31653192155063153,0.1553459157049656,0.6255507928412408,0.9313750948691166,0.2954823893743017,0.0,7.385663911767083e-07
1.0,0.03625360462944385,-0.7162448383867741,0.16831575147807598,0.06470518186688423,0.4120287613198161,0.9376734556065428,0.2768889489607328,0.0,8.065343564444852e-05
1.0,0.16977303579690725,-0.26535823568701744,0.5744652740657329,0.1136596728861332,0.08313341281376779,0.9578165746574568,0.3519914906627033,2.6606871451872004e-11,9.228973004860481e-12
1.0,0.20355209033802926,-0.6712612517178059,0.38001243174076077,0.08246197685599327,0.1763084411993623,0.9474912682283702,0.36569771797729966,0.0006394744333825352,0.00022181083159894112
1.0,0.005462894306717881,-0.3221357218921185,0.039633217826485635,0.05104570791125298,0.4761958569195121,0.9309926301612411,0.23613552979558639,0.0,4.2167429696336704e-08
1.0,0.09050636280857959,-0.44257744774222374,0.487977597489953,0.12915713891386987,0.5703538350015879,0.9334270470806867,0.31598455168326456,0.0,2.3594528816811145e-06
1.0,0.10850024375720693,-0.18836759105324746,0.2320160239934921,0.018112764805555345,0.23219318772666156,0.9712552602156234,0.2902547633890702,1.800646132817257e-24,6.24579803797549e-25
1.0,0.12701715448946585,-0.7852359913289547,0.483392858505249,0.043540609180927274,0.6039525363408029,0.928651436736709,0.31936549340968445,0.0,7.718815199941863e-09
1.0,0.08199938587389226,-0.23318382278084757,0.29286893047392365,0.09497563689947129,0.27492622104473413,0.9616128755993463,0.3011996530567569,5.307833804931193e-10,1.8410978903928717e-10
1.0,0.013957855862377678,-0.5002533562481404,0.4409930471330881,0.005616652071475983,0.06631823355332017,0.9448926798103415,0.24690613482596635,0.008091576966700239,0.002806678926062654
1.0,0.1850471919433148,-0.055616866797208786,0.03488443493843078,0.13664224833250047,0.35736887344159185,0.9555368171520078,0.3469086414375324,0.0,4.224013875177677e-06
1.0,0.15603990960886693,-0.4622527815401554,0.2106067322194576,0.14784124612808228,0.454895306546241,0.9444492779940054,0.3503157687428148,0.0,0.0005009007760864228
1.0,0.04635524940779869,-0.10687694773077966,0.5509427469223738,0.039277275204658506,0.11660267443396152,0.9568707960016605,0.26726493553055997,2.7596614304216394e-08,9.572279435402762e-09
1.0,0.061772989979900376,-0.6272700540721416,0.10265379957854748,0.10116555333137513,0.2156757145933807,0.9551309380896188,0.3010721744292568,1.472220401953072e-05,5.106606528846052e-06
1.0,0.14425209472783976,-0.3793100841343403,0.35865742787718774,0.0721907776594162,0.5153962409961969,0.9435604319181342,0.3232485688683694,0.0,0.0013089126740145583
1.0,0.14375242733634977,-0.626228291541338,0.45492972917854785,0.15180127620697023,0.4901378123275935,0.9356566926976863,0.3528318512955031,0.0,2.53111835532118e-06
1.0,0.06207335430576304,-0.3804258517920971,0.2644046500325203,0.020463743805885316,0.16109828968532383,0.961798190608699,0.27216083234221966,5.811614343120456e-13,2.0158413582873527e-13
1.0,0.04665327863500336,-0.4600443921983242,0.41262024790048596,0.11982272028923036,0.2575652013905346,0.9494136134641936,0.29929951525741616,0.004814041662136026,0.0016698190399608613
1.0,0.1555425788367765,-0.10915781632065774,0.006512786820530891,0.06869961202144623,0.5486281760130077,0.9451651225196593,0.31049313076640084,0.0,0.0025289891423946314
1.0,0.18554688366666966,-0.5024616293609142,0.20155156217515469,0.0573442080616951,0.6460851092077792,0.9301932062361724,0.33330648125095474,0.0,6.275701367104005e-08
1.0,0.0136575158683799,-0.05333611443638802,0.5418887235224247,0.08600599855184556,0.3077707981411367,0.9406701360385821,0.25972111774775486,0.0,0.0005330302554003936
1.0,0.08170138097855247,-0.7862778224050999,0.09354491606354713,0.014117731153964997,0.10191786488518119,0.9583153405112059,0.2911496806849776,1.481724035302034e-10,5.139571237148695e-11
1.0,0.12751450959342117,-0.23206798657774927,0.3495473977178335,0.12299470871686936,0.4016609428543597,0.9532802676638957,0.3283804228731749,0.0,0.00010821503585645899
1.0,0.10900032479039995,-0.44143793955445293,0.13567056320607662,0.09850196108222008,0.14428296498954296,0.9712341586314339,0.31951759779393796,5.26390614182709e-31,1.8258609536606491e-31
1.0,0.09020563350474368,-0.18938579186797144,0.3261535830795765,0.04985925361514092,0.43547806988470256,0.950833535823464,0.2868245981595886,0.0,0.0014214525929946683
1.0,0.005166057340892476,-0.6689553074538708,0.17802889421582221,0.1304999576508999,0.5270297740772366,0.9244761049998829,0.2753490005323139,0.0,2.9742092689289007e-12
1.0,0.2040482775124702,-0.32431883290410046,0.5841795589774846,0.0016039161384105683,0.19815728618763387,0.9554397879383573,0.3377495471491646,1.99399036144077e-06,6.916440082396107e-07
1.0,0.16927297909557912,-0.7185508571565151,0.4078713286668062,0.0329580183327198,0.2912534704431891,0.9507457125119707,0.3402249370944954,0.0007032419010592516,0.00024392948763263733
1.0,0.036554358265144644,-0.26317505016922954,0.0674932524561882,0.14431553021073343,0.5911273697670549,0.930012925302052,0.27701799580755604,0.0,1.0872323970241643e-07
1.0,0.072159371183526,-0.5960681267082691,0.5157827720046043,0.07620412662625313,0.3803605379164219,0.943581889270388,0.30276759729276836,0.0,0.002089600616889917
1.0,0.1300349275281598,-0.04810818955302239,0.2598200608044863,0.10730723634362221,0.04221195268444717,0.9802385143110106,0.31931263579623226,2.1825911362512184e-85,7.570628780443359e-86
1.0,0.13672074668649212,-0.5651506245136261,0.31773382555693386,0.017635630667209627,0.5683686324767768,0.9384146126660338,0.30883238944893665,0.0,0.00020419663324490833
1.0,0.06611670518426943,-0.015646402537822724,0.12505636531859635,0.12901294201612473,0.2390254590380937,0.9628961916448467,0.2946082329768147,5.110869423452708e-12,1.7727779842786902e-12
1.0,0.030064765332088125,-0.7485768631100655,0.5754486652091145,0.05086214572191239,0.17845009805634618,0.9384124809890866,0.28280384391058266,3.261895542062168e-05,1.1314350113210468e-05
1.0,0.17551810027752154,-0.2947697550058365,0.16710356008261443,0.08202419370412826,0.46922109306789933,0.9480100141856586,0.3352130321607669,0.0,0.0010233366693603628
1.0,0.19733911192978268,-0.6889169976115227,0.038577841781079765,0.11317978262901307,0.41901347840204833,0.939852233927268,0.361586117394858,0.0,3.316667747351251e-05
1.0,0.011235208575074172,-0.342736428976059,0.3814432555809617,0.06455641686916351,0.08100041844882071,0.9470254839125204,0.2578126745754089,0.011426828370914782,0.003963558464853873
1.0,0.0967185971940203,-0.42234332859516144,0.23059322778135538,0.1551583766937256,0.32750965481624006,0.9552814332420717,0.32942112916900546,0.0,9.571516065612794e-06
1.0,0.10272874270539728,-0.17185968905687332,0.4890432765707373,0.026320510506629945,0.627546966644004,0.9334511258148203,0.2821628504813082,0.0,7.355566326083165e-06
1.0,0.12080339898228455,-0.7562395125627518,0.29159214701503516,0.07206092193722725,0.21773425288498402,0.9566194473152326,0.32774295515938656,7.157972783974474e-07,2.4828449940956294e-07
1.0,0.08776936580396134,-0.2004855826497078,0.48431281093508005,0.10066430822014809,0.5086349057685584,0.9413636034133223,0.30089541379861773,0.0,0.001093119456514791
1.0,0.02017242762758872,-0.5333670184016228,0.03397479895502329,0.03881477549672127,0.45267573270946737,0.934553701917636,0.24917855433473146,0.0,4.046348853551164e-06
1.0,0.17927647103192293,-0.08581001162528992,0.44227784480899573,0.14767264023423196,0.12350177555344999,0.9605270488939741,0.35906504763889724,1.1697522213059913e-13,4.0574524864136244e-14
1.0,0.16222722854485286,-0.4791268900036812,0.552073018066585,0.13651820048689842,0.05941150616854429,0.9539232285574535,0.36081221368083494,1.296719000314856e-07,4.49785487573867e-08
1.0,0.040608664565814606,-0.12669602930545806,0.20924737472087143,0.0051218061149120335,0.3595774578209966,0.9469692179245673,0.24380638376175146,0.0,0.003504892535711755
1.0,0.055584927781479346,-0.6062542974948884,0.36000649351626635,0.09452016577124596,0.6107039001584054,0.9269881593478324,0.2905975388065818,0.0,1.665022704172947e-09
1.0,0.14999949354674127,-0.3620205566287041,0.10151552986353636,0.04337718173861504,0.2728590384405106,0.9680290461004106,0.320063088494415,6.7439072071659906e-18,2.3392204406595013e-18
1.0,0.14732920082895817,-0.47269677296280865,0.1809601083397865,0.02960041880607605,0.3900486018601805,0.9560727030375049,0.3172439002234104,0.0,1.0206735348459902e-05
1.0,0.05211810409340364,-0.12065060958266259,0.5999985594302416,0.15812601506710053,0.10877127090469002,0.9559410341113362,0.30657191690103025,1.194385303429398e-07,4.142895846545098e-08
1.0,0.043078816669558845,-0.637708704918623,0.14797654934227467,0.061276812553405766,0.3193897200841456,0.9461912628989881,0.27882446973723085,0.0,0.0043498984331533045
1.0,0.16549546885824223,-0.3930906124413014,0.33259738236665726,0.11021184027194977,0.6392385022900999,0.9305666743968628,0.3374472656392513,0.0,8.36249800034325e-08
1.0,0.1819451700125562,-0.7997851811349392,0.5128515399992466,0.08405679136514664,0.5364228360820562,0.9279284881585681,0.35499019644212826,0.0,1.3620591333893183e-10
1.0,0.023637657578514593,-0.24441554918885233,0.2440010782331228,0.05258201569318771,0.26501684201881287,0.9481521565390348,0.25614601835560813,0.0094040696633024,0.0032619357452617257
1.0,0.08530073444177229,-0.5147972054779529,0.3955652888864279,0.1269800379872322,0.1733155916724354,0.9585670850578443,0.32206949801573137,4.091111107037668e-09,1.419060261745992e-09
1.0,0.11753667941045037,-0.06685545966029167,0.06104950681328773,0.01591606706380844,0.4826980610378086,0.9514120449817673,0.2792274715118267,0.0,0.0012693200084649121
1.0,0.10539822182644835,-0.6574870295822621,0.42843967750668527,0.040097640603780745,0.05382280296646059,0.9617561109304533,0.3078221677069438,1.7769006382473004e-18,6.163433401919125e-19
1.0,0.1001861645247165,-0.3116907648742199,0.009443285688757895,0.0915521316230297,0.3735033869370818,0.9578180669731924,0.30385737959360193,0.0,1.602841765044408e-06
1.0,0.008764242874597912,-0.4287978850305081,0.46137424372136593,0.008401653617620469,0.5795046301465482,0.9214859982071609,0.23804686731606084,0.0,2.952695358351619e-14
1.0,0.19407161525901379,-0.17792950049042702,0.27671020701527593,0.13948592826724052,0.2980986593663692,0.9531898577704512,0.35977352567646037,4.0056323615079006e-05,1.389410739200264e-05
1.0,0.17285014189802567,-0.5836960487067699,0.0777255043387413,0.14563968494534493,0.21036637107841671,0.9550273049780938,0.36209194340693496,1.3182618667068076e-06,4.57257938167627e-07
1.0,0.026598718742947117,-0.03457651808857918,0.3466168809682131,0.03709531083703041,0.5195796241611242,0.9318519810571064,0.23929236761393857,0.0,3.1076898666362077e-07
1.0,0.06858607714759586,-0.7050068058073521,0.1951071012765169,0.10269695952534676,0.4232621858920902,0.9418875123224705,0.3047965460352955,0.0,0.001101831788290557
1.0,0.13998664962011115,-0.2508153520524502,0.5295831128954888,0.07378069058060646,0.15172653395682573,0.9652216068264093,0.3249517075814845,4.839589609941285e-19,1.6786807101895745e-19
1.0,0.13394398362085458,-0.7374869018793107,0.02049751002341509,0.12096210986375809,0.6206899065617472,0.9295145988038865,0.331656041253085,0.0,2.4071416990680396e-08
1.0,0.07527189630592818,-0.2817145422101021,0.4370053483173251,0.012397862374782562,0.3391204142011702,0.9535103572465985,0.2757832744771871,0.0,0.00017320945911815472
1.0,0.032843839924889526,-0.5521074458956718,0.2874896300956607,0.08803890138864517,0.08784566191025078,0.9512178891300335,0.2813685047833374,0.0005864491719228008,0.00020341826306743402
1.0,0.16636054896496913,-0.00454440712928772,0.4696651132777333,0.05906377285718918,0.4073906842432916,0.9524960347988204,0.3216514944305232,0.0,0.00024138878764858832
1.0,0.20014076649319548,-0.4103985980153084,0.3734838360920548,0.06541970252990723,0.4617708522547036,0.9416392565372369,0.34758434682778006,0.0,0.00022829542209287736
1.0,0.0020550772919103637,-0.157949498295784,0.10678797271102666,0.1168550831079483,0.1906592738442123,0.946258101404056,0.2629245669170196,0.012657746971340492,0.004390520144849145
1.0,0.09391458243971383,-0.675019234418869,0.556175552867353,0.02374334692955017,0.24646897346712648,0.9512907054768843,0.303403416548381,0.0013114520025716062,0.00045489583962536774
1.0,0.11191118551572497,-0.33077927082777026,0.22389505449682473,0.1547692197561264,0.5561528030224144,0.93927122386684,0.325504634437384,0.0,0.0002126988008469794
1.0,0.12360466423585924,-0.5463979184627533,0.5701765978708863,0.10934019282460213,0.27971235356293617,0.9510897094913972,0.33593374726051983,0.000648972585948545,0.00022510540134143458
1.0,0.07858962383063565,-0.09687545746564866,0.1536255558952689,0.0779235900938511,0.5990916500613094,0.9363387127397209,0.27526833276595797,0.0,8.713817943549834e-05
1.0,0.01736724494376787,-0.7673173859715462,0.30308684315532447,0.14228288009762766,0.3527307963650673,0.9337832905085011,0.2957977749068361,0.0,2.76520018021008e-07
1.0,0.18846008177176501,-0.21350405514240267,0.12095341924577951,0.031238248497247698,0.07103048264980316,0.9753272888310429,0.33360344604342396,1.5109220179558775e-57,5.240848606115612e-58
1.0,0.15945085478905346,-0.6201888009905816,0.2358652414754033,0.004883458465337754,0.13095350707881154,0.9678607125576705,0.32368500672999245,2.5771824368231693e-25,8.939325008979229e-26
1.0,0.04976346637763522,-0.37398980259895326,0.5025213344022631,0.13346799060702325,0.4404703018814325,0.9390902905879316,0.29965312699448166,0.0,0.00024223722328893432
1.0,0.058365170303795136,-0.49110817015171054,0.05322480630129576,0.04657940730452537,0.5011952090170234,0.9395303238128847,0.27036998005190394,0.0,0.0005432226920663838
1.0,0.14084077430467448,-0.14061849862337114,0.385546219535172,0.09553423210978508,0.22995150033384562,0.967010321841142,0.3270170108137178,5.442032148536058e-18,1.887646500689516e-18
1.0,0.14254399838333207,-0.5235180661082268,0.07482159789651632,0.07912586182355881,0.11454949736595155,0.9717246980805592,0.32939786203610844,1.305452797539249e-36,4.528149297598687e-37
1.0,0.060092531592416634,-0.06990332007408143,0.40582578275352715,0.10798291593790055,0.38656970801763235,0.9487661421296727,0.2877473261465304,0.0,0.002877270075583238
1.0,0.04786168211560002,-0.7900978356599808,0.2577743360772729,0.03238125413656235,0.6331538776680827,0.9226626961581336,0.27268938158894096,0.0,2.17166145832172e-12
1.0,0.15752337607770184,-0.2407739594578743,0.5231108671054244,0.1409848216176033,0.32315697810612615,0.9512671374107338,0.3496634924855794,0.0,0.00012696911353320315
1.0,0.18991959865212535,-0.6474082291126252,0.3188252655789256,0.13482435643672944,0.2639390468969941,0.9453044684368996,0.3705765000805912,0.0005058423606690606,0.00017545864044083955
1.0,0.01885245627344465,-0.3967200204730034,0.1377160655334592,0.0036821067333221436,0.5445650070812553,0.928211441107638,0.23271749466164282,0.0,2.1510688372145614e-09
1.0,0.07732864280178806,-0.463988097012043,0.5862253116443753,0.09683259069919586,0.484063561335206,0.9377020199139744,0.3056879786764032,0.0,8.910098244764793e-05
1.0,0.12231954599704771,-0.11759056150913239,0.17070075552910566,0.04543609142303467,0.1648665180336684,0.9797372604379595,0.3021295374800097,1.5616871247702965e-50,5.416934622551852e-51
1.0,0.11337303825511409,-0.7082106664776803,0.534559297375381,0.011177609115839005,0.36498890375718473,0.9467091781266466,0.3088723878252514,0.0,0.0027541142443379633
1.0,0.09540057238906688,-0.26084581911563876,0.20359831620007754,0.12233985736966134,0.05512398448772728,0.9748264534527424,0.3172354318838261,5.239376197843323e-56,1.8173523925828678e-56
1.0,0.0007933176433865085,-0.5810893595218659,0.3515941875055432,0.05794180050492287,0.3063243466056883,0.9352877867603627,0.2574278868413856,0.0,1.195714699089662e-06
1.0,0.1988533123953552,-0.02551519125699997,0.08621559720486402,0.08931832030415535,0.5785114420298487,0.9380180872102061,0.3316935914286324,0.0,7.873744404219473e-05
1.0,0.16806455166330297,-0.4314167529344559,0.2717340325936675,0.11547764584422111,0.5232819089479744,0.9396711366886147,0.34456880082395513,0.0,0.00010909612234617558
1.0,0.034573537072539795,-0.18697864562273026,0.4528830030933022,0.06663965567946434,0.2042158278916031,0.9519551468453672,0.2695768264984575,0.0008193481368735023,0.00028420259219376343
1.0,0.0733677761848642,-0.6542953535914422,0.004465953446924686,0.1534888808429241,0.14833159266039728,0.957611604993066,0.3233931886232718,1.386560458067303e-08,4.809482791036584e-09
1.0,0.1320157262898267,-0.3016481101512909,0.41994959469884635,0.024866230338811874,0.4291234195698052,0.9523135854493991,0.306076937855673,0.0,0.0004451624410084342
1.0,0.13872645937687225,-0.6850969843566418,0.2118893276900053,0.0901945835351944,0.3405101113021374,0.9519144305442503,0.3367559097413728,0.0,0.00015899209775782814
1.0,0.06730019245504053,-0.33403045609593396,0.545338862389326,0.04129773139953613,0.6122358335833997,0.9294149541431713,0.2760538127996164,0.0,5.96432713215012e-08
1.0,0.028059026408916155,-0.40128689184784894,0.09478112384676933,0.1381863111257553,0.4063091259822249,0.9408982751316997,0.28304140107019227,0.0,0.0008806945797921681
1.0,0.17433458677395863,-0.15529248341917992,0.36264826767146585,0.009543784856796265,0.09601079351268708,0.9754522208097094,0.32148319204068865,7.14587135285532e-50,2.4786474400419334e-50
1.0,0.19216906454323476,-0.5612069196999073,0.4816708121448755,0.03589429944753647,0.18460637230426075,0.9539260122161365,0.3484922876900879,8.696364318616154e-06,3.0164580485201474e-06
1.0,0.0068375549488549694,-0.007213657349348069,0.2983263283967972,0.14699814349412918,0.4655244211759418,0.9324928366678978,0.2635619009614535,0.0,4.3533026868367204e-07
1.0,0.10188862214963026,-0.7273969255387783,0.4490122050046921,0.07263886898756028,0.5619162496179343,0.9321602936973702,0.3143036335180166,0.0,5.092984972566786e-07
1.0,0.10712637390067854,-0.2784755863249302,0.03133305050432682,0.10399627596139908,0.24302289347164333,0.9692105915633541,0.31393434529854125,2.613130843101517e-20,9.064017185476098e-21
1.0,0.1156333500749951,-0.4941056571900845,0.37880250848829744,0.15950219318270684,0.5957103978656233,0.931877349926371,0.3344702999062972,0.0,2.914282740342828e-07
1.0,0.08337171065700058,-0.1492890276014805,0.045310914516448975,0.02837928518652916,0.2855418641585857,0.9637583160162186,0.27460942285368917,6.584297278193454e-12,2.2838574593913156e-12
1.0,0.025342451062457125,-0.6165944881737233,0.4957764565944671,0.11149099633097649,0.0746999535895884,0.9414965486082945,0.2926747602663158,0.00046027943178323613,0.00015965448843934348
1.0,0.18367410070646265,-0.36434978768229487,0.227952516451478,0.06015267238020897,0.34659503304399547,0.9557137142231811,0.33960480899791257,0.0,4.050737753021035e-06
1.0,0.16423294275597455,-0.7708994664251805,0.12769713811576366,0.0538034500181675,0.44870098846033213,0.9427963421660258,0.3368607603403895,0.0,0.0005907823179673706
1.0,0.04179215335732725,-0.22315630540251732,0.311000707000494,0.08268030360341072,0.12993612215854228,0.9587127802764301,0.2777843957909586,6.866239530820339e-10,2.38165315262529e-10
1.0,0.05357919037904894,-0.5433882050216198,0.16037040576338768,0.01703929677605629,0.2214140565507114,0.9554058183974901,0.26994329772094106,1.2998540222472218e-05,4.50872914663361e-06
1.0,0.14881598156391992,-0.08821715787053108,0.5780893307179212,0.12570180252194404,0.5025001536775381,0.9406942321312861,0.33296686687194355,0.0,0.0003028537570227477
1.0,0.15172685483536277,-0.7769694998860359,0.33928863499313594,0.10196390718221665,0.1574244579579681,0.9536497544236224,0.35200032615905086,8.100374369841288e-06,2.809730430868414e-06
1.0,0.05728815186013692,-0.2296106368303299,0.0797710781916976,0.07091877013444901,0.4962785181775689,0.9418275570484188,0.26878060151360395,0.0,0.0017712875301734625
1.0,0.038681185854462966,-0.512342756986618,0.5316287940368056,0.14903020828962327,0.5520143752824516,0.9272176546883152,0.29998517324522267,0.0,5.998237478377043e-10
1.0,0.16032544428281767,-0.0567869707942009,0.18777889106422663,0.03761470228433609,0.2517313254624605,0.9722482058985197,0.31572291817052367,4.0987577342855534e-25,1.4217126035132886e-25
1.0,0.1807616823615997,-0.45015107691288,0.016771559603512287,0.006263647675514222,0.3163126072566956,0.9610455362547771,0.3249209227026031,0.0,8.597863113814066e-10
1.0,0.021631944507949065,-0.10571914464235306,0.4263940600678325,0.13521890163421632,0.644775217473507,0.9216209706491973,0.26723039842446683,0.0,5.90631709208655e-13
1.0,0.08648424756514982,-0.635524432361126,0.2746645538136363,0.044578174948692324,0.3934253137465566,0.9481299985893348,0.2977102827208128,0.0,0.0029121269272558217
1.0,0.11954241795343695,-0.3828953802585602,0.4687024103477597,0.09316168665885925,0.10293961059302092,0.9665372379422459,0.32389997101612444,2.6822707744556755e-25,9.303838902651545e-26
1.0,0.10421473265475031,-0.5922768041491508,0.25133053231984376,0.127733765989542,0.4365645706746727,0.9452628700955689,0.32696892974081804,0.0,0.0015313973907577377
1.0,0.09818044993340942,-0.038668233156204226,0.5108048854395747,0.01875975325703621,0.13611347259953618,0.9689881977785024,0.2850593531219121,1.2151808896972884e-27,4.2150283047462605e-28
1.0,0.00994775447723388,-0.7213513284921647,0.0590026019141078,0.08064803376793861,0.19676322375424207,0.9424549764088462,0.26932007003022385,0.003450856626756554,0.001196978859750131
1.0,0.1960773522812588,-0.2720456436276436,0.4028945641592145,0.05208329990506172,0.5354887941293418,0.9388035764826109,0.33645738417213333,0.0,9.196507714641392e-05
1.0,0.1772477974251718,-0.6661426484584809,0.5926690617576241,0.06343320533633232,0.5853589760977775,0.9274363169166009,0.34425677395626253,0.0,3.0326733393328913e-10
1.0,0.03176876803042196,-0.3154604241251946,0.18300679083913565,0.11445803865790367,0.2947039157710969,0.9491621022717147,0.28051834351488125,0.007133228547506457,0.0024742621026120396
1.0,0.06418844785324154,-0.4452170804142952,0.33464424367994067,0.025099056214094164,0.04826921501196921,0.9627256591957082,0.27539925097086726,3.496073106520748e-21,1.2126628409304575e-21
1.0,0.13481662656542814,-0.19883792698383332,0.14064730200916528,0.1565348468720913,0.3766020264662802,0.9565514931964717,0.33770518397489846,0.0,2.7067338991833074e-06
1.0,0.12874904283560445,-0.41285304650664334,0.49987940713763235,0.048716229796409605,0.23080471887253226,0.961660621402209,0.3178776168180204,3.046332115000264e-11,1.0566637608646352e-11
1.0,0.07089918094028709,-0.16801798716187477,0.24259949438273906,0.09979999899864198,0.5693574552610516,0.937286643110585,0.2837326516230617,0.0,0.0001471463106637062
1.0,0.038038803141077604,-0.6978349156677723,0.3922805082052946,0.0004016643762588501,0.4777312154602259,0.9321385334063144,0.26245417022126827,0.0,2.695970441069424e-07
1.0,0.17073328676154817,-0.3455841831862927,0.05058298632502556,0.13185725212097169,0.17715385906398295,0.9651648533965823,0.35150835544537595,4.6087281412210875e-18,1.5986031157029356e-18
1.0,0.20212158958672727,-0.7396711744368076,0.15626743733882903,0.14301719158887863,0.08439041721634566,0.9451617071279029,0.37636064133959024,0.0003138781289970001,0.00010887310763196145
1.0,0.0032635066251134573,-0.29190977439284327,0.5634423706680536,0.03410135179758072,0.41315660551190375,0.9304665259963912,0.24362385811068776,0.0,4.855193383054928e-09
1.0,0.09193378557897387,-0.5746531419456006,0.11421908475458621,0.10595085233449936,0.6238490471895785,0.9314336503276466,0.3049696973783417,0.0,6.206142140120897e-07
1.0,0.11070278241531371,-0.019475872069597246,0.3057286888360977,0.07740545779466629,0.333655250929296,0.9620574638591163,0.3021640653496461,0.0,6.135204174846528e-10
1.0,0.12558548580864948,-0.603844278305769,0.1094288170337677,0.021585696190595628,0.5147151650581508,0.9436798776083263,0.30327368828132617,0.0,0.0023130730894673247
1.0,0.0797980516430972,-0.35275951102375985,0.3667507890611887,0.15052183970808983,0.21397194193676114,0.9596203293305093,0.32182302934101703,2.2774282125707013e-09,7.89958471154406e-10
1.0,0.015386446562286354,-0.48252741470932964,0.21716182865202427,0.06991988345980645,0.11772849162109197,0.9486160519485332,0.2636149829258445,0.006718578113457363,0.0023304346830969385
1.0,0.1872516771506122,-0.13652678355574607,0.5588161468505859,0.11844499334692955,0.45615026576444506,0.9406316689998503,0.3493615076779003,0.0,0.00012488532352318766
1.0,0.1542559155245449,-0.5299787230789662,0.4343645296990871,0.08728635564446449,0.35821631831116973,0.9500020910194854,0.3410898172075252,0.0,0.0004060170401297849
1.0,0.045390752532735695,-0.07596703097224236,0.027230511233210564,0.05622134521603584,0.06785563727840782,0.9630708933565035,0.26312886494584886,6.799580441385452e-21,2.358531496325481e-21
1.0,0.06356013504072476,-0.7586617670953274,0.47639836482703685,0.12437212601304054,0.27393188648857175,0.9432446114658545,0.31771569761860907,0.003227461527840667,0.0011194910821644727
1.0,0.14521351362199508,-0.209734395891428,0.284848990291357,0.012897760421037675,0.6025660944916308,0.9396456397940192,0.297667902236622,0.0,0.0005999427476065015
1.0,0.14626784982517227,-0.4266088336706162,0.44765428751707076,0.13108838692307473,0.32365567927248773,0.9520545176414473,0.34690268268326396,0.0,8.513962355674422e-05
1.0,0.06290442777992555,-0.17923778444528582,0.02861673720180988,0.0024266357719898222,0.6337811368517577,0.9305009524571771,0.2427180431249879,0.0,2.726312290710344e-07
1.0,0.046033588237011806,-0.6619325026869775,0.480254690721631,0.09807467237114907,0.3847402712795883,0.9381963692483055,0.29712968866851486,0.0,8.536352665641342e-05
1.0,0.15321440221416102,-0.3063645243644715,0.2956318840384483,0.04919765785336495,0.11288819523528218,0.9752352102338263,0.3229204221406814,1.1823202855629226e-46,4.1010466105707402e-47
1.0,0.18779192971254163,-0.7005735650658608,0.09634502604603767,0.0753813187777996,0.16800836094655097,0.9549893970216704,0.3547957401619982,8.303736247914466e-07,2.8802693999595376e-07
1.0,0.014447516394249156,-0.25612945258617403,0.3651952352374792,0.10671889051795005,0.4868138855136931,0.9319887684271597,0.2645577003854235,0.0,2.9121057209965764e-07
1.0,0.08074980470392773,-0.5858973264694214,0.21339245103299617,0.03361968323588371,0.5406875499803573,0.9377785622226237,0.2846019011937392,0.0,0.00017831496672307727
1.0,0.12503236169019694,-0.03325610011816025,0.547909701615572,0.14474275454878807,0.25956072187051177,0.9581323646477615,0.33146285145170573,1.1985993606803366e-07,4.1575129054053234e-08
1.0,0.1112556875469823,-0.6426488876342774,0.16178669705986976,0.11923438161611558,0.5740484645497054,0.9347079260212013,0.3228962647493978,0.0,7.3179760973212195e-06
1.0,0.09098220284119753,-0.3890281423926354,0.5807839091867208,0.06787683039903641,0.302363418713212,0.9529729541439471,0.30563872664841996,0.0,0.00014538725603402167
1.0,0.004202217806366708,-0.47177148014307024,0.1290549036115408,0.15222847431898118,0.05793860017322004,0.9464071205921164,0.2857044930067625,0.011884474768500138,0.004122299647812072
1.0,0.20158150734785202,-0.12245361506938934,0.31371690407395364,0.02112540155649185,0.36819618348032235,0.9548000673826141,0.32996619545138306,0.0,2.014843198333018e-05
1.0,0.17177497039498624,-0.5157346352934837,0.49427321702241894,0.014940438866615295,0.42737921020947395,0.9459821828507302,0.32938302001886255,0.0,0.0014739133241422947
1.0,0.03739574845001755,-0.06504021883010865,0.22538152523338795,0.1235831069946289,0.14641810338944197,0.9587747635089394,0.2832530627248977,1.297075922646832e-09,4.4990929117748187e-10
1.0,0.07155505852414049,-0.7948571294546127,0.37723874039947985,0.056682643294334416,0.20490912380628287,0.9492547465938406,0.30237346807991616,0.004347798849454693,0.0015080960677681466
1.0,0.12769448764564328,-0.24846578985452653,0.042764116823673246,0.08557872176170349,0.523845465183258,0.9465812781000581,0.30868524936298025,0.0,0.002784541190139718
1.0,0.134164228438253,-0.7632625199854375,0.5893500449135899,0.03963758274912834,0.09329711903817953,0.9528888139978513,0.32949921510249736,1.6707082987196485e-05,5.795090120148321e-06
1.0,0.06523947492279467,-0.21843968853354456,0.17284017037600277,0.14826098784804345,0.40313063336536287,0.9496222993682911,0.30230235194764365,0.0,0.001777560389038046
1.0,0.030729785233985913,-0.5481963269412518,0.32200852464884516,0.0713992564380169,0.6165786723885686,0.9239756374188799,0.2681147966843994,0.0,1.564922439832678e-11
1.0,0.1778881026155001,-0.09595781639218331,0.13983386177569626,0.10023708567023278,0.34442305462434886,0.9590966865195638,0.33817286431659777,0.0,4.566092934253339e-08
1.0,0.19513511297959754,-0.4892974875867367,0.2544436002150178,0.09393173471093177,0.24235665761865677,0.9537555544496409,0.3578651831760874,1.3735050112201259e-05,4.764198110822702e-06
1.0,0.010491316172787401,-0.14154832139611245,0.5211408516392112,0.04255446270108223,0.5614565251208842,0.9238306254868381,0.2392975242353914,0.0,2.1052910328292924e-12
1.0,0.09762479530100905,-0.6242313869297504,0.07155139055103063,0.1369454874098301,0.46722353649325665,0.9428665499370492,0.32291305510869917,0.0,0.0010531105691526817
1.0,0.10516901622952868,-0.36906635686755185,0.4038315737619996,0.005783402472734451,0.18639799585565925,0.9672096107582008,0.2925119209317347,3.6373050642365497e-20,1.2616511606410416e-20
1.0,0.11858791539187465,-0.5534233339130878,0.0012828642502427101,0.05003943860530853,0.34846954564563926,0.9578990170181689,0.309087669627627,0.0,7.981425762893269e-07
1.0,0.08704007252060436,-0.0023508064448833467,0.41783193256705997,0.08143579363822938,0.07648313961923123,0.971949243324954,0.2954423194789043,1.0676464633042937e-42,3.703284095761962e-43
1.0,0.021088163825611596,-0.7321560643613338,0.2686091473326087,0.01829719603061676,0.28501612110994756,0.9395004927102689,0.26066499453011027,0.0004713114886952537,0.00016348111479085807
1.0,0.18170409198631518,-0.2861676670610905,0.45074347201734777,0.12944021701812744,0.594979288764298,0.9312891793874112,0.34879106063922627,0.0,6.699292612400019e-08
1.0,0.15968530941554357,-0.6803378932178021,0.3548642786219716,0.1557467171549797,0.5064977312739939,0.9334053722274837,0.3597913603380092,0.0,1.6989804835728156e-07
1.0,0.039719949664115066,-0.3263384230434895,0.0882096542045474,0.027143291532993316,0.22584038432687523,0.9549257602627594,0.25730607272082906,2.6129436873891972e-05,9.063368009183504e-06
1.0,0.05623729511363798,-0.40907052531838417,0.5378901673480868,0.11275258630514146,0.12669335621409117,0.9541445658711764,0.30345847335493514,1.0694689265063681e-05,3.709605569417644e-06
1.0,0.15237903397575395,-0.16015538200736046,0.20556850153952835,0.06389475852251053,0.44592185899615283,0.9537836094142228,0.31751374641350183,0.0,0.00013042156181138558
1.0,0.14986683831041886,-0.6738772034645081,0.11674888618290424,0.007500808387994767,0.2521078541316092,0.9620635900427887,0.3200142973467949,3.133156589809975e-11,1.0867800688127322e-11
1.0,0.052927011238657756,-0.32027464956045154,0.30727313607931134,0.13897562339901925,0.5528941170219333,0.9342487033857558,0.29341961985569665,0.0,8.095941399156657e-06
1.0,0.04243228822460135,-0.44050656706094743,0.15885544270277022,0.04083736076951027,0.49425479119643567,0.9373034539300438,0.26099112688689663,0.0,0.00010074984913057788
1.0,0.16319417894632246,-0.19119487702846527,0.5649649489670991,0.09190129473805428,0.1557899045664817,0.960497854137745,0.3399091759934988,6.392498144243498e-12,2.2173291930830557e-12
1.0,0.1842178813888001,-0.5969872698187828,0.38954473994672295,0.10320718094706535,0.10603374389931561,0.9527777024879043,0.36333213831864,4.857982066993075e-06,1.6850603963518936e-06
1.0,0.02440004143774166,-0.04631123542785645,0.049207902699708934,0.07468162402510643,0.3963536575902253,0.9418275207874404,0.24821436337189562,0.0,0.0012797349396828515
1.0,0.08432621321856289,-0.7136167258024216,0.4972044177353382,0.1452905862033367,0.6406290072388947,0.922713912079781,0.32322227121243907,0.0,1.2481629927931707e-12
1.0,0.11507752511954056,-0.2672313705086708,0.2412005390971899,0.03635552152991295,0.3120354938600212,0.9645640690571885,0.3000967726104128,0.0,9.40715285109859e-13
1.0,0.10768202853307891,-0.45783705413341524,0.47381020747125147,0.06217771977186203,0.5312945879623294,0.9393533426586029,0.3074069255743347,0.0,0.00034115980843880516
1.0,0.1009343385748519,-0.1104843869805336,0.28332629576325413,0.11072205454111099,0.19270106605254114,0.9707435172798035,0.3117292177065444,6.459049078714375e-26,2.2404133342903658e-26
1.0,0.007779794250516253,-0.6306676849722863,0.4318348981440067,0.02886063665151596,0.13897577971220015,0.9397112031176863,0.256493420335995,0.00010744720319222282,3.726959554423722e-05
1.0,0.19162550284768126,-0.37510569095611573,0.025686198100447654,0.15777694255113603,0.43959384891204534,0.9431019249208507,0.36129500683763927,0.0,0.00019345560067363966
1.0,0.17537356957039468,-0.7818262949585915,0.21983695216476917,0.1264697641134262,0.37505212552845474,0.9408674700819031,0.36307218228880256,0.0,5.311200957836985e-05
1.0,0.027418721218587877,-0.23740037381649018,0.5602152720093727,0.015015233755111695,0.04632895882241428,0.9500225188585334,0.2510718304891991,0.0012406703747570957,0.00043034422206590314
1.0,0.06795259058221564,-0.5046568274497986,0.11216446906328201,0.08440594255924225,0.2955193660035729,0.9553849562454131,0.29480559147893814,3.973326270547261e-05,1.3782049105891241e-05
1.0,0.13767543230731913,-0.05202177613973618,0.36812572069466115,0.053321704864501954,0.5856700679566711,0.9401527786901065,0.30140082328308704,0.0,0.0007043759542466987
1.0,0.13135984870597328,-0.5346890337765217,0.2727117044851184,0.14177265807986258,0.1741900289990008,0.9616192441265463,0.3455322791254436,7.968185331533452e-13,2.7638787767839384e-13
1.0,0.07442233137482537,-0.08361028358340264,0.4653911294415593,0.03033731684088707,0.4746725683752447,0.9435934739159952,0.2701707555798316,0.0,0.0031378135986276545
1.0,0.03353185343910174,-0.750927009433508,0.014760184474289416,0.10968929097056389,0.5736712183617055,0.925767955382079,0.28130383819892446,0.0,1.2115323415541776e-10
1.0,0.16870760635436302,-0.2049203731119633,0.4231043977662921,0.0786633811891079,0.23491427940316498,0.9626448285927156,0.3373192870099435,2.179567190106666e-12,7.5601397917675e-13
1.0,0.19791460121410195,-0.6115790836513043,0.5337876638397574,0.04748025074601173,0.33281332237645983,0.9435055276756569,0.35309632714510575,0.0,0.00031326401770073015
1.0,0.0013333998822617603,-0.3575735814869404,0.19092079047113655,0.09604453757405282,0.6234347053337842,0.9199442997044474,0.2488902044618918,0.0,8.967108334825447e-15
1.0,0.09484766725739828,-0.4778171516954899,0.3413869762793183,0.0041437365114688875,0.4147521822340786,0.9500874819182111,0.28655253873603037,0.0,0.0018949340460325407
1.0,0.11432462099289044,-0.12888357862830163,0.08293717112392186,0.13311882808804512,0.08645312086679041,0.9802975457361051,0.3247578562329324,1.8911577498138076e-67,6.559750496233566e-68
1.0,0.12136779293621719,-0.7445281244814397,0.3366554668173194,0.08854917585849763,0.4581283351406455,0.9410150176944674,0.3290521181288162,0.0,0.00037562541308097945
1.0,0.07788176692024058,-0.29969926103949546,0.14393684808164833,0.05996460437774658,0.1192405793722719,0.9706303658938782,0.28868496061564675,3.3417938317646024e-32,1.1591488731379854e-32
1.0,0.018312203711515217,-0.5669673673808575,0.5946220809593796,0.12061295926570893,0.21362187340855598,0.9384989952759734,0.29074484961764646,6.549021467005534e-05,2.271621540945704e-05
1.0,0.19085852882016255,-0.014710427075624467,0.1863182058557868,0.01165817141532898,0.5139386914949864,0.9466099296575654,0.3124352689616231,0.0,0.0025298185813841237
1.0,0.15688054037342572,-0.42053877338767054,0.056904394738376135,0.022842441499233247,0.6065927659720183,0.9383210291415669,0.3082303511042368,0.0,0.00022450864694022483
1.0,0.0489031954259839,-0.17278338447213173,0.3997286411002278,0.15425900489091873,0.2781615788768977,0.9525449605352148,0.30234266426564904,0.0005948284730912718,0.00020632474323829128
1.0,0.05903819538923943,-0.6929779179394245,0.24917154628783464,0.06615948647260667,0.06486300874501466,0.9540526015722771,0.29389619431929304,1.4478996773912766e-06,5.022246625485951e-07
1.0,0.1431997056441313,-0.33779464885592464,0.5076628340408206,0.11720415502786637,0.35531736149452625,0.9512798729915746,0.33946891803506873,0.0,0.00022350611551624747
1.0,0.14189513483971658,-0.7230688594281673,0.23211592230945824,0.058608282655477524,0.5467443578224629,0.9367908222598053,0.3255804552074646,0.0,3.384241736720627e-05
1.0,0.057709487374860806,-0.2710105158388615,0.4916314339265227,0.08975049301981926,0.2558099366724491,0.9538651103464647,0.2919637996073008,0.00015337552609890012,5.320048967551309e-05
1.0,0.050406326413776216,-0.5881288535892963,0.040122154913842675,0.010359771102666854,0.1616519585903734,0.957404836495138,0.2661640599160735,4.224045335696143e-08,1.4651703957363861e-08
1.0,0.15840936581053447,-0.04349858686327934,0.3839728871360421,0.1217563073337078,0.4908596112951636,0.9452412090945529,0.33260182127060667,0.0,0.0012437291519464108
1.0,0.18900035866555934,-0.44937716498970987,0.5740495400503277,0.15305677726864816,0.39765405966900286,0.9368406732097173,0.36961121314223044,0.0,1.3877177517349908e-06
1.0,0.016428339107595554,-0.19399534687399866,0.16442843656986952,0.02419968381524086,0.09751945842057466,0.9517113210647347,0.24206400150237917,0.000216587841181192,7.512658311060427e-05
1.0,0.07954140122333107,-0.6644372574985028,0.31635889392346145,0.11606110766530037,0.3110414899419993,0.9493665445174209,0.3177888013967842,0.0,0.0011826930363684587
1.0,0.1230515644492716,-0.31648331955075265,0.12232071328908205,0.06745757713913918,0.6488549285382033,0.9345109776870123,0.30023258719296597,0.0,1.8756052845484493e-05
1.0,0.11246411497925844,-0.5071263663470745,0.35846204627305267,0.031714719533920285,0.20084303480573,0.9648789400733351,0.30668439517389046,6.6726509128965e-16,2.314504178267328e-16
1.0,0.09296302403380237,-0.06131790950894356,0.09898572843521833,0.14055274903774262,0.5302175768278539,0.943481662449731,0.3018422187218671,0.0,0.0023008731515459166
1.0,0.002993812805028497,-0.7783876277506352,0.5505504397675395,0.07994375228881836,0.4311445366684347,0.924482324684201,0.2742851168639735,0.0,4.783551595914174e-14
1.0,0.19960070858618512,-0.2275070570409298,0.20665936935693024,0.10856636583805085,0.14034210035577416,0.9617819837207999,0.3568191271960247,5.234075207487652e-15,1.8155136684405036e-15
1.0,0.16740225693027208,-0.6341185338795186,0.03534988258033991,0.0972647562623024,0.04285026268102229,0.9634457841181677,0.34656909555505977,4.8209691681551464e-24,1.672221944269136e-24
1.0,0.032200809565694356,-0.38498682901263237,0.4450136130675673,0.046102547347545625,0.3808295725472271,0.9406627687774913,0.2648847345321206,0.0,0.0007220258685164937
1.0,0.07592779822164646,-0.45537970289587976,0.2929911023005843,0.1342408326268196,0.5894375600386411,0.932870035067322,0.3064199149548641,0.0,2.0814254899006054e-06
1.0,0.13288945276275832,-0.10117606893181802,0.4869878003373742,0.002864275872707367,0.28943392558023334,0.9635873154432214,0.297745470765013,7.147699980678222e-12,2.479281725694204e-12
1.0,0.1393342758248009,-0.48706596046686174,0.09025536999106407,0.1119231005012989,0.47365614923648536,0.9465866625910333,0.3317837078004038,0.0,0.001347720813212948
1.0,0.06963712854901387,-0.13130583465099335,0.3475361745804548,0.060819217115640645,0.18242033153772355,0.964836677755411,0.2841107210102365,1.8304142648398574e-16,6.349053051380093e-17
1.0,0.025559760278375955,-0.6017360925674439,0.19824014715850352,0.15891873195767403,0.23622015348635614,0.9446822286493936,0.3003380622766919,0.00786121487766377,0.002726774548544745
1.0,0.1734904714202188,-0.3541852936148644,0.5399357043206692,0.02756136193871498,0.5651334268972278,0.9365075211845574,0.3247218903329019,0.0,2.957601751440279e-05
1.0,0.19312940028921738,-0.7607577651739121,0.4157861709594726,0.016372816413640977,0.629263254692778,0.9256478695526866,0.33805828170444374,0.0,5.090809999680724e-11
1.0,0.009307828902016315,-0.20832089334726334,0.00861099399626255,0.12526962921023369,0.3294324496760964,0.942350044791322,0.2634891297317272,0.0,0.0016450043741295308
1.0,0.09963053422418101,-0.525427995622158,0.45807178057730197,0.05462128981947899,0.08031643266789615,0.9632656302809445,0.3075670519391531,1.1772542017834255e-19,4.08347417612428e-20
1.0,0.10635252973309159,-0.08120025396347047,0.26656363606452943,0.08326385304331779,0.41842199631035326,0.9547264198756429,0.3005393126634852,0.0,7.934401511484096e-05
1.0,0.11658220118075295,-0.6968073949217797,0.5190940529108047,0.13775414496660232,0.12299376425333322,0.9522922544777493,0.344322559622805,4.258092753710914e-05,1.4769802284824833e-05
1.0,0.08585658372909172,-0.3472971558570862,0.2617729101330042,0.008877330720424651,0.4520763993822038,0.9484047575136878,0.2760876888810365,0.0,0.0035322904548114546
1.0,0.02309390122804201,-0.41767879426479343,0.4111609909683466,0.09077810674905777,0.5104922638181597,0.9306402697507423,0.27035510892660497,0.0,6.452621053922798e-08
1.0,0.18288760396913653,-0.16387769132852556,0.06950462758541107,0.042115564048290255,0.21938624942675233,0.9708314441169255,0.32948569939820627,3.4728293517300577e-25,1.204600412926364e-25
1.0,0.16485535832283302,-0.5698151111602784,0.17488699480891226,0.07330540180206299,0.26970788539387286,0.9587062419774925,0.34125921713507323,3.559148948565308e-08,1.2345415967451395e-08
1.0,0.04411760481107582,-0.023628352582454683,0.5820206891745329,0.10442834913730621,0.6079815018363297,0.9264832935199483,0.2713611312455315,0.0,9.116685104600465e-10
1.0,0.05106727167876958,-0.7406864181160927,0.13250447027385234,0.03507640719413757,0.36348283623345196,0.9433751223559591,0.2774644505238447,0.0,0.0026429110914226897
1.0,0.14798140430121423,-0.29020898044109344,0.32405524179339407,0.14641469419002534,0.0637805256061256,0.9681037741953672,0.3460567298650393,1.8021818068609842e-33,6.25112474251475e-34
1.0,0.15105032596137533,-0.5758546821773053,0.5534809743985534,0.08029398664832116,0.637232507057488,0.927035557141473,0.3328795351809559,0.0,8.162589466671725e-10
1.0,0.05493272430922329,-0.03006441667675972,0.22247876320034266,0.051338693350553515,0.3178869424667209,0.9543520130662337,0.26510852787806705,0.0,6.562639768408117e-05
1.0,0.04124877510122382,-0.7096227146685123,0.3707676390185952,0.128239191621542,0.10913064502179623,0.9459700455981154,0.3058405991148272,0.00849585338584406,0.002946907970485592
1.0,0.16118844040333588,-0.2587483190000057,0.10543020721524954,0.019655716866254808,0.39079715411178767,0.9595110706932621,0.3131230324948391,0.0,1.3688423364078886e-07
1.0,0.17982022738239553,-0.6528711684048176,0.2900606213137507,0.025843727141618728,0.47864346370100974,0.9415948955035223,0.33518459718458826,0.0,0.0004020111019749294
1.0,0.019229993671008375,-0.3037578456103802,0.4711683528497815,0.15688882485032082,0.16909520941786468,0.9467983949510929,0.2929064682121896,0.010659841643079785,0.003697518174507095
1.0,0.08872384403365877,-0.4366392992436886,0.023044307716190815,0.06253715828061104,0.2680187761411071,0.9629639107426656,0.2959962860234442,1.8486391096818343e-11,6.412268526137664e-12
1.0,0.12024754969496512,-0.18244164958596232,0.4385691164061427,0.11395270124077797,0.5392938715871424,0.9410451524885114,0.3175387897426778,0.0,0.0006635640805267905
1.0,0.10328437300593277,-0.7917970798909665,0.05594111960381269,0.1493841552734375,0.30105318384245033,0.9490648218298569,0.3379638924624503,0.0,0.0006353374161169803
1.0,0.09576428928737706,-0.2397571183741093,0.3869041370227933,0.038359361290931704,0.5825911985430867,0.9377845131986382,0.28406534416138074,0.0,0.000217009538082239
1.0,0.012177423544870574,-0.5193640358746052,0.23855968583375214,0.1014585816860199,0.3692175496928394,0.9373294683971571,0.271158877350833,0.0,4.108920577324254e-05
1.0,0.19679552590236427,-0.07473975345492363,0.5039374558255076,0.07002275407314301,0.049703932302072644,0.9625293180674662,0.34884328905304307,3.26582764990023e-21,1.1327989190301985e-21
1.0,0.1765570587420927,-0.4681298948824406,0.3005398755893111,0.04383359462022782,0.15255915692076086,0.9651207369925364,0.3381317273682699,8.160838982151128e-19,2.8307034443911097e-19
1.0,0.02942443580989496,-0.11276626810431481,0.11938951704651117,0.09280764669179917,0.42370444905944166,0.9416208222352525,0.25996577619724714,0.0,0.0013781748127216385
1.0,0.06676907897957968,-0.64569675847888,0.5676057586446405,0.007159604132175446,0.5180119732953608,0.9326408130151927,0.28049358351010656,0.0,9.041093585479359e-07
1.0,0.13566969528507408,-0.39774899557232857,0.15212243255227803,0.13572430104017258,0.20829435729421675,0.9661345388287879,0.34089275332166424,9.650221455617759e-18,3.3473170066582623e-18
1.0,0.1293790256124415,-0.6155730947852135,0.3976829510182142,0.06917521312832832,0.41157558027654884,0.9472627863835203,0.32618477184744243,0.0,0.001582135774651365
1.0,0.07321390204162227,-0.3660566329956055,0.06423259600996971,0.11809101358056069,0.09193574546836317,0.9689783763891786,0.30481111150565066,3.174049260731147e-31,1.1009642752013222e-31
1.0,0.0355126502998417,-0.4989497393369675,0.514991071075201,0.022481743842363358,0.3362860284000635,0.9410960200104715,0.26573684487912463,0.0,0.0008105744963153005
1.0,0.1699160094547743,-0.14513039737939834,0.24712596349418162,0.15102717533707619,0.6176513227354735,0.933419427739911,0.34113038467029966,0.0,1.3891315092834657e-06
1.0,0.20310954199935208,-0.5385563015937805,0.14598249234259128,0.12472617492079735,0.5576933938264848,0.9314358496220128,0.3596956157140746,0.0,2.4131114881961462e-08
1.0,0.005706115247902844,-0.09236351102590562,0.32932729125022886,0.013642366379499435,0.24843715551309287,0.9419596516318841,0.2311399768600818,0.0018671397112636945,0.0006476440502494027
1.0,0.08965270404121022,-0.7719330444931984,0.1789899230003357,0.08678093180060387,0.1898717449232936,0.9556649302081723,0.3157566132099079,2.7798105570012317e-06,9.642169555934573e-07
1.0,0.10995188319631141,-0.2214371770620346,0.5966676894575357,0.0553253810107708,0.46145045480690894,0.9452653450419878,0.30269028362707584,0.0,0.003028873232354014
1.0,0.12656273220072575,-0.40583156496286393,0.19296768642961978,0.0011462441086769104,0.07062603266909719,0.9793442859867867,0.2998545524836086,3.1032140060733847e-72,1.0763940564060826e-72
1.0,0.08225448076514012,-0.15006540715694427,0.5264583796262741,0.13221129387617112,0.3518603602144867,0.9513367172604489,0.3111646990828122,0.0,0.0005685600349974691
1.0,0.013117238974585584,-0.6830071330070496,0.0756077080965042,0.04782027274370194,0.6011246871761978,0.9211538849259878,0.2509504236510547,0.0,4.471943850300414e-14
1.0,0.18648578950284198,-0.33543790429830556,0.34343362189829346,0.09929460138082505,0.2813189810980111,0.9551369591100167,0.3523465770891918,6.023199516485749e-06,2.089232694685136e-06
1.0,0.1548997188006355,-0.7294990509748459,0.46334425918757915,0.10559690356254578,0.22682944571599364,0.9493396346514762,0.353653367223858,0.000691106514271921,0.00023972015557094031
1.0,0.04769476761352236,-0.2770559564232826,0.28004094287753106,0.07666079938411713,0.4982761707622558,0.9387350679663472,0.27184457690305397,0.0,0.00031898050882613656
1.0,0.06101899377072094,-0.5566745266318321,0.4304338864982128,0.14352251529693605,0.44462582224979996,0.9386289066368458,0.3123864400782612,0.0,0.00013129186753052248
1.0,0.1444081102652841,-0.012428545951843263,0.012713493034243583,0.03499736845493317,0.13520269461907447,0.986292686969576,0.30600735633033316,4.487030981526772e-78,1.5563907194195465e-78
