id_candidat,structured_merit,broad_merit
C011476,0.004485856588635389,0.02349687160011954
C000471,0.021544793258749858,0.16614822262880038
C006911,8.947224246907728e-23,1.713561208172489e-07
C007718,5.59343990589178e-51,1.7054685558997723e-15
C003531,1.8268875008944693e-06,0.00016043804916600435
C013582,3.844656778909798e-05,0.002144145545128955
C001802,0.7165373745992781,0.7366987907927084
C002621,0.9999999999999999,1.0
C000214,0.0005960238898219531,0.0171141954561977
C011333,1.5968811111138084e-37,6.12200774950219e-14
C005995,3.63979217284365e-18,1.6840486511015043e-08
C000764,0.9999999999999675,0.9999992661344415
C009637,5.754748203232593e-85,3.984386908589023e-24
C010951,0.0014177310592804336,0.01456338146243989
C003989,0.9986525059474763,0.9469209707605674
C001997,6.626906631150506e-48,2.2188043275096132e-16
C008268,0.9916519710801593,0.855032156693239
C004195,0.09047202354489978,0.12012609496749349
C008521,0.3970472373346688,0.5346232128666571
C003182,0.9999999999999999,0.9999999999999907
C002397,0.2991171031560768,0.3358784844429151
C011557,2.461395087225043e-41,6.463430184684105e-14
C008762,4.0736497529959365e-45,1.0720958162574871e-16
C011840,0.9999999715605398,0.9998244294688805
C011316,0.9999999999999999,0.9999999981568356
C010291,5.591843991288065e-12,7.041774131785313e-06
C006829,0.9999999999999999,1.0
C000068,0.9999999999999999,0.9999999999620518
C010665,0.4828108974239985,0.43709935646957265
C008332,0.24713920779979134,0.36395916302283693
C004852,0.954222674919044,0.7624430096982112
C002565,0.9999999999828392,0.9998641787592102
C010674,0.023892300616757844,0.0763629090400537
C001872,0.9999999999999992,0.9999999475493253
C005733,0.9996339152067115,0.9901535801836507
C000703,0.9999997417987074,0.998751296832503
C011867,0.9919326284567809,0.9564046310123808
C006713,0.9999999472953136,0.999510067941408
C000064,0.9999999999999999,0.9999999999999994
C004628,2.5158078801618915e-48,4.015171001509396e-15
C012124,0.0003910123235262867,0.011884681433841783
C004326,0.0009715108232712478,0.005055674707170985
C008918,2.233928108509502e-39,7.324978099918187e-14
C012871,0.9999999999999999,1.0
C010864,4.095572351028532e-31,2.742689293199222e-11
C000878,4.91863640125701e-46,3.4845882690232615e-17
C012033,3.517074265374754e-63,8.90840277670017e-18
C003603,0.9999996712975969,0.9964830493199948
C012032,0.719459214408697,0.6799740102826827
C008543,0.9999999999997321,0.9999957745454158
C009273,7.243696905256957e-119,2.5621727437014153e-32
C009255,1.522431315248499e-15,3.2037850516356116e-06
C003722,0.9999999999999999,0.9999999999999517
C009983,3.8594055883274827e-16,7.332284343729595e-08
C011185,7.687044494444123e-11,1.4636284739079692e-06
C011178,0.20391641367051377,0.24391830178218987
C008130,0.001448495431110836,0.009200255408359403
C009829,4.034893119012582e-08,0.00030775379011178955
C003554,0.999996157603028,0.9931684140965538
C007210,1.0045078244504235e-16,1.8191009798636553e-07
C005321,0.004939085746726812,0.01479802673461696
C011236,0.925845422663414,0.7314841735404457
C001439,0.10251855703071829,0.3162449770547402
C003104,0.482810354688116,0.3654390305417427
C004474,0.8023432655406166,0.6264993847292545
C011529,0.9999999779225687,0.9990186031427313
C007668,0.7555838987614997,0.650401472277141
C005977,1.4315978770719512e-44,1.316385505307301e-14
C009064,1.277936719225558e-12,1.6256727192108218e-05
C005597,0.008017306699565298,0.056013870750524344
C011831,0.0002050045461448823,0.0037853415530207392
C003361,0.00698562765197455,0.10171362714992505
C004450,4.9662431362884196e-23,6.8595227720405616e-09
C008210,3.4884882533909804e-49,1.0747374372398316e-15
C012014,0.0006972783153233169,0.01870224087408133
C012665,8.764561881906907e-72,6.542295000302436e-23
C005946,0.8227318113822049,0.660588773208174
C007529,0.9999999999999948,0.9999911853499779
C002940,7.56770636101193e-43,5.74571097223443e-14
C012024,7.222200371772808e-08,0.0009026907941012376
C004250,0.9914174675151844,0.9500287236823126
C003108,0.9271245008423945,0.7850065896633733
C009847,0.24068085359379907,0.48718831794307743
C011904,0.9999999999999999,0.9999999999886
C001380,0.9781195450941295,0.8731494868748033
C001665,0.07357082144577395,0.2966443953622181
C009318,7.049832351482306e-81,1.5737138675092625e-22
C012553,4.721150967500523e-54,2.4483142039755896e-17
C006434,0.9999999999999999,1.0
C002777,0.9999999999539672,0.9999571102058579
C004436,5.839038448997515e-89,3.775453546986532e-25
C006265,0.005831915559432242,0.01745008020963157
C007230,0.46186467996292474,0.5462877263120105
C000924,1.9026129578604935e-55,1.5147945032628444e-15
C010771,0.9996315463252564,0.9911571286072773
C013731,0.9999931282493073,0.9972217280348733
C013586,1.4206910790422666e-10,8.647639399138124e-05
C012137,0.9999999999999999,0.9999999720197803
C002258,6.557034892047488e-34,9.476776294533093e-12
C002275,0.31376072140785954,0.31922549533839273
C012863,0.9999999999999999,1.0
C003726,1.2297925980275499e-17,1.3155211274062573e-07
C012102,0.003912084019453127,0.04659844171989692
C007245,4.6347854209713965e-14,1.195079666246403e-06
C010270,4.5448403761174836e-33,3.081093951220722e-11
C003803,0.8757752409611312,0.9331446059896834
C013694,0.9999985159104633,0.9987736114532225
C007928,0.9999278588261264,0.9974666296733306
C003414,1.4496479714589428e-38,2.948005189315654e-13
C001985,0.9999999999999999,0.9999999999999973
C013889,0.9999999999999999,1.0
C010308,7.913688247810768e-06,0.0007377483956622663
C009835,0.9999999999961909,0.9999945338127241
C008685,0.9999999999999999,0.9999999999999931
C006117,1.9000727940499792e-08,0.000576956547325566
C011054,0.02243440099601286,0.1844126874398259
C009764,0.9860967591075259,0.9272156913525497
C007962,9.816752474508374e-05,0.0012626203499787215
C006820,0.001197293391811006,0.01669813317228287
C006695,5.874257838563926e-44,3.706455361070038e-15
C003339,1.9995176776767627e-07,8.971748313552319e-05
C004906,7.818517292147203e-10,0.0001633149761533662
C004834,2.30533952214057e-20,1.2614646558228354e-08
C002836,0.9999979982993885,0.9996029743921634
C007995,1.2227698875363148e-14,3.15121310039353e-06
C011917,1.0091185509561128e-32,3.039405368657554e-13
C003676,1.2251277077375515e-24,1.01345429945885e-09
C008311,0.9999999999999999,1.0
C012715,8.260469769598224e-101,1.8454290852630855e-28
C010853,8.624702609935449e-44,2.408648269832139e-15
C006031,0.9999999999306708,0.9999874849895375
C009961,0.93529365661957,0.7731914762239535
C004133,1.22924478337879e-26,1.9751309939015239e-10
C011114,1.2473796136655787e-20,7.776652174744456e-08
C007215,1.3537092573869668e-86,3.6606280163774095e-23
C004465,0.9999520217450342,0.994267363286932
C010296,1.0540706867755375e-07,0.00044428145568797426
C008570,0.0001038927733219964,0.005266556287660706
C010116,0.9999999944598336,0.9999604190334046
C003093,0.00011401640614327826,0.0143509195986583
C002337,0.9999999999554594,0.9999725283446042
C011621,7.295481314208743e-41,7.935749102019691e-14
C005587,0.9999999999999999,1.0
C001167,0.06839703982029188,0.07701327634095101
C001230,6.486125293900233e-10,2.186681839176513e-06
C002710,1.4239361994135997e-36,3.7823416453001245e-12
C002053,0.9999999999999999,0.9999999796994848
C013670,7.873017717596844e-81,2.904933802282519e-23
C011444,3.761143063658977e-136,9.204668833992603e-34
C001936,0.9999999999999999,0.9999999999999992
C008831,1.5103843621692137e-19,2.0149862756300783e-09
C000847,3.104513116141497e-19,1.8030056146125514e-07
C013477,0.4006683416358382,0.4574711535320761
C008690,0.9999007506744582,0.9937136197630739
C003701,1.7489556791575227e-28,4.25292654471711e-12
C012673,1.0980494434489191e-163,1.0700564149063595e-41
C000236,4.581210929307524e-11,1.4932372107851465e-05
C007520,1.8050946537076518e-10,0.00046086449241598923
C013939,1.2302137520679687e-11,8.817729904020298e-05
C012683,6.552836917370222e-38,6.333737556438206e-13
C004294,0.9999999999999999,0.9999999976323672
C002322,3.70581220379025e-11,1.2153011142343899e-05
C007776,0.999999999959432,0.9998810246744361
C002656,5.32491836719339e-07,0.0006606057127880082
C005904,0.0007176176805242759,0.012203264510777955
C011586,4.1988482324046185e-12,5.765936964703152e-06
C009228,0.9484069715887913,0.9360583657899865
C001140,2.8002659610537732e-08,7.718844598266256e-05
C010244,7.179917484332108e-31,5.240071898140336e-12
C000184,1.0714188702053109e-52,8.203247267150796e-17
C000568,1.6761917133865428e-29,3.3089005785808188e-09
C007633,0.9999999999999999,0.9999999999999957
C012476,0.9999999999999999,1.0
C013158,0.9999999999999999,1.0
C013016,0.00016714029398612765,0.007644689450400019
C009497,0.9999999999999999,1.0
C012613,0.003311836826215208,0.04689134100695623
C000388,0.9998610571667398,0.9817640143579968
C001162,5.235519826286156e-121,1.7906554429312166e-34
C011810,1.1969629228391168e-05,0.0039300791606248124
C012658,4.0984425452695616e-61,3.0863167351710176e-18
C011492,0.08437497760424854,0.17437294436596343
C007185,0.9999999999999999,0.9999999999967271
C010623,0.9987779480186278,0.9627643760718132
C006278,9.325763742272244e-43,1.6707598506720768e-13
C000503,7.357740075542226e-07,0.0005187880810670094
C003224,1.2099634228717412e-36,1.5023704490857835e-11
C003249,7.058297368462012e-29,5.108049971300161e-11
C009682,1.1554233755607007e-07,0.001141056669582058
C012375,0.8195432572509423,0.7362774242995297
C004306,0.9999999999999999,0.9999998557047514
C003236,3.9165363627149525e-26,1.3472691494076723e-09
C007387,0.25913860859459836,0.241369196272849
C013861,0.8802157087407694,0.7574546060264924
C004620,0.9993338530872354,0.9546198952726166
C012265,0.004016251558288387,0.011161876687371277
C011642,8.63602641994964e-14,4.313911805104642e-06
C006565,0.9999999999999599,0.9999993150279513
C007404,0.9999972689889074,0.9989375196948502
C011657,0.9999999999999999,0.9999999999999938
C013948,1.062095851710406e-05,0.0026339999913820573
C003295,0.9999999999999999,0.9999999994944118
C003227,0.9998574973673532,0.9988863457424199
C007403,0.9999999999999999,0.9999999747503429
C012155,1.8465158137084508e-82,5.582760915499735e-23
C005331,7.389571318103042e-08,0.00016784837540473696
C003703,0.9990057772610604,0.9698932953607466
C008153,1.2956837403321885e-26,1.48525435781872e-10
C007810,2.7204082242351e-22,1.3377837558639482e-09
C007763,0.987424780260968,0.9484030654493332
C000804,0.9999999998865772,0.9999969895784615
C007223,0.0006404640838319209,0.008272218972705674
C011277,1.7965620398180033e-27,1.9329098058486557e-11
C001322,0.9999999999935955,0.9999979951215254
C000290,1.4640893780954434e-31,1.5090342436371452e-11
C006246,4.464605247418271e-13,3.1825698559636917e-06
C012147,0.9972437798007117,0.9499943352244095
C008754,1.127821360264431e-06,0.0002963416891795029
C004982,0.9976555579037387,0.970943789738194
C003328,3.5627174858453615e-07,0.0028426564280898915
C000197,8.301566293314095e-42,1.3752533436253232e-13
C005825,5.368548760516811e-16,7.326057853045997e-08
C009389,0.9999999932546274,0.9998794717181705
C001703,3.154263784538767e-16,5.360457263754019e-07
C008587,0.9999999999999999,0.9999999999664475
C013751,0.0887167299682729,0.3169348710661959
C009432,0.9999999999999999,1.0
C002682,3.0953723306203204e-32,1.4531107886259255e-13
C005792,0.9999999999999999,1.0
C004878,0.8829209234594146,0.7453649624919768
C006015,8.630778616551837e-10,6.22302739294234e-05
C009369,2.4326972593646005e-24,3.6698800651717507e-09
C003270,8.083362102206484e-22,4.711973486484302e-08
C008170,0.7822848500983713,0.5939283766198089
C002098,0.9999999999999994,0.9999980217162038
C005105,0.9985864243534363,0.9765947347880283
C006709,0.0027047061175042362,0.11160133333558597
C003727,0.9999999999999999,0.9999999999999996
C002937,5.688451337385413e-13,3.351708614985057e-06
C011548,1.7227788616444652e-51,8.433284263506043e-16
C004533,6.474741101785708e-133,9.428073210976915e-34
C001198,0.07792153979171818,0.16300815327926002
C000934,8.63808294975398e-37,1.453073994937482e-12
C005047,4.266997327784274e-30,9.613480339680438e-12
C013862,0.9540147016144167,0.8609998550067128
C009400,0.9999999692722186,0.9998055078089209
C003805,0.9940110216841124,0.9678720939361881
C001113,0.9999999999999714,0.999998871723067
C011242,0.6302262206823521,0.6221626552656153
C000861,0.999889143236604,0.9773009266177836
C011401,0.9999999999999999,0.9999999999999999
C008110,0.9999999999999999,1.0
C005799,4.0289652259215306e-13,1.739119520948218e-06
C010658,0.9999999999999999,0.9999999999996209
C005250,2.8764387248544088e-18,3.0188137453919927e-08
C002530,0.9374947889714974,0.8100654913430293
C004559,2.7174986056096766e-191,9.172424619920377e-48
C013519,9.1413600768233e-167,6.421159880049754e-42
C007755,0.9999999999999999,0.9999999999999365
C007357,0.035796074000610426,0.17555526238216543
C010199,0.05216767592680775,0.15796366162360756
C010165,0.9936253261254632,0.8998670919079533
C003635,0.9999999999999999,1.0
C012343,9.624610602264154e-96,3.6666056973076646e-27
C006280,1.5815226824455587e-49,8.531927567705343e-16
C002571,0.9999999999999999,0.9999999999999467
C011563,0.012592467065327762,0.07390997800052437
C009891,0.4104776986621645,0.476943532195186
C009047,3.0304753922993983e-23,3.77643207112484e-10
C010398,4.403888533192051e-21,2.9219250718806875e-07
C004077,8.547686726327402e-37,4.376780421901065e-12
C005037,3.793666133021702e-18,4.8248325830481755e-09
C000773,8.086217594851845e-77,7.328781012061456e-23
C003845,0.9999999999999999,0.9999999976304952
C012165,3.229221983417266e-07,0.002143361678081165
C009056,1.0001781873198027e-11,3.2156250906575656e-06
C007630,6.048136534245099e-26,2.480164359023216e-09
C010192,1.3983810731500637e-07,8.573608858583082e-05
C005194,0.9683238805822858,0.7484509084309802
C009200,0.994685380404572,0.969392473323031
C013174,0.09860845135780703,0.1622555256076782
C011117,0.9999999999999999,0.999999989785046
C012742,0.9999990595091761,0.9986038208568249
C010698,1.5922754081744282e-21,7.016067120838821e-08
C001300,3.573605320101383e-45,9.952945989905832e-14
C009549,1.0087149155278766e-19,8.517277875788849e-09
C010628,0.00022124359327647914,0.005085385097493929
C002027,0.999894545745798,0.9916143398836152
C002204,0.9999999999999999,0.9999999850715781
C011522,0.004245422489473345,0.03232972930795103
C000637,0.9999442900640231,0.9821896198394666
C012624,0.9745343255610138,0.8610069981065225
C007480,1.61992158611181e-07,0.0001371228346310993
C002159,7.103976034413506e-39,1.5191451007035422e-12
C012830,8.085733701646542e-60,1.2403016035011733e-19
C003509,0.9999999999999999,0.9999999999983908
C009458,0.7619854261290661,0.5804980790149187
C007957,0.9997212808061556,0.9955404702192481
C012426,2.8125638230658687e-120,7.084400285378781e-32
C003247,0.9999999897300004,0.9999952728620987
C009305,0.9999999999999999,0.9999999999262447
C000646,0.9999999999347043,0.9999476728615587
C004433,0.99986987468951,0.9994442328839557
C002544,3.5355938077558675e-90,1.0296195884691895e-26
C011293,0.9999999999999999,0.9999999999999998
C008859,2.8430878881671034e-28,8.060755124212135e-10
C000240,0.38382963049106844,0.46280634510560087
C003482,2.2283253868706645e-16,5.782052410716304e-06
C000986,0.9999999999635528,0.9999926271121975
C010476,0.03393973380919338,0.056291716010043714
C006687,0.9999999847082515,0.9999282968012967
C011919,0.04493943807762436,0.10643266092949348
C002118,7.536453159494686e-14,3.0143234457419885e-06
C005221,0.0010367096544690647,0.0032251410856102476
C000753,2.847068693604464e-42,1.0345262514707117e-12
C006869,0.9999999999527549,0.9999820767328709
C010648,0.9999999999995878,0.9999997415584299
C003207,5.355340101409375e-81,5.919601623089999e-23
C003918,9.230523218580077e-40,1.4856256022059923e-13
C010349,6.191293931861379e-19,2.49620120528176e-08
C001899,0.9395118112355236,0.7351787908273146
C008596,7.350548188696007e-65,4.134025246390375e-20
C011243,6.377891228875356e-69,6.6935864015619915e-21
C009253,4.241392645511101e-14,1.95911181600097e-07
C000852,0.9196794968571806,0.7851033491656093
C011164,5.614653058658073e-15,5.561152641216314e-06
C006142,0.9675681853878719,0.9686518196172371
C004041,0.9999615460497969,0.9977608239205048
C005659,0.9999999999999999,0.9999999999959895
C001393,0.9999999986630244,0.9999988714029892
C007298,0.9999999986193651,0.9999119615905705
C003662,0.9999999999999999,0.9999999997884889
C008339,0.9999999999999999,0.9999999467286461
C006297,0.9999999999999999,0.999999875307458
C002222,0.06901575164191098,0.1386304480912332
C007501,0.0005351328544706833,0.014993141972347612
C006915,4.29144089330194e-10,3.0303318622970047e-06
C013721,8.747598257043173e-06,0.008163950208521302
C000279,1.0040694898847555e-11,3.9407156437309034e-05
C007117,0.9999999999985362,0.9999971229843332
C008420,0.9443520471115723,0.8764689240384056
C005066,6.075124386592372e-08,0.00022053931009327542
C009079,7.565868830776162e-36,1.0326781734243814e-11
C003643,0.979658718239146,0.8291171479708908
C010184,0.016838534419888855,0.17897548798769644
C005511,0.0001262233605163913,0.013739278420097903
C002500,1.0029538341461339e-50,2.3659862717553625e-17
C013696,0.6515576327407337,0.5246980516209854
C001589,0.045522901005035164,0.21089942910239634
C012335,4.163117306830966e-11,0.00010994633295244497
C011402,0.41252321762846755,0.2676027110616413
C008639,0.0008765744522881023,0.04150549001288864
C013233,1.0647438254438649e-20,9.939577287261745e-11
C004096,0.9999999982743075,0.9999505895878438
C007310,3.215869341678306e-22,1.5950549267331797e-08
C006221,0.9999999999999999,0.9999999999999994
C002158,4.3971306696668145e-09,0.0008391295424334063
C008960,2.8512267984741692e-64,3.62545121488913e-21
C007003,4.053062670693362e-34,1.5266628660525873e-11
C010549,0.9999999999999999,0.9999999999944815
C004100,0.9999890661287497,0.9908469570265308
C007296,6.166387852679855e-20,1.9345624660190312e-07
C012817,2.3580050458732655e-10,1.897756945884895e-05
C011307,4.5085207217738633e-166,1.149155800929822e-41
C008442,2.251717390786876e-94,1.6129043191718394e-25
C002884,0.9995502750880337,0.9751378798830311
C001209,0.011330720272150256,0.06653075075798731
C010017,3.0064303813246167e-26,2.5221260488136053e-09
C012652,2.9822631099636066e-21,1.7630215370483646e-07
C013979,0.0007313552143775161,0.012014123539694704
C005405,0.9999999999999999,0.9999999860480616
C004045,9.1180439180915e-66,1.5593555597964207e-19
C000844,0.9999999889166292,0.9990517219064619
C008724,8.420628126524663e-27,1.0123591301438059e-10
C007865,0.9999999999999999,0.9999999999999934
C005558,0.9999999999999999,0.9999999999755695
C006927,0.9999242758250785,0.9949403861819457
C012640,0.012851399841693612,0.051821763860706666
C000428,0.9999999999999999,1.0
C008769,1.349396033462025e-06,0.001699769958213933
C002822,0.9999999999999999,1.0
C001760,0.7383200190918853,0.7469850949266076
C012136,0.9999999999999999,0.9999999999999999
C009714,0.9999840077270761,0.9896054577485265
C011759,1.629194940017604e-32,3.5756333465635627e-12
C012002,9.802689817930473e-16,5.4001295235711135e-06
C011297,2.233755080313812e-55,5.271400932217441e-20
C004640,0.9999999999761223,0.9998799665946663
C003360,0.9921955807150291,0.9023056986209861
C010275,1.9464025059272688e-93,6.203493335143227e-26
C002416,5.035147718431465e-07,0.0004210511625927551
C002711,0.9999993910852004,0.9997676463049254
C010051,5.4901581744138326e-15,6.532315098288522e-08
C004027,0.9970748603515824,0.9272640683359622
C005723,0.8070910316506634,0.8076470696036022
C001533,4.28440604021993e-51,1.4595817544626204e-18
C010473,0.9998573272719745,0.998481741449509
C012668,0.8539129407088651,0.7653692701309046
C007005,0.18911695404751366,0.40317719568981686
C003229,0.9999999999999999,0.9999999998187512
C009375,0.9999999999999473,0.9999993322941299
C005730,6.495124006455424e-50,1.2355831337149203e-17
C009457,1.1022772654749916e-07,0.0001565417809885249
C010666,0.9999999999999957,0.9999997575776415
C007582,3.9357970791646935e-06,0.0003028902414199131
C009349,0.992996473957525,0.9505919543591934
C000044,4.290129784214916e-55,6.396195249943905e-18
C004535,0.9999999999999999,0.9999999683009477
C013930,0.9999998127849015,0.999902988830304
C013197,0.9985096543843699,0.9931377332537109
C005096,0.789514255926,0.5413517761455406
C011072,1.3281749721720052e-26,1.0896693555871377e-09
C006796,0.0011994666938389457,0.005955113361388667
C009620,0.9999996847220428,0.9979690793752894
C013103,0.6881616906906118,0.7070423321677065
C009913,0.06793270124027348,0.19199746881100302
C005966,2.5899066342680193e-17,2.467987112678023e-07
C010388,0.005238136019491301,0.0988008715163415
C004798,0.05402191791333324,0.22817546184069862
C000958,2.892658864468376e-29,2.928189830621855e-12
C008974,0.9999999581005974,0.9991263156606519
C007343,0.9999999999999999,0.9999999999999969
C004189,0.9999999999999999,0.9999999999998208
C008674,0.46275116889348644,0.3643014476971093
C002594,0.9999999999999999,0.9999999995300766
C002576,1.5261005572509865e-08,0.00024081981418458068
C002615,2.3434197357365864e-16,6.903106528971198e-06
C002830,0.999225313015933,0.9963702802744129
C005488,0.9999999999999999,1.0
C009754,3.261617671079369e-43,3.952169519534898e-15
C004944,5.858176329711639e-34,6.599787016278927e-12
C003186,0.9999999999999999,0.9999999999892432
C005458,0.999999999950522,0.9999937677609515
C011424,7.400135174216508e-101,3.209695703243609e-29
C001754,0.9999999999999999,0.9999999999999999
C012186,3.2868021246381664e-22,1.0635815087320325e-07
C001953,0.5785261344249892,0.39867012974152854
C007399,6.10313651628338e-15,2.5857829498118505e-07
C010315,6.476393026425967e-23,5.787900110011663e-10
C008487,2.5661623746231552e-05,0.00922983318665366
C004348,0.003282428142113103,0.029387415930630857
C013615,0.9998863723252335,0.9752643029129022
C004129,0.9999999999999999,0.999999999999941
C012551,0.6433829532566021,0.6818096995451529
C001714,3.0111156434872216e-31,1.4308324573040482e-13
C010128,0.999675170362951,0.985336254896123
C002452,0.9999999999999999,0.999999912817464
C008105,6.937940337634039e-15,5.0387209539473265e-06
C010794,4.903018974079195e-08,7.445745073776967e-05
C008994,6.659288507345061e-65,1.3692731139705066e-19
C004048,0.9999105170888196,0.9727883009134266
C010265,0.00016446130221663688,0.0038307005703494316
C006771,2.31489981880067e-22,5.531486531207135e-08
C000556,5.429537742706362e-45,6.896599968789171e-17
C008076,1.174884027810643e-14,1.0051201536495348e-06
C002085,0.9533737443241667,0.6870481752392595
C009077,0.0001609002603887465,0.020045578235977683
C008238,1.2445196163771926e-35,6.367228833674247e-12
C012950,0.9999999999999999,0.9999989331463796
C012635,0.9999999999999999,1.0
C003706,0.21394649602235025,0.20698168980710943
C002819,0.9999999999999999,0.9999999999977791
C010338,7.684564666781853e-20,6.834820315821286e-08
C002223,0.04459099843338921,0.10577246203014952
C009187,0.9999999999999999,0.9999999999990353
C010526,2.0530779574087578e-36,1.0411225621049814e-11
C009675,0.9999999999887541,0.9999970397933443
C003317,2.1117229488733875e-72,1.2230683527434908e-20
C009367,8.472434846507063e-14,2.4641516202158277e-06
C009753,3.277224433184554e-07,0.00016438253012511836
C011097,0.9999999999960645,0.9999825499193857
C013330,2.161126272673272e-05,0.0015625952119914155
C004324,1.2792708664982025e-30,7.579997544106436e-12
C012497,3.5462419018654226e-48,1.4861992703567735e-18
C007497,4.725459312084969e-59,6.679588765352864e-18
C013207,0.9999999996513205,0.9998117454196312
C008582,0.07392080803312526,0.13803043708115859
C003216,0.9989505177159432,0.9928277460551713
C006211,0.9999999999999998,0.9999999784176874
C005924,0.023349302769816813,0.039648717755947194
C011745,0.9465355985163528,0.9125246144882377
C007248,1.9590646418620486e-114,4.448574544374172e-34
C013553,0.12460473276481628,0.16487084508804692
C008862,2.2690157069954653e-05,0.000630221380009948
C003275,0.4898057414552395,0.4304973850175144
C000524,2.837734389319685e-48,2.061605660570788e-16
C001419,0.9999999999999999,0.9999999999948908
C004871,5.303362974218616e-50,8.25505990075359e-16
C007265,0.5480146892664535,0.39776316581065235
C000347,0.9999999957820783,0.9999348308412335
C006626,2.691159033795378e-37,7.646483766808714e-13
C009715,0.9999999995791174,0.9998941972954797
C002384,0.0025427694760380925,0.033684006216864994
C001195,6.198507802484046e-29,1.4110173746878554e-11
C010982,0.9999999999935547,0.9999854964642396
C012706,0.9999999999999999,0.9999999993729802
C005954,3.216727947982771e-94,2.4405887936769595e-28
C007380,1.6081360948020247e-20,3.61927544734818e-08
C012654,0.9664643548833408,0.8901496826694576
C002320,0.07206400519176141,0.19631720374547873
C000352,0.05878618975902095,0.11708657127840338
C013387,0.9856000761603096,0.9208099558252751
C011551,1.8476065820344611e-23,9.908145133847598e-10
C008340,0.32055974828474193,0.3927815443569958
C001617,7.410140583273325e-05,0.007275488640632551
C007196,1.9421928810168552e-06,0.00033561150335383044
C008655,1.9745130700839118e-51,1.6405243453703677e-16
C000274,2.9818459624270044e-11,1.6817948788483094e-05
C007416,1.935162597024193e-46,3.0512557844793062e-15
C000185,0.9999999999999999,0.9999999999563715
C002809,0.9999999999999999,1.0
C008334,0.0945544352102611,0.2829056426924792
C000391,2.8660005742805046e-16,3.769656153379585e-08
C010578,0.9999999999999999,0.9999999999991318
C013479,3.903242754771711e-95,7.282324966988689e-24
C010670,1.8206761933678022e-85,4.444382008004707e-26
C007007,0.9999999999999984,0.9999980185100218
C007177,1.3039020321609227e-227,1.8521583392755124e-55
C008200,0.0020608523422931822,0.02786422168489941
C008005,4.188220118054728e-36,2.0924388441659372e-12
C008058,0.9999999999999999,0.9999999999999996
C007599,1.6925183751869283e-07,0.0001303245395215635
C003909,9.99975351717188e-17,9.436028484659003e-08
C001071,0.006772023016718955,0.020790577082156758
C005531,3.3758994678251338e-06,0.0027486201146959895
C011626,1.240275666572464e-106,2.8183729107384597e-31
C009378,4.159755246469319e-34,3.839123327085436e-13
C008591,2.1534141808873017e-22,5.815426671105476e-10
C004950,0.9335404649415738,0.7669085257022576
C004477,0.9999999959196398,0.9995456529109648
C013685,0.9999999999999999,0.9999999999999296
C012913,7.233741979160429e-35,1.6117169844237056e-12
C001815,0.9999999999999999,0.9999999709652987
C011092,9.258347001095493e-26,6.116808571612972e-10
C008990,9.93587185280595e-09,0.0003876786036421873
C008998,1.4406460154839377e-07,0.000451064976206367
C006355,4.628119317235662e-32,1.2055095687508852e-11
C008605,2.157243232673698e-158,6.916359027507245e-40
C012001,4.6551416383240394e-27,4.550309451776643e-10
C004464,0.0007164714542273511,0.010417001026035426
C009570,0.9999999999999999,0.9999999999999991
C010536,2.9765862080197833e-06,9.836867200653155e-05
C008338,0.9999999904719121,0.9999620701984433
C012561,2.45324167803086e-22,1.4329647996532457e-09
C005425,0.9998601635357184,0.9947790918239178
C011408,0.07756153087560562,0.10440422662892888
C009837,1.7971701312494705e-17,6.936952994049175e-08
C009132,0.02388999814005814,0.032996383936130184
C008912,3.915060593373092e-06,0.0005497123207556043
C004716,2.275476882733096e-37,3.8524510890345366e-14
C005505,0.9999998974430662,0.9998770991334585
C002752,3.815493122849814e-61,3.8562191248216905e-21
C012381,0.9999999999995629,0.9999962783278316
C004459,0.9999999999999999,0.999999999825743
C010655,0.49985529429286507,0.456720098006271
C008835,0.9999999999999999,0.999999937819956
C007658,0.0013907482319911043,0.0397578069681398
C000762,0.47620609928281044,0.5093732634124853
C006570,2.036178061624506e-08,0.0003685319266125594
C010738,0.9919881123968147,0.8918982588817329
C008590,0.0031477954095495437,0.033457525324872436
C011449,7.090068220822716e-38,1.4277372986804783e-11
C013899,0.9999999871179378,0.9999951250228156
C008515,3.234782287525143e-25,8.848717842154754e-10
C009476,1.3303957432195657e-05,0.0012526814398619152
C011012,0.011591388593078624,0.11371857986946365
C001049,4.523956023251336e-50,1.6149653687112842e-14
C004099,0.01550894694871539,0.0620000063094171
C013487,1.2397305338595621e-11,3.4238127193260834e-05
C002700,2.3843731879497067e-06,0.0002976734404050017
C012663,1.3424607366876517e-07,0.0003113198502160694
C012400,0.9999953684524552,0.9969298194942209
C000052,7.743990957451111e-27,1.4659971605563473e-10
C002968,0.24950736194809414,0.3499798912525498
C008422,2.7084813523512255e-11,2.757102529540177e-05
C013074,0.9999977588487182,0.9976957366421593
C010422,9.617255353103878e-19,1.7302445256177253e-06
C009020,0.9831509429389813,0.9283149158408078
C010449,0.9999999999999966,0.9999927843190768
C005322,0.9941732919235859,0.9331003227431248
C010563,0.9963459584591858,0.9922271271951565
C012928,0.00012644331533317706,0.0066664478911423386
C013935,4.325571643011095e-50,1.7480459808772808e-16
C013439,9.788725488474267e-41,1.886330617821864e-14
C003925,0.002628616457570979,0.024858756847520112
C003091,5.649184837010361e-18,5.2182609409864284e-08
C007935,6.399604041093554e-19,7.816998708548021e-07
C011694,4.0382990523042816e-57,2.179974219887546e-20
C008211,0.9999999999999999,0.9999999957996762
C009820,0.9999999999999999,1.0
C008969,1.6238513523537665e-61,1.2220097877463611e-20
C012208,0.9999999999999999,0.9999995723167435
C004729,2.4292893832884394e-15,7.324395976261382e-07
C002047,2.601210826584696e-19,6.236996034791077e-08
C005663,0.9999999999999991,0.9999984511827178
C013203,3.0243196012668097e-38,8.181953249397904e-13
C013218,7.531116781516992e-42,4.874630661673938e-13
C009480,6.847100617427818e-23,1.975418270215244e-09
C010633,0.9999970038653732,0.9961009631457733
C009315,0.9999999999999999,0.999999999951336
C010041,0.9999999999999999,1.0
C000792,1.2198263535385351e-19,2.2131331610648602e-07
C000841,8.115093022217419e-14,7.0677080551381055e-06
C013130,2.4427460587810937e-08,0.00030953320716077396
C010043,0.9999999999999999,1.0
C002625,4.713429486332687e-50,3.925987001472843e-15
C005033,3.414292962782186e-80,8.073951600896613e-22
C012331,2.870263597119942e-32,1.9901246393458713e-11
C008556,0.999999945170785,0.9994032128436112
C007925,0.9999999828407286,0.9999513208812287
C011192,0.9999999999999999,0.9999999999999278
C002580,2.138802859865653e-140,7.902912584233731e-36
C002570,1.3283823989397106e-17,7.606289830950398e-08
C010817,0.006039543351312139,0.04627367699794538
C008132,3.3752712951769517e-19,1.4425031410728338e-07
C010773,5.462927204662624e-14,8.734296423066538e-07
C005535,0.9930611855011134,0.9701308083885234
C001346,7.795765171604811e-81,2.191583716845256e-24
C013642,0.9993981224462203,0.9796587711607219
C002096,0.9999999999999305,0.9999974716934728
C013146,1.4344281426958755e-76,3.784944773612772e-23
C008121,0.5754226256728633,0.6630994923843203
C003356,0.9999999999995466,0.999999716720636
C001412,2.3804831500915504e-24,1.8524494891261548e-10
C008631,0.8998687415219193,0.8661585634863683
C002420,7.664207349023626e-90,2.3201825681402212e-27
C007341,0.0008560304679983595,0.011089673929501278
C007601,4.812442347650028e-36,1.0206393875345094e-12
C009297,0.9158113047914976,0.664997676518419
C003505,0.07371567559013914,0.09469549238761824
C008977,0.9999999999988467,0.9999504575136609
C008946,3.9404117772472585e-06,0.009063102411892586
C013639,0.9716873255715288,0.8641336253125824
C005380,7.0990230559712485e-81,4.69299399417362e-25
C011340,0.005449944945420923,0.042709421241620436
C012993,2.341430395763752e-18,2.0074970248887413e-08
C008212,1.2881640506051408e-21,1.3114348335651083e-08
C001993,3.5162378126759465e-44,2.6062633757080395e-14
C010290,7.59959448534073e-219,3.4807643034218403e-54
C002011,0.7300112504698408,0.5819233951276216
C000300,7.592576019900001e-80,9.797967338831476e-21
C010509,0.12999574737161693,0.16967469445041852
C003975,5.684171720651679e-24,2.3265803502254387e-09
C008924,0.9998265223686673,0.9921617355352298
C002486,0.999999968086487,0.9986589352880695
C001157,0.999998038079892,0.9996428616865098
C010205,2.228575178449711e-16,7.751520171035001e-08
C005093,0.006028416327876703,0.03905067612825596
C009233,0.9999999999999999,1.0
C008586,1.6575230728758168e-09,3.4636422670762294e-05
C012116,2.0320531332738615e-137,3.1146605025866645e-35
C003872,0.9999999999999999,1.0
C013761,3.543885776677082e-42,1.4179835927696732e-15
C009667,0.9999999999999999,0.9999999999758895
C001375,0.9980311936455407,0.9490758740861921
C007188,0.9996568520436788,0.9940248371929107
C008885,3.770407220181431e-09,8.030241036522423e-05
C001909,0.0024053106220642646,0.017492327234984017
C008138,0.051717084628311316,0.07925196365377007
C011578,1.5730462797594003e-17,5.778372132337011e-09
C007730,1.9342310229428485e-23,8.981542811761596e-09
C010453,1.7826727120416412e-28,6.976254483673661e-12
C003389,7.829701636710291e-38,6.503523308254817e-14
C002655,0.04544865095943182,0.12036054893795362
C012294,1.133910906668645e-09,5.4764491441477214e-05
C003844,1.6881624337944334e-09,0.00047758710850445837
C013750,0.9999999999999999,0.9999999999999983
C004148,9.105119065240852e-06,0.005003304390558302
C011384,1.07028880027737e-15,2.6046452359292866e-07
C007152,0.9999999999999999,1.0
C012153,0.004321749980877616,0.02798766172014164
C009299,2.9331497445704306e-25,1.2696760021494962e-08
C006973,0.9982211116808646,0.9526012763565361
C004858,2.815929873255923e-45,4.85042341099508e-15
C013470,1.3430358139834508e-51,9.900949688437647e-17
C011254,0.3207197249182277,0.6646920542596981
C003572,0.0017316586840539234,0.02904758956517438
C008849,0.0008529941294952343,0.00689894860962934
C012628,3.319966093235532e-13,2.0902763581948423e-06
C007461,1.6200122198400688e-06,0.0020255568291955932
C001783,0.35886995388280873,0.34173446161768534
C005947,0.9911172423120254,0.9522086243061297
C011982,0.9999991487087447,0.9986590788440295
C013681,1.2837786002247912e-27,3.11874270110081e-09
C001447,1.4294505164469348e-109,2.4952429028256297e-29
C010194,0.24116992408244536,0.42829142142706944
C007192,0.027865471152787136,0.15479839417144864
C011202,0.9984064230645268,0.9508239325585343
C006066,0.06746263270523416,0.0779887189603955
C005150,0.9973724944423601,0.9662053963527533
C012454,0.9724503314252866,0.9375352902342919
C003167,5.783056854902781e-63,3.3051561949883796e-20
C003752,0.9999999999999999,0.9999999999530216
C011152,8.639326162962442e-06,0.0013202044477281607
C013390,2.4108192567635107e-06,0.0023982857406450136
C004138,7.853861714139844e-08,0.0014023877374199135
C008625,1.4206165835030778e-34,3.382908089785385e-13
C004258,2.572396689386764e-26,1.1836051641275047e-10
C003480,0.9597095475551584,0.9604574383689899
C008840,8.049652933417425e-36,5.420701687796241e-12
C004649,7.278620129577486e-14,9.166144539315652e-07
C004732,0.044841237437428766,0.1499676478725875
C010922,0.9999999999999999,0.9999999773647099
C005753,0.9999999996622162,0.9999216971561953
C004935,0.9999369318086107,0.998823440486148
C010498,0.335582689214601,0.3142789890213099
C004717,1.3148951937415659e-17,5.773643410174623e-08
C004145,0.06102600988266444,0.09805394343553975
C002751,0.9999999829637378,0.9999227221446931
C013228,0.9999999999999999,1.0
C010615,0.9863386832472724,0.9737795386452159
C000466,0.9997385709086609,0.9850333467248441
C003426,0.0008945103451540354,0.010791515359815856
C007495,0.12235411217186395,0.10019075314801024
C005629,4.345811408593564e-06,0.0011220219963319659
C002983,0.015207259647801659,0.1403006530299259
C012391,0.9999999999999999,1.0
C001752,9.055128462663606e-05,0.012849746362689493
C000301,3.695000278869892e-70,4.478148896449092e-19
C011394,2.7363072864724696e-19,3.5134786332984473e-09
C013875,0.9999999999999999,1.0
C002879,0.9654042847807776,0.8791232772303448
C011156,2.1763269198701584e-30,1.2045880498740092e-11
C010990,0.8454135951560915,0.7180834553958219
C008565,0.31100456848645686,0.3449450538329002
C002317,0.6857524934714475,0.41817983108593454
C008665,4.750615741200201e-05,0.004589902722865638
C003486,1.612685793615167e-17,3.50544601657791e-09
C002506,0.9999998522743344,0.9985556840700296
C002457,0.9999999733361806,0.9997652695131455
C013414,0.12547160498310092,0.24407748941558202
C007214,0.9999999967054505,0.9999498956215891
C001246,3.335092784059945e-61,2.204283290999168e-19
C002371,1.1154119899297003e-35,6.53502790569794e-11
C010389,9.869212671752799e-05,0.005321314636854519
C008163,1.6256155324853228e-159,2.332346494825554e-40
C007345,0.9999999999999999,0.9999999999933268
C000276,0.9999991166682741,0.9978374867847778
C002076,8.418959182555942e-06,0.001921898236744165
C011324,5.625914791829464e-78,1.5510864898783063e-22
C005958,0.4482876244409272,0.6409241033772118
C001826,2.5206755204588333e-166,1.7738598068898707e-42
C001266,0.0009752637424549088,0.03148603161301055
C004083,3.190237089778111e-45,1.8433212088292824e-14
C006979,0.9999999999999809,0.9999971419330709
C005785,0.9999999999999999,0.9999999999918253
C003567,3.7389795954344485e-55,2.6872783218455967e-19
C013781,4.7230458238167365e-06,0.000668447278961342
C007715,0.35586833353422426,0.48887033530015156
C013040,0.7823450419584886,0.6425972376719121
C012623,0.0005269486991930396,0.016292804523972478
C004835,0.9999999847099883,0.9998937349904417
C013859,0.9999999999999999,0.9999999999974603
C011223,0.9999999999999999,0.999999960830106
C005729,0.9999999547942764,0.9994826425425136
C004349,8.320115378634915e-66,1.0668486210612365e-20
C008319,0.9987464860875286,0.9531073885458891
C009923,1.4147446294733949e-11,3.3347043481943483e-07
C010461,5.858841147006434e-13,5.956066423864165e-08
C013322,8.314750141076502e-56,2.797407685848132e-16
C012118,0.0002812417904266655,0.00906082892473793
C007595,0.9999999999999999,0.9999999999993177
C010263,4.007629883534989e-08,0.0004105739761558379
C000562,0.9999993803263908,0.9996615053849542
C012132,0.9999999057345347,0.9982081009605194
C010709,1.7645632353066204e-68,3.288493068361058e-20
C011734,1.7597025563312586e-37,1.8558179362415203e-13
C001625,2.634914594125938e-79,3.3741249120106175e-22
C008866,2.4760508378369933e-76,5.2037922676745887e-23
C013408,0.9997039365642425,0.9902782629327135
C006271,0.9965961379429829,0.9437788145891264
C002744,2.1644510679041444e-44,1.2519622277819047e-16
C003028,0.9999999999985656,0.9999727712910599
C009860,1.0077101965987739e-42,2.9968528035790806e-12
C006647,4.025270375488483e-45,6.2026856924931e-17
C003851,2.3296113918818487e-28,4.0682436520275426e-13
C007074,1.1211474376699722e-17,4.5714496998951854e-08
C000508,0.9892054588430901,0.9631405178363922
C002243,4.994910852296545e-36,7.459142941287861e-15
C005640,7.690100190179808e-05,0.002097050344873591
C011971,0.9924748693316258,0.9390969530987108
C008144,7.652422402353792e-28,5.793479133266039e-11
C007857,0.9999999953402353,0.9995036740787065
C010010,0.9999999999999999,0.9999999998702843
C008050,0.9999999999999999,0.9999999624277882
C004873,0.9999999999999999,0.9999999999999832
C011648,0.9993636067457501,0.9719197646352589
C010935,0.99999999999992,0.999997107479311
C003160,0.9992542629951598,0.981568105477763
C006519,0.9999999999999999,0.9999999999929918
C003997,0.9999991471406456,0.9960582805596747
C000168,0.0008196504794803768,0.005826954910818794
C010647,6.255999947166704e-17,5.666747347128869e-07
C002645,5.702561190403475e-28,5.183039957551063e-10
C000657,0.9999977658371221,0.9970740048253226
C001515,6.65908079457836e-10,4.332321900168939e-05
C000511,2.3545992018953185e-13,4.768866627636673e-06
C010400,0.0009002482107261032,0.024307588052934207
C008715,0.07444484019782047,0.23360097851864542
C008435,6.048727188101963e-99,1.3408373004098368e-28
C001067,0.9999999999999848,0.9999886315422981
C009282,0.9998101959883486,0.9788967882749685
C005426,2.4582598893716445e-06,0.0027628876584558128
C002825,0.9999999999950546,0.9999975152600173
C013375,0.9999999999999999,1.0
C008425,2.304716314296326e-65,1.758361454263472e-20
C001171,2.3347839673133075e-42,4.431256247853217e-15
C006039,4.1634595501770053e-22,4.0292870653370235e-09
C007814,0.9999996240020202,0.9992368350049672
C007943,0.999760112351859,0.9851377573742917
C002842,7.383174327265507e-15,2.7633487231503044e-06
C006809,5.557372871010575e-118,3.080845749396258e-29
C013165,3.684387926680249e-21,1.1817216960824667e-08
C001912,1.4069910397691044e-26,9.29679854604265e-11
C006092,0.0008919886940068585,0.04469866894070264
C004140,0.9994289583209696,0.9971884912442219
C009445,0.9999999999999999,1.0
C001133,6.029121955619488e-05,0.0011328636778751356
C008133,3.0990650252393277e-54,8.91024665280818e-21
C009556,0.9989380756515301,0.9719628741841304
C009986,0.9999999890930303,0.9998665749865984
C000443,2.6596571967642693e-15,1.7097081968343217e-06
C012511,0.9999999977384653,0.9999601782673644
C000109,7.694977613354975e-13,1.3537543201108183e-05
C003598,1.618285821320516e-17,1.0913970736566922e-07
C011461,2.990107033986936e-13,2.695950511191273e-07
C001976,0.19170280174082022,0.21656367559592976
C006600,4.33389676461543e-13,5.8291308907733655e-06
C008101,8.790343178746548e-135,6.815594451770322e-37
C001253,0.999999995921314,0.9998644131603652
C009427,0.5700345713337693,0.3837818972456489
C008726,6.194681146945369e-06,0.0004757513553391171
C000542,1.4656907938681676e-89,7.005521376865423e-24
C010042,0.9998989992362126,0.9904788228925272
C008709,0.006778327723629256,0.012504359606855354
C007789,0.47553019185011186,0.3677469257236564
C013936,0.9999999999999999,1.0
C010946,8.652561168982384e-50,1.3641014525638466e-14
C013287,5.999292434005396e-29,5.424660864257235e-10
C010467,0.9999960555782484,0.9984422612609545
C010924,0.9990175211065322,0.9377266370602435
C006739,0.9999999999999999,1.0
C012046,0.999992207190311,0.9988374000261119
C000457,0.1257776283913012,0.13155141285244484
C005811,0.12501904847990203,0.2543270313398234
C005696,1.690713125961914e-06,0.00031589240274976964
C007896,5.98928628153941e-19,5.685681868021982e-08
C001120,3.1816582629248056e-23,1.6372795938827892e-10
C007268,4.7926077579160845e-29,1.1187513032647217e-09
C010210,0.9942313652477505,0.9270863559867459
C010217,6.396681665017082e-33,9.81951538429538e-11
C008976,0.9999999996073589,0.9996866085733274
C006487,8.455092882648173e-18,7.546662424519785e-09
C005211,0.000987642222816644,0.015037779943442834
C011515,0.9999999999999651,0.9999998477544778
C008492,0.9786984752962787,0.8798456211752028
C004354,0.9999999999999993,0.9999983184881157
C008536,0.9999999912599811,0.9995436488631689
C003003,6.506714041458572e-16,1.921078572465621e-06
C011494,1.417435792445647e-18,5.052189528871423e-07
C012313,0.9840861575270555,0.9560461481658532
C011416,0.5721798623474145,0.6436359022703315
C011351,0.9999344563117708,0.9996537298680876
C004111,9.411064386828055e-21,2.6149497150294936e-08
C002216,6.451586898496462e-15,8.529826971265139e-06
C012184,0.9999999999999999,0.9999999742079337
C000467,3.5991458012227157e-168,6.695202136186585e-42
C010245,0.9999806953363817,0.999729552236716
C012467,0.9999999999999999,1.0
C009568,1.0401047270617143e-42,1.4353998341577114e-15
C006040,0.9852588856920194,0.9630174236209952
C011063,1.3139734646368135e-05,0.004263967317796759
C006411,0.09191502619915728,0.13590539400711968
C010767,1.4865499909715534e-39,2.0381047564723117e-12
C003818,0.9999999999999999,0.9999999999944722
C008699,0.0019176969931995024,0.030574683368144246
C004777,5.547009269804679e-192,3.2280529506461275e-48
C003621,0.9997261502662651,0.9644093711214355
C006657,0.9999999999999999,1.0
C001464,6.52928576395995e-22,2.072050933919469e-08
C004797,0.1488930893842386,0.4387260248406503
C013073,8.502192383446967e-13,3.8490131370766634e-05
C009263,6.244307868783056e-25,2.8888220896110955e-10
C008678,0.999999999999937,0.999995622483034
C006544,0.9999999999999999,0.9999999623706823
C011603,5.476413992307e-29,1.2058332068510915e-10
C008524,0.9989528775511011,0.9885270440987255
C008986,0.9999999999999947,0.9999998832495417
C008571,0.983903623956989,0.9355063477044492
C000962,7.955593148763822e-35,7.189927693636073e-12
C000582,0.8974529670936534,0.862216800362387
C002800,0.0017122334068595528,0.05647529258005471
C002114,0.9999999975548849,0.9999920580356183
C007313,3.12809120774257e-110,1.2358470367528598e-29
C011371,0.004047967269304081,0.01106274712053114
C003099,0.7869860883905272,0.8735301037612837
C011032,5.661557273201144e-09,0.00034238541511899014
C012395,1.9330110773635662e-11,8.457356213510033e-07
C005623,0.756024998242103,0.5817885608805486
C005555,5.894738121611794e-07,0.00017970281104184296
C012059,8.773567829688753e-22,1.624741988941506e-08
C004357,1.1298853095304571e-27,1.0367428263212e-10
C005445,6.053890664502956e-19,2.3409058840117875e-07
C012360,7.824875849192304e-06,0.0013572988233738754
C004800,0.014738297145956779,0.1102169822247449
C006429,0.999993901442468,0.9998392002380817
C013480,7.364545302573778e-16,4.9836653010160005e-08
C011361,4.447744025808174e-10,2.7600071818043788e-05
C000383,8.16624956040193e-26,3.7754415527158275e-09
C009679,6.038420154207335e-10,0.00012121640685588337
C012361,0.9999999999995949,0.9999883632618529
C010297,0.03508606799753062,0.136906186399261
C001663,0.8287331968554478,0.6901591260234312
C004293,0.01231313616233645,0.10833122869356653
C010176,0.0003309297050851305,0.0065149151186341325
C007151,0.04147800594142583,0.2746974009282428
C003857,0.9999955015519015,0.9906667477230913
C003126,0.9589455130906478,0.975438655602921
C013159,0.013696473614326708,0.05203752989461533
C008768,0.03490966469553597,0.09468638606568536
C012359,2.763379600503137e-06,0.003928184802424279
C013616,0.9999999802344396,0.9999290773712223
C000652,0.9999999999999999,1.0
C001425,0.013240972881638217,0.0743175752245372
C006860,4.028478508843984e-27,1.7220188092672398e-10
C002091,0.9911560372759765,0.9790460364133522
C012328,0.9999999999999999,0.9999999394788532
C008627,1.3687642005199173e-23,7.333826251451218e-10
C000114,0.9898757801298449,0.9010992621146475
C007779,0.004659494691070099,0.08160034428800567
C004259,8.843735292428794e-36,8.224521706816047e-13
C013802,1.2742987999571746e-41,2.8197657440754833e-16
C005933,9.263773351646811e-52,1.5341843890264536e-18
C007922,0.9999999999999999,0.9999999999599207
C013784,0.031263144455648394,0.16192077354404774
C002673,4.116689102221986e-08,0.00040732935628668294
C012077,0.9009216339399245,0.6550404541607702
C012571,6.979477929336069e-14,1.1917756374258469e-07
C006763,0.314947905965272,0.21512514790553047
C013012,0.9997277139889791,0.9937911776885433
C013454,6.041021543958228e-55,1.4288380898547034e-15
C009489,0.9999999997486498,0.999932342381263
C001421,0.999930809338364,0.9773849947083256
C005760,2.0850333486726302e-08,0.00033078881409114133
C001675,0.9999999999999999,0.9999999811871206
C001028,3.722714855117615e-06,0.002501487513731114
C006602,9.870138848760136e-15,1.1521337019012682e-06
C004491,0.9999992621165509,0.9973951611489654
C002315,1.1554056570552192e-06,0.0005119270364347849
C003978,0.3105418419916107,0.5287450850683669
C011744,0.9988554591362248,0.9975381136695964
C001286,0.9999999910214985,0.9998958940605024
C002070,0.0607969453661971,0.06865275066077939
C011965,0.9991977565129068,0.9803606892560904
C000690,0.08087219365631365,0.17215343568769909
C009413,5.35193092361567e-06,0.00248602247442892
C012876,6.80935778413868e-05,0.013855375632908114
C007984,1.830565599537993e-07,0.00013872632440154904
C013838,9.403285083187795e-82,1.9535410776595808e-23
C009161,0.9996112723449088,0.9848121687912815
C003074,2.3820347877853833e-81,3.455257627721687e-23
C005482,1.6867879150260841e-31,1.5311332932731718e-11
C005793,5.952524517122485e-06,0.00040747967961281533
C002727,0.9999999999999999,0.9999999999998092
C009580,3.6548422111316324e-56,2.70502535143692e-18
C013173,4.547614370590052e-16,1.447319275314264e-07
C006504,3.2388690476700264e-06,0.001224166674893735
C013743,0.2019698728114803,0.49316587146777324
C008232,1.3767683427011993e-50,2.7468672988959388e-17
C001984,3.3807117232115337e-10,4.753400756867981e-06
C009236,0.9999993806277784,0.9997357241667797
C004760,0.28171642021804294,0.2889644139355018
C002789,3.458248883095296e-05,0.02008128103587301
C007125,1.3191661884862172e-206,6.027581734968327e-51
C006769,0.9999999999999999,0.9999999998719076
C002073,1.0942438143634284e-27,2.496751526832247e-10
C008337,4.6290504429243966e-26,7.86996406394306e-12
C010528,1.368419973515333e-16,5.874871239953178e-07
C012418,0.9999999999999998,0.9999995707419171
C013909,1.960480309532869e-33,8.557462979515835e-13
C000189,1.058087763798847e-47,3.8047281459531607e-17
C005507,6.657402988225646e-44,1.7195157194231928e-13
C000560,1.8165121398799205e-26,9.094528951890064e-10
C003619,0.007158919462384135,0.03247586277237896
C007870,0.2648523175970642,0.3264777320409399
C002087,0.9999986699660111,0.9960007262247013
C011375,1.3307997202101127e-05,0.0018554221802658398
C007672,0.9999999999999999,1.0
C008104,0.9946160235389141,0.9580044024907212
C012311,0.9992192380285705,0.9744184246114743
C004692,0.9999999999999999,0.9999999999787581
C001814,1.0943317487484012e-175,3.6037335888349664e-41
C003034,6.4520781022819614e-99,2.0735125138254664e-29
C013045,0.9973488054123314,0.9782668041993983
C011398,0.9999999999999999,1.0
C003471,2.222680420660317e-33,2.6632567399425263e-11
C003994,0.9999999999999999,0.999999834890364
C000763,0.0009566538038825832,0.02990240899501235
C006746,0.9980770904979123,0.9317642090373883
C004024,0.9999999999999999,0.9999999926483438
C003913,0.9999999999999999,0.9999999841638803
C011961,0.9538985452591128,0.7055006999542843
C013424,0.9999999989388204,0.9986427912831825
C012062,4.3107358139061886e-63,8.568175415094065e-20
C007988,5.231224227478174e-05,0.007321875873350701
C011352,0.9999999999999999,1.0
C013475,0.9816240053477608,0.8637096460751973
C011701,1.546427512144523e-05,0.0010497379175610983
C000327,2.0373568104768066e-58,2.9403431450356303e-18
C009323,4.150889139065327e-77,1.3040719681077463e-23
C013151,0.3467435227539777,0.5324733979604952
C007473,1.7537385981403255e-17,2.241062422127992e-06
C006379,0.9999999999999999,0.9999999999871093
C012246,0.005517232424695975,0.016063266737150243
C011158,0.9999999180558276,0.9997104785733996
C005984,0.9999923000019141,0.9906299921960184
C001980,7.845604341859258e-28,5.176678517816109e-11
C005010,0.9999992339954699,0.9967604193809851
C006659,1.282263745778869e-78,1.3153063104636454e-22
C010832,4.568988462384915e-88,4.1275883159879483e-25
C013019,0.9999999740692559,0.9998723577980515
C006614,1.123076258425031e-14,2.5303846446001514e-06
C007174,1.2997369442849325e-23,6.494996847364605e-10
C012620,0.9999368467328942,0.9921105660290113
C004110,1.5627315718165632e-06,0.0007624123765761667
C013293,0.0009303616956970628,0.010959606541725677
C012606,0.9999999999999999,0.9999999771780156
C013960,0.9999999963983616,0.9999012284066656
C007953,0.990508171379509,0.9724977849710073
C013102,5.0295741977411656e-89,8.700330017195174e-24
C004378,0.5691838325884545,0.44449226238821016
C007929,5.046632714561153e-17,5.650958767401648e-08
C002113,0.9521825668647097,0.8112742603283906
C012179,7.046572637645486e-16,4.1305506849598075e-07
C005500,2.7729931514551498e-45,4.648357103887948e-16
C006735,0.9999999994743765,0.9998317065865439
C013555,0.9999999264536971,0.9998095259828673
C006914,0.9999999999814797,0.9999569580782819
C012206,4.0061421379957766e-20,5.549937203396797e-08
C011397,0.9999986134367396,0.9997552564083532
C007312,4.630556217914847e-36,1.0774979439573985e-11
C003081,0.9999999742193907,0.9999938778494699
C008877,0.000112254711253342,0.016334847738786653
C006361,2.1987900875480675e-90,4.726675248884163e-25
C006531,0.9999999999984289,0.9999834936036617
C012985,1.5564741253461975e-28,3.6134089383013316e-10
C002163,0.9972390511462782,0.9241189501455547
C010191,2.7005034691037897e-139,2.4298220386890555e-35
C000574,0.9818635821529195,0.9246916385298314
C009639,0.9863219505072199,0.9448802168959383
C011247,0.9999999999999999,0.9999999999999932
C011041,0.029214192225744395,0.14082489842616386
C010214,8.152188671419183e-10,0.0001503326681016169
C011645,0.03058485335596318,0.09536605238800232
C005566,0.9999999998780862,0.9999894419088715
C012253,1.3183406736757647e-24,1.349396035682669e-08
C003745,2.198959707194675e-85,8.063561544864327e-25
C013530,0.6375290249097159,0.4845993593802455
C003830,3.2538785234594193e-13,2.8492601362837863e-06
C012248,0.9999999999999999,0.999999999996848
C010020,4.474715859332201e-09,0.00013862504960503785
C004403,0.999999999994446,0.9999935918321206
C009937,0.9999856538437357,0.9901011483391011
C012957,0.9999999999999999,1.0
C012790,0.03912264171161801,0.06688347808929568
C007337,1.5125540187521806e-24,2.6137955898958315e-10
C011031,2.2657965160672636e-18,6.120115292883467e-08
C012676,0.9999999999999999,1.0
C012281,1.0554813782042034e-23,7.808499785551989e-10
C004420,0.9999999999999999,0.9999999614786388
C011947,5.893728998912132e-83,3.388091762119175e-23
C001827,0.9999999999999426,0.9999735621898524
C004784,1.517095791610599e-14,5.256833212832054e-07
C011244,0.9999999999999999,1.0
C013030,0.9999999999999999,1.0
C011239,0.8133119068001858,0.8799673169182629
C006635,1.1729196842222147e-17,6.759711023165116e-08
C007144,2.1568380644368418e-17,7.413778359977886e-08
C000639,2.793578807313059e-07,0.0010877302142819954
C005786,1.186216050668413e-143,9.288151646028386e-40
C008694,0.9999999999999999,1.0
C010112,0.9999999999999999,0.9999999460263114
C001449,3.6458041268474695e-07,0.001283524236217008
C001771,0.001600657541498372,0.017552911890456494
C013326,2.2439263679599963e-15,1.7857111471926835e-06
C000899,4.2784036235267507e-07,0.0007318994457317013
C004226,0.0015282920364353193,0.011440920867953092
C000767,2.2067602074236124e-36,4.06864715879229e-13
C012669,0.9412605390825279,0.892464499212431
C000770,5.61071731874456e-08,0.0017408548743763934
C011839,1.7337818274522839e-131,3.7537951000723424e-33
C001308,1.5207385294857798e-15,5.446538271541084e-06
C004016,0.9999999982613068,0.9999839769165674
C009388,2.605691263761711e-20,2.507791518683299e-08
C013081,0.060141347235250206,0.24625560658775728
C001601,0.0007040491604030508,0.01994204281480186
C003630,0.9999999999999999,0.9999999249183971
C001053,0.9999989425619416,0.9997151995201795
C005065,0.3855928858949925,0.4571211819245893
C006426,1.3761357684184529e-12,3.750508453403721e-05
C008465,0.9999999999999999,0.9999999971681491
C010635,0.9999999999999999,1.0
C008284,0.018177068535110197,0.08194271344966719
C011343,2.312913532924502e-76,1.4023771693096914e-24
C009898,0.9999999873044452,0.9998734340647965
C008622,2.7079725454262075e-20,3.470436745898158e-08
C010865,0.9999999668927901,0.9998668629617964
C008640,3.4905224693585914e-09,8.203383687081019e-05
C011272,0.9768993809233063,0.9597380561698831
C006372,2.6755535482416476e-61,1.4637218326824508e-19
C005205,0.9981307155618646,0.9734174644825646
C009770,0.9999999999999982,0.9999999820014811
C004153,0.9999999999999999,1.0
C012723,0.9997850809640868,0.9963301257454844
C003085,8.375389269492755e-08,5.188431347862982e-05
C004438,0.06342725809333433,0.166755837018368
C009630,0.6869176065620402,0.5943008416268096
C007262,1.1688073100022865e-86,1.008408448042136e-24
C001363,0.9999999999999999,0.9999999999764217
C001155,0.9999998144409442,0.9998303778671415
C000855,0.9999999999353271,0.9999992321714016
C011735,0.9985489506073687,0.9854955072356002
C006311,0.9999999999999999,0.9999999999999117
C009972,2.9541183433240633e-07,0.0007546350036628064
C009441,0.9949635692347236,0.9795749796157452
C012022,7.586938876671901e-07,0.004498408044399684
C008254,6.471836940658924e-20,1.5752768199886288e-07
C006227,0.9999999983107467,0.9996019012306543
C007421,3.877879223954816e-27,6.579319241533069e-10
C006025,4.643309723456757e-13,5.219251424420055e-07
C001006,0.9999999999999994,0.9999996902152538
C005338,0.9936887540070998,0.9608159661706529
C008066,8.633786591028224e-11,3.559505437519398e-05
C000350,6.293179114356912e-09,0.00012276712521396303
C002340,0.9213995440916752,0.7771317683602362
C010362,0.9999999999999999,0.9999999999601838
C008395,0.9617255514716899,0.869339577480356
C002418,0.9999999999821875,0.9999475122001452
C005721,0.2880010406464697,0.4279587142936872
C013920,0.990083757433271,0.9778383244500664
C002648,4.813772241798615e-19,2.7319540376779226e-07
C000549,0.8697463884149809,0.8058646900336421
C007243,1.0448543546989275e-61,1.0098706661824777e-19
C011776,2.443751736540008e-12,6.011932844889545e-06
C002731,0.9999999999967958,0.9999983473632205
C001767,1.5220944749710812e-07,0.00014512679960637702
C011777,2.6843158009238282e-08,0.00024371499313873327
C006488,5.907311788938525e-07,0.0005556132752271304
C011327,1.617404584903795e-08,4.849899375871467e-05
C013108,0.9999999997650841,0.9999062329450578
C004023,0.9999999999999999,0.9999999999999998
C013922,0.1621457045210924,0.2354780191347118
C012782,0.993901674336603,0.910259594880342
C007877,0.9832391769000275,0.9622003000283963
C003820,0.001301071091105728,0.020255226918719286
C013983,4.9457899024208954e-45,5.107404018633165e-14
C004268,2.6225804572054655e-40,2.043120388449774e-15
C004762,0.844435352488634,0.6983646750255165
C008601,8.53635113301187e-18,3.959938770697676e-08
C011220,0.9985873653697807,0.9600200902452528
C013199,0.03312569128785782,0.11970954182411214
C004758,1.5114003297627448e-94,2.1408442140703997e-26
C002791,9.674617872290145e-39,9.256318476180125e-14
C002888,3.993825050496446e-31,1.9483572279096953e-11
C005446,0.9999999999999999,0.9999999987124037
C008346,0.9598457144344272,0.9517629322720079
C010662,0.9999999999999943,0.9999995710831499
C006320,0.9999999999999999,0.999999999999988
C002609,0.9999999999999999,0.9999999999991938
C006114,0.005603070428128239,0.06461681621866157
C013550,3.3212380069510917e-09,0.0003677082693220643
C006358,0.9999999999999999,1.0
C000811,0.9999999999999999,0.999999999995153
C010827,0.9999999999999999,0.9999997497581492
C008820,2.145464540429084e-33,7.86552279865829e-12
C004368,0.9915744924672392,0.9302588157312563
C005203,0.9999999998558068,0.9997517674401455
C008738,0.9987975911457437,0.9852768362884655
C006758,0.9999999999999999,0.9999997593602846
C008457,7.205823313277565e-11,0.00013071981767286218
C005440,3.164577405455557e-33,1.7831712647154843e-13
C005298,1.7473244641968467e-14,6.327515203225316e-06
C002612,6.548523359944058e-16,7.463730506137328e-08
C011026,6.907333413265443e-59,8.881059207272882e-18
C003347,0.8859139322683861,0.802375384217684
C003952,0.9999999999999999,0.9999999999999538
C013672,0.9999999976069891,0.9999584419701895
C004163,1.001127377680756e-17,1.7717827159854316e-07
C007815,1.6067383377670138e-09,5.090253086263292e-05
C009795,0.9999999999999999,0.9999999999938785
C010888,6.344356292345362e-45,4.208677970499292e-17
C001561,0.9999999999999999,1.0
C012223,0.1574226330281764,0.36216441720036524
C004843,7.173216035138136e-09,0.0001911421874064051
C004266,5.016053918583654e-43,1.2004278455883022e-13
C000515,0.9999999999999999,0.9999998280751333
C000262,0.008891540136253404,0.028216108314725003
C008844,0.0012433365959645534,0.019582895553114193
C010047,0.9813220027557411,0.875331573677953
C005719,3.147624811204545e-06,0.00010814688698082974
C001341,0.01885927454289895,0.21596273773603936
C004143,0.9999999999971398,0.9999722330176639
C011187,0.9999999999999999,0.9999999999911445
C004862,2.1773029205316e-24,1.3206387410724379e-08
C001971,0.9999999999999999,0.9999999313211657
C012204,8.537268586200537e-20,9.450187956653713e-09
C001079,9.48015424355233e-67,1.219711114723841e-18
C011328,7.483788677543051e-13,5.545427590246542e-06
C013147,0.9999999999999999,1.0
C004573,0.07033106259168209,0.08278146096735964
C005428,0.9999999999999999,1.0
C000505,0.15508898527940904,0.3680326728920137
C000437,0.969006359849238,0.9434066665253669
C000446,1.0209834214840692e-45,7.735525750776905e-15
C012303,0.9999999987276015,0.999824056285638
C004262,0.9999999999999999,1.0
C003550,0.9999999816114293,0.9999226405126409
C012398,0.9999866740637733,0.9986946920261238
C012152,0.9999999999999999,1.0
C000856,7.058291999823172e-121,5.242111852494192e-32
C004457,0.36244590567054197,0.5305096044039868
C008149,2.3796290234069488e-32,8.724607813958556e-11
C009360,2.9514052374646146e-06,0.0007951741502110961
C007531,9.600281712892193e-10,9.35339797976938e-06
C004208,1.2753218105728786e-05,0.0035164596330535623
C010392,0.5851051050713173,0.4752765143733629
C011020,0.9999999999999999,0.9999999965027844
C011997,0.9276750986933355,0.8333234726089926
C007033,0.9999999999987299,0.9999991972308142
C001518,4.7422426318700006e-55,7.079746085537658e-18
C010015,0.0567278450973941,0.04823827928702025
C001556,1.0285639301211998e-41,1.9768037825570005e-14
C012247,0.9999999999999999,0.9999999997848815
C004712,0.9999999999999999,0.9999999999945537
C005238,0.010360038494377194,0.015883855976600015
C009644,8.049151798012793e-55,9.057323870825546e-17
C013914,1.6555840535471495e-24,1.1667159511403568e-09
C011824,0.9999999999999263,0.9999979826293304
C010185,1.448883045330934e-100,1.3399315038922922e-26
C008656,5.532366572286764e-40,4.844648237384324e-16
C005229,1.7888484660870055e-15,7.881631951663593e-08
C003769,0.999994427174043,0.998830210986624
C005421,0.9999999999999999,0.9999999992277542
C009065,0.9999999999927537,0.9999757917894756
C013313,0.9999999999999999,0.9999999993052302
C007769,0.6770262390942042,0.7638951635361677
C003015,1.0277719986911989e-42,1.1489887293488605e-13
C009100,0.9999983578963253,0.9970419474647907
C007606,0.999999999999991,0.9999999045171813
C000069,4.0517637821566085e-32,7.977551741958352e-12
C008748,2.0296310046137952e-60,8.739115064748798e-22
C011283,6.875585223463861e-45,1.5799774049527928e-15
C010472,5.820165845234533e-25,2.965860746538133e-10
C006225,5.134181759330142e-38,6.582824973793613e-13
C002657,0.9999968154068302,0.9978773993060104
C013566,0.008470730612739775,0.07323301503764612
C010182,0.9998331390212086,0.9963368759294506
C008563,3.8611265880144286e-26,3.4269398419567363e-12
C012992,7.859601194135875e-75,2.3289604453580066e-22
C007304,0.0026012462450684254,0.0382638686996071
C011118,2.100201344523047e-14,1.70963856622101e-07
C003055,3.96764250153352e-14,6.4876099804170245e-06
C003882,0.9999999999999999,0.9999999999999218
C005744,0.9999959431830345,0.9987635273072198
C006050,0.0008035629328299091,0.0035901865876691373
C003578,0.010570438116771714,0.019484049583684902
C001598,0.9999999999188304,0.9999695029714941
C009063,0.9999446444415867,0.9914156581635994
C002833,0.9999999999978271,0.9999995649155986
C012047,2.8729672945695106e-43,1.2418320356779018e-14
C009202,0.04450408630301268,0.05120876992322329
C006294,0.9999999999279667,0.9998156377352659
C000918,1.6465126250593495e-05,0.0016935887749357295
C009130,6.693859000668609e-14,4.7376780477196647e-07
C011826,0.9999999999999999,0.9999998685648985
C009454,0.0017346432542048008,0.03248122804158695
C000719,0.9999999999999999,1.0
C007803,1.2929322133374198e-08,6.342560387659959e-05
C008242,0.9806970309357933,0.8406784971345295
C001798,5.731324663783754e-41,2.6577408423895472e-14
C001027,0.9999999999999999,1.0
C005820,1.715076224143584e-08,0.0003820464374487973
C004634,0.9999999999999999,0.9999999999998898
C012859,2.9656664803127383e-80,4.435385710609112e-23
C001952,1.1291860428417053e-55,5.4424941415547955e-17
C004892,7.997631332976041e-27,2.3790978107985225e-10
C011623,0.0034662895257300107,0.017134853336524123
C002331,0.00015525142944054426,0.014006946620411994
C005252,4.0012438620674146e-13,1.032581907932696e-06
C004476,0.9999999999999999,0.9999999999903814
C006940,0.9999999999996717,0.9999998585194747
C012316,0.9999999999999999,0.9999999999926947
C011871,0.9999999755710106,0.9999918224602449
C008266,3.0768648227066137e-08,0.00023073737860331424
C000330,2.557679555280637e-06,0.002139682358588711
C010851,1.5922197627464166e-20,1.823768429005726e-08
C011581,0.0013562116196917649,0.003853290781946132
C010833,4.1179164609458533e-26,4.397435217420686e-11
C013765,0.9999999999999999,0.9999999999999997
C002917,0.9999999999999999,0.999999999999794
C009671,3.2381571078530894e-06,0.00045335577911599623
C007719,0.9999999999999999,0.9999999998739819
C000102,0.467802176370101,0.3850586600209368
C004848,0.9999999999934275,0.9999962180971101
C002977,0.9999999999999999,1.0
C002240,0.03812794723522422,0.2614617612031158
C008618,0.9999999999999999,0.9999999959316614
C006873,0.9999999999999999,1.0
C003866,0.9999994434576831,0.9999477546625045
C004809,9.699403468034357e-47,2.4040086258538006e-16
C003079,0.00030869815690754766,0.00554685617276268
C008933,3.6700196744268605e-14,1.0871683290753833e-06
C012382,0.02551126052521472,0.04908624955973128
C010820,0.9862304096756517,0.9876028266192406
C002721,2.0588946168769805e-92,2.138471026185948e-26
C001474,0.9999999299044405,0.9996675997035673
C011393,2.0957469041805887e-14,5.1773711385998144e-05
C000540,1.6849762945167803e-21,8.400381568223731e-10
C006140,0.9995515247239012,0.9723953411646085
C003798,0.9999220337080403,0.9948150778456649
C009579,0.00010659535761645413,0.006731665087077891
C008863,0.9999999991581601,0.9999621782565664
C006021,0.9999999948829087,0.9994917934374706
C008482,0.037656221124345406,0.05289901830364104
C002840,8.391758092586231e-71,3.780484427422683e-21
C013840,4.8711113805245374e-15,4.84521363408112e-08
C013048,0.7656752600261394,0.5602101661371996
C002622,4.33789972521019e-79,1.2062925805952312e-26
C013546,0.00016029041784416297,0.007579543837926835
C008326,0.9999999996135951,0.9999683916553628
C004544,4.0211982227555065e-12,4.5865209031858593e-07
C000537,3.3544769056009985e-28,3.121490853477288e-10
C003876,5.199343595184685e-26,9.788122821902275e-10
C003217,0.9999999999999999,0.9999977687349746
C002232,0.9999999999999999,0.9999999999852731
C001544,0.9999999999999999,0.9999999999996676
C002343,0.952330837328618,0.7988110010638529
C004385,0.9999999982641469,0.99963365657101
C010533,0.9999999999999999,0.9999999999995646
C009901,1.6304798470321158e-75,9.314819427367714e-24
C003551,0.021990746245000654,0.0747947810627996
C000752,0.9359670340204076,0.6680372432632748
C004231,0.9846053940158831,0.9017949887044786
C005654,2.8848917369946144e-143,3.7285882283307882e-37
C000834,0.002633722701197102,0.018707021018923194
C011527,4.121694761879139e-10,0.00041176737755801345
C012004,9.144212342847909e-07,0.0006314956626714025
C000393,6.213289123484752e-10,9.906055475669316e-06
C003741,4.349639897489545e-12,5.807014779702397e-06
C012041,8.894854351822206e-12,0.00011856240816020744
C013096,7.678323706333741e-29,3.167741597745592e-11
C011455,2.1627640213472123e-08,0.00019775773824262847
C009955,5.623386844557691e-11,2.3835882302275187e-05
C010703,3.687507802772777e-17,2.452049739532718e-07
C004461,0.9999999999977578,0.9999999013468003
C012598,0.0015694718246961892,0.02081659094991261
C002852,0.9999933774471529,0.9971211957990588
C000521,0.9999999999999999,0.9999999847567319
C001732,8.603544381144999e-16,2.0576125879883515e-06
C011337,1.567577145220363e-31,2.3811563058641556e-13
C004695,7.450413334846978e-76,2.1041240631694057e-22
C003243,0.9999999999999999,0.9999999999985651
C013664,2.4893067215648185e-59,2.90551609639062e-19
C009099,0.9999999999999999,0.9999995146805306
C005364,0.0188977897552911,0.10581779608188323
C013205,2.4185156139272244e-32,2.0519227974109736e-12
C009252,0.9999999999999999,0.9999999999991614
C009029,9.740521633797723e-12,5.619310540916179e-07
C009864,1.3342885339843592e-152,2.366244007865811e-42
C002162,0.9999999944250043,0.9999775673367483
C004986,0.9999999999999999,0.9999999999757714
C005874,1.2975155457206028e-15,1.187299666718673e-06
C005529,0.9999999999952824,0.9998239905137376
C010567,0.00035058014257990374,0.020629650939186592
C008208,9.685087552109284e-24,3.1128525660785395e-09
C004479,2.9330031025597382e-24,8.626490745705189e-11
C009698,0.01923120552271644,0.08938373754250892
C000502,7.785266479795462e-81,1.17565209526621e-23
C007771,4.874123518280694e-218,2.3718850710265433e-54
C005367,3.667226046084653e-08,3.042348265314224e-05
C013643,1.003286095635914e-08,1.514599962488756e-05
C011055,0.9452811415739983,0.9266676133370393
C004889,3.0194640899931055e-44,1.834641496697973e-15
C010055,6.258388166902931e-36,4.627733084153562e-13
C007548,1.848407622248324e-70,4.0864991291761546e-20
C006539,0.9999999999999999,1.0
C009833,0.0031791385565738584,0.03259982380047701
C011200,0.9999999999999999,0.9999999999998185
C011884,0.10479393663573083,0.3302170162080212
C010339,1.5991013381675767e-34,7.574135662276182e-15
C001353,0.021372137647214358,0.09920111784153085
C003257,2.4930977196249525e-06,0.0015636878153145897
C003180,0.9971271930969907,0.9477297907776983
C008086,4.435478705069907e-68,2.289347309546604e-21
C004411,0.9999999999977747,0.9999796900371131
C001655,6.185301022049084e-07,0.00021643289023648714
C012718,2.0059235718972318e-05,0.0009236634417585188
C011808,8.573180332749115e-112,2.7360428810589796e-31
C006903,1.1800512141087471e-13,2.1194474216000864e-06
C011493,0.9999999999999989,0.999998687957169
C004035,2.346372739998725e-11,5.380944653696928e-06
C012593,3.770680032957526e-18,4.182629975721391e-07
C001473,1.3747431397482407e-07,0.0018063346065497806
C010413,8.8025296586612e-55,2.1139643117291572e-15
C008289,0.8632651866654307,0.6785326325159272
C005158,0.01879431540531161,0.15724619356109232
C005388,1.869371857802703e-260,1.5285574608875687e-60
C012250,0.9495037971655671,0.7498344072879062
C007446,1.05526138230473e-29,1.2658453485937395e-11
C005571,5.455906321895023e-21,5.470469741223737e-10
C012187,8.405237857415284e-18,5.860749271714128e-08
C013692,0.03496561546803766,0.04472764869115222
C006967,2.2594866990516417e-145,4.271250561588245e-39
C008081,8.109504980839561e-15,1.0215953360010978e-07
C013572,3.9523956936227946e-19,7.699363626198411e-08
C000575,0.0012260960163519986,0.012023582931431008
C012600,5.759420947734714e-12,1.2036932333706124e-06
C012113,0.9999999999999999,1.0
C001992,0.9999286084170044,0.9868817339692448
C002019,5.718309984591777e-33,3.102264703166987e-12
C003287,1.6846819959425063e-05,0.0008517308479767673
C009900,0.999999819437204,0.9999916369256028
C000024,1.8840041822321412e-11,7.192936770565604e-05
C004019,5.8928242246899266e-46,7.819387521664613e-17
C001922,0.9999999999999963,0.9999995476821045
C012769,0.39083030916416717,0.3318336630916241
C012935,3.904213896418363e-41,1.4956201517318743e-15
C013407,7.886873331624932e-88,2.1643330565520274e-24
C005950,0.9999999999999999,0.999999999831787
C004614,0.007716731573142836,0.1165047041796559
C008953,0.9486951229839364,0.8387183617666109
C009831,0.9999999999999997,0.9999982598815514
C008295,0.01211085967211376,0.05298463887324535
C001652,1.935689174674107e-14,3.4241620176017724e-06
C012431,0.022017438727406156,0.14072560012720342
C008721,0.3292849218294352,0.3244029334528454
C013145,0.9999999999999999,1.0
C000960,0.0004750773684991872,0.027058160588432054
C011139,0.15197947741344267,0.14860405086080308
C000072,0.9999999999999999,1.0
C002998,0.9999999999966502,0.9999871551799965
C012748,0.9747716464841125,0.9518526335402567
C001554,0.0005488418434489244,0.002570537306044159
C013829,0.0004988795991887137,0.00909761533749876
C006017,0.028618491841185964,0.22316961589655102
C006324,0.9999999999999999,0.999999999993412
C000385,0.0558749534226805,0.3388613393585975
C005112,0.0048857171527015,0.0881177368514207
C010081,1.4832752772689613e-119,5.2735523353266e-32
C007420,0.9999999999999999,1.0
C013665,0.9999999999999999,1.0
C007463,1.3183908924372075e-52,3.8586307783331505e-17
C003444,0.8352799687743191,0.5981140000606795
C013398,0.6071189425166172,0.4334641524810643
C010506,3.238286911111262e-26,6.380925515287607e-10
C013058,1.4656824604724636e-11,1.4102948022017003e-05
C010186,0.9999999239926863,0.9998097751433378
C003012,1.1105643729668725e-13,5.017195035585991e-07
C007375,6.5834880420366475e-15,3.8188632993933753e-07
C009699,0.9835997970589636,0.9751529317802952
C002766,2.807850085719961e-98,1.879499467072973e-24
C008127,0.9999999999999999,0.9999999999999801
C004481,0.6846360211685282,0.3753449998241113
C009593,1.4850828692279743e-17,1.0177634509752373e-07
C005818,0.9999999999855463,0.999953856349468
C007070,6.501293587621448e-07,0.000702357707923331
C009608,9.67211507595199e-09,3.70368331158002e-05
C009010,1.7988935801930734e-06,0.002049513015419146
C003049,0.995985406559832,0.9628583314570601
C004977,0.9999520644976139,0.9969570082297513
C004679,0.012939981353008164,0.04608328382793286
C008333,7.718262627547286e-06,0.0017082299392601175
C010363,1.6305926492691084e-58,1.6289910682050607e-18
C009871,0.00026610738734093175,0.0018114065912097834
C008165,1.286246897952888e-09,5.243223337811567e-05
C009734,0.9999999999999999,0.99999995554125
C011268,0.9999999999999999,1.0
C008978,0.9999999999999999,1.0
C012050,0.9999999999999756,0.9999903822859043
C006182,0.9998873782688126,0.9907543479132839
C007097,2.355741209808448e-06,0.0021243984428738817
C009653,2.5899274483797275e-61,7.375120547406312e-21
C008283,3.014995070967986e-16,1.418798664340794e-06
C010766,4.1143055976394757e-13,6.41198875863727e-05
C005386,2.608574578816518e-37,3.17453758658246e-13
C008798,0.8899317578929299,0.7269224241184439
C005824,8.516590439537982e-70,1.515585835734473e-21
C000407,0.999999999998888,0.9999996883039056
C004227,4.6408179827773154e-71,2.074894009459912e-21
C008550,2.8655498608380688e-143,1.3021367576641848e-39
C000440,0.0032321469226520563,0.06037095029588013
C002511,1.3288442800242152e-08,0.0006072466475618065
C008608,1.4003419067250185e-26,2.3002408458784588e-10
C000880,1.639672588667584e-12,0.0001132669273061808
C004538,9.582865126966548e-15,1.690212311579869e-06
C007934,2.5261646568377915e-09,3.661421221320551e-05
C008854,3.273709978641292e-68,7.967215662615663e-19
C007406,7.278742358020864e-23,4.1451484401381317e-10
C005939,3.0340993039332206e-30,4.2547145047434786e-11
C003258,0.9999999999999999,0.9999979765266412
C000607,2.628576393413419e-29,9.521575545071104e-11
C011753,9.358195159886364e-38,1.3986405881364773e-14
C013754,0.9999999999999999,1.0
C000623,3.7610358202090906e-162,1.2711892766737561e-37
C000118,0.9999999999999999,0.9999999999992829
C010923,0.015009330468613698,0.04841951977781159
C010234,4.4671520590264195e-71,4.033695179686008e-20
C002419,5.084241346611794e-59,3.5499377768556894e-21
C013436,2.7782193528957758e-05,0.0015856566847482487
C003248,0.9999999999999999,0.9999999999999994
C013044,0.0007250373427306482,0.020280327185382172
C005746,0.2997180443818657,0.24848967219604096
C006861,0.9999999999999999,0.9999999999996022
C005561,0.8021670599757399,0.6091546261027723
C007645,0.001643930289212436,0.03989134548496726
C006375,0.03250471434754554,0.1929637314693846
C000210,7.771762793137236e-57,4.98942437491915e-18
C002553,0.9999999999999999,0.9999999979189409
C008951,0.9999999999999999,0.9999999977003532
C004435,2.1122465463973988e-88,1.1237865078227e-25
C008288,2.166190207875831e-09,5.581188054881634e-06
C003094,0.9999999999999989,0.9999993844098582
C001723,9.542499865144297e-57,1.4001986742282057e-18
C013352,5.479217046149131e-71,1.0364276886118731e-22
C012312,6.377905328026587e-14,1.346821362156452e-06
C000430,0.5404447339689646,0.6051902448104498
C001177,1.1187867801609924e-12,7.643633925702129e-07
C010139,8.316720303095553e-99,3.5745707246484446e-28
C011321,1.677139655773622e-05,0.008972488905217606
C000597,0.1566752016772623,0.1124571942705939
C003147,0.782845111726197,0.7946482847350279
C004693,5.164824590246561e-36,1.6568785062115406e-11
C010096,0.8958859098036801,0.8228819891459036
C001328,2.2395945477643464e-18,1.9081845793387495e-06
C013236,0.9843032898070535,0.9467387784114815
C004968,8.43873732418605e-83,2.417929601962393e-21
C004173,4.867195763837908e-41,1.5920846652933182e-13
C004269,0.9999999999999999,0.9999999999783705
C000453,0.9999999999999999,1.0
C010224,0.9927689857959983,0.9817949860117178
C000698,4.9118457563277075e-42,1.0450920350605712e-12
C007886,9.200344287609423e-05,0.004417903777689039
C002566,0.9999999871883506,0.9994529616765918
C008478,0.04684975937076154,0.09118460758800799
C012605,0.05092024963318458,0.08326525306789127
C007472,0.9995120292001307,0.9907977996060785
C008987,0.9999999999999999,0.9999969178387565
C001423,9.816510661425876e-20,9.079162660890252e-10
C010240,1.2386880299233533e-15,1.3708307136590103e-07
C010929,0.9997460249491624,0.9922315077206805
C005122,2.908346443573746e-14,1.2931365062865286e-07
C005658,0.011421501052254673,0.021531705415952933
C005591,0.21785906551952264,0.3853060631812421
C008209,2.6650450855170788e-20,9.162026590221091e-08
C003293,0.9999999999999999,0.9999999999999969
C012135,0.9999999999999999,0.9999999936965668
C012194,1.2343664321689581e-09,5.1237560911691176e-05
C007282,6.070845597874047e-07,0.0002125281922006352
C003799,4.90585078375684e-11,1.3643609771906553e-06
C002084,4.92157333366001e-37,2.886385534742896e-14
C002177,0.999999999999981,0.9999977834305795
C007534,0.9999999973852146,0.9999905961321562
C003054,0.03210424592265222,0.09080558066519072
C008466,0.9830718967604893,0.9400203365061087
C001180,0.0433630656691616,0.10285777843930183
C011955,0.9999999999999999,0.9999999999998376
C011654,0.9734325361630782,0.7939096858858906
C010361,0.9987547320426617,0.9647550403557887
C007577,0.9999999999999999,0.9999999997715974
C007323,1.0809146396602863e-15,8.96352680712996e-07
C005232,0.8871224516609446,0.7769742313014256
C007342,0.6353231246069704,0.5404108357425876
C003992,0.9999977580163004,0.9995670355467968
C000332,0.9999999999975338,0.9999565340446294
C012603,0.9999999971512481,0.9991341057855558
C001240,0.9999999378025015,0.999568455727043
C010568,3.1010351021907905e-38,1.499073186823591e-11
C000215,0.11272958747166949,0.36378131722409923
C004307,0.9968224672233851,0.9226945941265174
C000525,1.142560347080098e-13,2.16212302675886e-06
C013973,0.5815324516125101,0.48175393829779334
C000712,2.596956746234849e-05,0.0008112492500300932
C001792,0.27096714393967053,0.36835656135172595
C001291,0.9999998806838906,0.9998381135345302
C012607,0.9999999998703355,0.9999267376046863
C000224,0.7077696989199687,0.6607480724113094
C001189,0.02044593529093541,0.16923835935122175
C004106,0.999999999963876,0.9999863394607382
C006605,2.8643006064857033e-59,7.677932872143688e-20
C003025,0.9995621562306561,0.991684750491739
C004854,1.2221692412235718e-05,0.004371378660208973
C006858,0.999999821689412,0.9994338852705511
C004936,0.004035785447253016,0.032669662956474874
C013397,0.006322247206203127,0.034212491627691896
C009726,0.9999999999999999,0.999999999999901
C002261,5.078508694204471e-60,6.585368075467975e-20
C003264,0.9999999999999999,1.0
C003573,8.162122217782993e-27,5.971186799862216e-11
C001009,0.08754262093382151,0.18244638122638934
C011304,3.5225722873175096e-15,1.3646728232685457e-06
C007326,0.9999999999999999,0.9999999875296195
C001935,0.9999999999999999,0.999999999613312
C005271,0.35570482964306976,0.710287077687002
C012746,4.10097536010203e-06,0.0006765682379306069
C006917,4.814127467229983e-26,9.593739717861215e-11
C011326,0.19421206977238062,0.2601931170141731
C005756,0.9999999999869279,0.9999951070815727
C010960,6.343134327863162e-18,9.460650107632442e-10
C013179,0.9577009639775673,0.9362477772039772
C010274,1.7975845989922366e-20,1.3315867204801681e-08
C003940,0.6302467912728934,0.545355640272113
C006880,4.376246017756037e-42,1.6969196292109989e-13
C001091,1.5110348917324147e-10,3.88009802370546e-06
C013934,0.9999999999999999,0.999999999999997
C000319,1.3992810016400684e-08,5.006482276312941e-05
C013208,0.9999999999999999,1.0
C006380,2.9077335976258888e-64,5.811810418947567e-21
C000510,0.5023410850765806,0.6038759392239815
C012275,0.9999457902630032,0.987753287643185
C004312,0.9999999999999999,0.9999999999992915
C001638,0.9953353859654408,0.9132224366692022
C000213,9.025637653992711e-12,6.96464821522847e-05
C013256,1.3856031810459046e-40,4.4684118802975205e-15
C013792,0.989615403817544,0.9101319676702941
C002193,3.696187340844829e-74,1.5578110160197144e-19
C007058,2.2833839042110977e-13,2.087691866177662e-05
C004680,0.9999999999999999,0.9999995956377641
C000288,0.10241174380458123,0.08410289917465011
C005199,1.8081548574886254e-19,6.9163993777409465e-09
C012977,1.1647468165515976e-07,0.0006494073006187022
C009554,3.044760550621643e-45,1.3163948905597526e-16
C006395,0.9999396038340678,0.9832258189906609
C000914,0.9999999999997484,0.9999998952880148
C003980,2.509134023823252e-32,1.7318632747272527e-12
C010988,5.531426284727312e-18,8.806510423090263e-08
C004575,1.0318360132384528e-16,9.444693278043544e-07
C006877,2.2835002657795235e-22,3.7199417202948933e-09
C011674,2.5427084885980712e-17,9.183231452525446e-09
C001199,0.9263641604940955,0.8272308041572927
C002201,0.9063277669367014,0.6379721974933098
C000944,0.003959895236312091,0.05830160564587584
C007487,0.9999999999999999,0.9999999993305734
C013953,2.2211947304136864e-35,5.16293944674596e-12
C001847,7.499851423709e-30,3.1819825038330946e-10
C005260,3.51614601649636e-36,2.4628702198197593e-11
C008928,0.9998783551244476,0.9797093532902955
C002410,0.999999999416088,0.9998975562757566
C006833,0.9999999999999999,0.9999993220075409
C011084,0.4857122310168857,0.42087671462417325
C003037,0.9999999423264297,0.9997381744991302
C010484,0.9999999999999999,0.9999999999954927
C008741,0.9999999999999999,1.0
C009172,0.9999999789479044,0.9994645766837956
C013229,0.9999999999999999,0.9999999999205315
C004689,0.9999994938833574,0.99813474191285
C004882,3.1450318041603954e-24,9.438115826589724e-10
C003051,4.0225087897802563e-54,1.3107763147312714e-15
C004664,1.5613521319152e-23,4.0359656512589984e-08
C000031,2.2155470226218893e-40,1.465300934121858e-14
C013180,0.9999999999999999,1.0
C010781,1.0728560613349552e-14,8.498088815975972e-07
C013541,0.9999999999999999,0.9999999999937063
C004284,0.9999544443080087,0.992759250224261
C012218,5.535960752209889e-08,0.0002726537718854782
C008191,6.102995867624686e-08,0.00014429601143970444
C002556,0.9894387227459923,0.9698285721501647
C005887,1.142599049365317e-35,3.5505337407764045e-11
C001147,0.9998477230478513,0.9784181561641255
C005499,0.9999999877560736,0.9999797447142109
C013780,0.9999999999999999,0.9999999999998456
C002023,5.917468970405045e-11,1.9113157855606443e-05
C013800,1.864949463519032e-98,1.9547258590007147e-26
C006334,1.1213770127847347e-05,0.014120623749003138
C006304,0.000697514647925742,0.010528241342846459
C008973,0.12021179155744784,0.16654148394881244
C010132,2.989304930455405e-22,8.380224780461999e-10
C006528,3.706645104806899e-40,2.4937853274716583e-14
C005616,0.9962121396627089,0.9408942807151668
C008908,0.006847364430497105,0.05344492063278064
C001667,2.5004592709612307e-87,1.2750198952908269e-25
C006935,0.9999765265234786,0.9963064631203813
C002886,0.999672227577431,0.9984610722604222
C008039,6.996349730702216e-28,4.12770094750979e-11
C010154,0.22620831558772178,0.1598707475407928
C002001,0.9554051473297173,0.8810350354735905
C006300,0.9999999999941044,0.9999800301988627
C007830,4.2680563716657845e-37,3.7563469565442686e-14
C001870,0.9937638644293882,0.9478193618997066
C007136,4.4681332321480555e-12,2.2861344342372736e-06
C011344,5.406637036169743e-121,4.7427633876178606e-33
C006991,0.8888501253106912,0.6027725994650328
C013501,2.236742865361491e-12,2.3155719284319983e-05
C009163,9.346226429176452e-14,6.407140055852924e-07
C004615,2.347029162123368e-41,1.9124000579619652e-13
C003696,0.3802815899035249,0.5072614565070505
C011595,1.9537066317140232e-09,0.0002013009578296824
C002273,8.845975394017031e-37,2.722314349351819e-13
C013177,1.4795547700796788e-46,7.808334236619795e-15
C008150,2.550916137345335e-08,0.0004747300485487687
C005167,0.0041912726137103545,0.024861212422973088
C001857,0.9999601618250341,0.9831713917557133
C003191,8.511662160164414e-64,1.635274808868555e-20
C006727,2.024102792875933e-143,1.795246008642934e-36
C012287,0.9999999999999999,0.9999999559806658
C006753,8.124560237300723e-05,0.001252229088186184
C012768,0.9591376931270698,0.9527083589469462
C006029,0.6481019729543916,0.5296379857098356
C009992,0.9393564390775914,0.6871912363069386
C012205,1.075644638529138e-31,7.794328942941078e-10
C005154,5.427665809036765e-86,1.5732886382982987e-25
C005831,4.219309369660064e-45,9.554175161189742e-17
C011067,0.9999999999999999,1.0
C009916,8.113947267005482e-34,2.8415586096216258e-11
C003783,0.9999997889120344,0.9978352432863947
C001988,0.9999999999999999,1.0
C012724,1.0519651886327795e-78,2.735053152263159e-21
C000417,0.9999999999999999,0.9999986370657513
C007875,1.1873051266918406e-05,0.002584543370971491
C006088,5.586945875411518e-39,6.977636811763913e-13
C013594,0.9999999999981175,0.9999741957549759
C008614,0.998140096548733,0.997904963934426
C001117,3.6750282894118023e-14,3.8043509888961614e-07
C000603,0.9946340222240455,0.9332707149167341
C005610,2.2201662807640635e-25,6.1237237747664555e-09
C005166,5.592098604184724e-43,1.0916997997917086e-15
C011166,2.7849565083586306e-17,2.1595832335354928e-08
C012292,3.4182664232862085e-25,6.920194644433252e-11
C006083,0.0539085071599376,0.3475769351366613
C010150,1.479125158233059e-27,4.293915191450892e-09
C011630,0.014257455267780344,0.03728108625830137
C013060,0.9999999999999999,1.0
C011403,0.9888458039421053,0.8515318031869132
C012781,0.25721615508711626,0.23991403259332883
C005309,0.0005277347007800607,0.010059966876293373
C000254,0.000877104201291027,0.027491922665061237
C002052,0.9385586091100516,0.7502252745241158
C004155,0.002039365705945423,0.03298999637147524
C004078,2.5961791576384553e-11,2.3827234682009273e-06
C009238,2.9807014439680506e-06,0.0014503276022172678
C002918,2.003794492736691e-06,0.003438905450125154
C012344,0.9999979192671385,0.9985405837407757
C011725,0.9999999999999999,1.0
C006236,0.9999999999999999,1.0
C001676,1.1743902627329452e-09,7.068800323474083e-05
C002356,0.004850804389246075,0.010765383458283078
C010940,1.5283491314375685e-13,9.137307081351113e-07
C003103,0.9999999999999999,0.9999999934682041
C008032,5.628429960328801e-06,0.002498212561871193
C012968,0.000482140938703816,0.006457394883075021
C010577,0.9999999999999998,0.9999999666281001
C005872,0.9999999961303292,0.9999230045941144
C005983,5.185966829572118e-25,1.2433551896482563e-08
C001360,2.09930953178206e-59,3.1497690768547956e-17
C004257,0.11193593799648634,0.08482122844613571
C011107,3.982048494116545e-131,1.1714374401386951e-33
C012329,0.699507506697705,0.7576903935642537
C003776,0.0023204942437379792,0.03237238766150739
C007974,0.9999999999999999,0.9999999605049693
C002577,4.344932665247245e-66,1.0964255679299148e-20
C005891,1.2565504241971862e-68,7.850746112708997e-21
C013659,0.00014436805892227705,0.005569988852736004
C001794,4.778731048845782e-05,0.0007088160921994602
C006458,1.3198191123686467e-68,9.45541073991686e-21
C001840,4.0095883800999963e-60,5.786183111840949e-19
C012524,0.9566785267573085,0.8791093273114391
C003592,0.9999999999999999,0.9999999999999993
C006702,5.12826689170879e-105,6.737917708722615e-28
C004541,0.9972622408436753,0.9667249544918838
C008108,5.732502165413826e-07,0.000493077226880624
C009799,1.335600810709505e-13,9.561389531626775e-06
C000030,0.9999999999999999,1.0
C001149,2.4899784963365484e-11,1.2911369103200378e-05
C013449,1.901753841504778e-07,0.0009004786129413212
C008943,0.9999999997733714,0.9999704961998996
C008091,0.9999819605612572,0.9915088351776339
C012450,0.0016281333016710123,0.015486742628602857
C001095,0.5768783616946989,0.7618919826738546
C012326,1.663905289738135e-24,3.506734639925635e-10
C003518,0.005806328310959902,0.03515683983111591
C007701,0.00024162258851573719,0.0033427818147365646
C001833,0.9999958728940694,0.9990605562950823
C013421,1.8887508677841374e-19,8.531227876031478e-09
C005836,7.119897277961542e-50,7.193871916356889e-16
C001520,0.9999999999999994,0.9999995502743751
C004938,3.148900167157397e-110,5.489134609886988e-31
C004490,1.480899510261255e-14,6.14342308980179e-07
C000686,0.9999999961844129,0.9999375275330427
C011717,7.63622515542539e-23,9.712265367717823e-10
C006303,6.286739828321547e-07,0.0027591205075381342
C008345,8.688827680583341e-05,0.0053649600702072205
C001283,0.06617213927881854,0.09146536883110064
C004425,7.028752783483288e-49,2.7265043056932828e-17
C009143,0.9999999999999999,0.9999999999999546
C006906,0.002933502012920705,0.015721166162573574
C011091,0.3117770919889355,0.47104540314667165
C005986,0.9999153345267824,0.9951993268697792
C002781,0.7545933354441545,0.8601684567244523
C010956,0.9557691314707593,0.8414539264373543
C012163,0.29173333431143567,0.5925815198295898
C003777,0.007373941019362392,0.09913018486263421
C006155,0.0015792001437102072,0.008339469944513254
C008624,0.9999999999999999,0.9999999999787952
C000084,0.9979106811249174,0.9436643628851117
C006305,2.278620787539559e-07,0.0005786879068069292
C003396,5.824122600221256e-11,0.00021695649810138512
C007437,0.9999999999999998,0.9999994535774526
C002161,0.0001487705977508566,0.005115444838225221
C009410,5.747718863143094e-86,6.195117400203766e-22
C004733,0.9999948896649842,0.9961017630570852
C010001,6.560389279875033e-30,4.480838311372834e-11
C011773,3.9581742738413816e-194,2.225447480304606e-50
C011479,0.9999999999999999,0.999999999999969
C011991,0.9999999999999999,1.0
C013514,0.0003890616325422511,0.01492434048126745
C011376,1.2742415808270322e-38,1.1905734787255603e-12
C005626,2.265161406358347e-26,8.327094874466555e-11
C007147,0.9999999999999999,0.999999999993421
C002813,0.9999999999999999,0.9999999690862992
C011580,0.9998055304433018,0.9782827595637669
C008703,2.9019422585669556e-64,5.626001149153536e-18
C001116,8.000968895987668e-08,5.7442462953888614e-05
C009615,4.3775661719012944e-54,1.7491513566898496e-18
C012527,9.019184081475004e-19,9.750224386454562e-09
C008203,0.9999999994311732,0.9999614846571342
C012695,1.3355396852505245e-12,1.6661518444265383e-06
C011990,0.9999999711116339,0.9999135096103735
C011636,4.1236410607599384e-05,0.009771186888545617
C008701,8.607023188853922e-08,0.0013256186491073792
C005315,1.1483324226037083e-21,4.876553048229841e-08
C007237,0.011374533622367016,0.04121797521252534
C007160,3.145747590359834e-12,4.581506945731096e-05
C010891,1.4476940597992353e-74,5.634126008072508e-23
C012994,1.47027305090053e-10,8.36185523304095e-05
C009286,0.014808422350195881,0.1357451384763564
C009903,0.9999999999999999,0.9999999999999999
C001969,0.7447881174904706,0.6043269485459914
C010538,2.264042738604523e-14,2.39124869583106e-07
C000968,3.8869286963396436e-14,5.975241553801368e-07
C008995,0.020185228742601546,0.2101285484967451
C005254,4.541106490725363e-57,5.861197148514307e-19
C002699,0.9999999999999999,0.9999999999999974
C003838,8.152468446422814e-08,0.00039984645354855855
C009948,1.2001368227038855e-72,4.082801628418582e-21
C004321,6.872126945852209e-30,1.1857711400943836e-10
C011612,0.9999999999999777,0.9999989922093333
C008431,0.9999999999999925,0.9999968766493693
C007080,0.6562887195690564,0.6370299005201321
C013418,0.070943982569447,0.1303187886434927
C009320,2.997661116949354e-06,0.005869161974106254
C012879,0.9997641244813154,0.9733184368466739
C006955,0.9999999969172099,0.9989150759047102
C001367,8.054461530659646e-122,3.092647392198449e-32
C005263,2.6124106859174412e-11,9.80701979886319e-06
C006732,0.9999999999999999,0.999999999999094
C001937,0.1624779712561451,0.12389920862671734
C009991,0.0003854649653627812,0.002210106524257168
C010555,1.3396738679001775e-61,2.3825745570939e-20
C008397,0.9999999999999999,0.9999999999999999
C013149,1.8674367956111365e-25,2.3635746712784583e-11
C004788,0.9999999999999999,0.9999999894388651
C013056,0.2655762232903548,0.33745097272362645
C007289,0.9556425251232845,0.8740312056389252
C006321,3.435593633911205e-16,4.509914047336455e-06
C006522,0.008638343050574874,0.03617852710239505
C002796,8.739119875984924e-18,2.074476409631968e-07
C013632,0.9984741918091984,0.9752570362092005
C000991,2.329455896938007e-37,4.7697875856819716e-12
C011678,0.9569460914452936,0.7975780727802905
C007064,5.466619580161773e-38,1.815059502210131e-14
C010417,3.508159183997989e-95,5.0955398446480874e-24
C000915,0.9999999700373889,0.9995257487999781
C002824,1.2534605236184085e-14,2.7627744585988893e-07
C005427,0.9999130011754199,0.9978876870529984
C013129,3.8402291938611206e-15,7.814382643348879e-07
C002877,4.770838771240078e-11,8.917416357664113e-06
C009443,0.9999961301560023,0.9942782108750564
C001165,3.2770840975743306e-09,0.00012010635697853829
C003086,0.9999999999999999,1.0
C003779,0.4519467704115709,0.6377180311416789
C000636,4.3283336884606216e-66,4.169930860165785e-21
C005542,0.8679456056733,0.5536383554272917
C008606,0.024594855880635196,0.059575671775401594
C009668,0.9999999999999999,0.9999998202363236
C000632,1.2181495323550135e-60,5.998928575696233e-18
C001820,0.9999593027869207,0.9978219981847125
C000258,0.8638634292135275,0.8754578387110146
C011797,8.514148072417538e-15,2.9560723706255886e-07
C012040,0.0015068466795257853,0.035609088802512456
C013717,0.9999999999999999,0.9999999451777708
C005813,6.002127467507034e-06,0.00207403453156793
C005501,7.063106258403157e-13,3.775316272889255e-06
C003563,4.171196060984552e-23,3.15957457491303e-09
C001896,0.9999999999999999,0.9999999469949508
C004179,0.9999999999039524,0.9998947633546112
C012585,3.7972707632974527e-48,2.584363528068163e-16
C007656,1.250149915063884e-14,1.6182322320126982e-07
C007543,0.9999999999999999,0.9999999998930852
C002637,0.9998578880178692,0.9970560247475784
C010774,0.999990339694708,0.9967605391585108
C001320,0.999966565526994,0.9847132655393032
C009866,1.2604567168293464e-23,4.0153810408812045e-09
C002316,0.9999999999999999,1.0
C010090,1.9735304819930485e-20,2.013966800741636e-09
C011877,0.9999999999999999,0.9999999777316144
C002632,0.999935368714706,0.9884624645904467
C004804,0.9680873616303678,0.8989361605967325
C007625,0.0016968113838279578,0.029507479355324627
C013309,2.935155008004756e-17,2.4281231817826388e-06
C005453,0.9999322226198801,0.9965840658143406
C010264,6.092459104951924e-07,0.0001338049904880184
C002965,0.5262077054339308,0.4384766846568517
C002299,3.5441710359081876e-18,3.9537827954321455e-07
C012233,1.4440424324924694e-18,2.4364065615092015e-06
C002105,0.8279890621838693,0.6316284170583265
C011426,1.595997252394009e-58,2.547015047607235e-17
C007171,0.9999999999999999,0.99999999659077
C005661,0.2940212849340015,0.5653884753682157
C008855,0.00030059726908973194,0.02152561108016664
C007971,2.47197865755329e-54,3.7409438543209306e-17
C009288,0.9999999999999999,0.9999999999919438
C006690,0.8639523331894754,0.5973401844604215
C006848,2.751227782475492e-72,2.4005966331834986e-23
C011893,4.5533139040516045e-05,0.021243551801984402
C009692,0.40948553394636383,0.43295230185934064
C000419,0.9964849786712162,0.8967718648686807
C008216,2.0916487952830905e-29,1.714150141004367e-12
C006412,0.9999999999999999,0.9999999999999506
C012289,1.2012053142677972e-40,2.7477123957414537e-14
C006481,0.9768522780926845,0.8549452940562796
C003810,4.332277493716507e-12,4.070998087137129e-06
C012986,0.9999999999999999,1.0
C003836,0.1822893498718833,0.20901874636443427
C000822,3.50333633370118e-28,3.288506828844052e-12
C007818,3.634771018245357e-22,1.0147982722835435e-08
C001033,0.29509329229005427,0.5215498330214698
C011731,0.9816157115941777,0.9375941555451289
C011560,0.9999999999999999,0.9999999999993603
C011785,8.086846459835728e-29,1.472503846238003e-10
C002768,0.5507594702265436,0.41494006641893655
C002687,0.9999999999999999,0.9999993451751007
C005349,0.9999999999999999,0.9999999997957337
C012013,0.9999999999999987,0.999999914241296
C000681,0.9999999986289109,0.999991722436378
C002435,0.8851675864579548,0.8378708766139927
C006885,0.7437210204401687,0.5200330857886922
C007537,0.9996907807461113,0.9821491786662518
C013657,0.9999999999999999,0.9999999999999942
C003747,3.524934318110543e-25,6.402262234841638e-09
C007966,1.273359621910689e-10,4.28286376912426e-05
C009128,0.7736353517425908,0.5224521353189215
C007838,5.558759591441976e-64,4.932890619213729e-20
C005568,0.9996015934777589,0.9877746418933055
C005761,0.9999986319172843,0.9991134171775705
C013524,2.2649172887075825e-10,9.400368280559919e-05
C005857,0.0791253239018629,0.1092751435546683
C005919,0.0009066078297808847,0.006017381226207322
C002385,3.060728568322526e-89,3.660628384479771e-26
C000265,1.432476022461474e-10,1.1691524314307391e-05
C009530,8.778254828511347e-30,7.202298094594982e-11
C002985,0.23132566369553273,0.21982335787021445
C001705,5.590880897666639e-08,0.00018271630639797218
C012682,0.9999999999996956,0.9999992602448207
C005494,2.980385215524653e-08,0.0002780207725477461
C005374,2.5434434066569454e-39,3.0720454650502463e-13
C005908,1.3423681605210173e-35,8.45554192054473e-14
C003297,9.0030244781943e-28,6.225885160006471e-11
C007302,2.1568218428223453e-43,1.4491187128365096e-13
C011815,2.1342166188700148e-42,1.7282541100668332e-15
C012897,0.34458466024273765,0.41877643600196046
C005864,0.9999999999999992,0.9999998316116784
C012916,0.9999969747869918,0.9986632464581667
C002770,0.9999607889875586,0.9982508527506928
C006627,7.520752166483616e-07,0.0009341791038721984
C000083,1.8758944916883818e-18,9.44618285143176e-10
C001297,1.5705462673001565e-13,1.5585909325268282e-05
C011749,0.15910123316775043,0.25111688361637835
C012094,7.685624366833238e-14,4.198850334867712e-07
C011423,6.472126643748407e-33,7.241576314890207e-12
C005931,0.8405311846847241,0.5352404164992114
C005578,0.9999999999999999,0.9999999999966922
C012071,3.12965799861854e-21,1.928691508759756e-08
C007089,4.2916697206743236e-150,2.6756262026572515e-39
C011179,0.9977127329098562,0.9960614123286311
C000251,4.265182221992516e-09,0.00016069944790151624
C011613,0.9278594461535065,0.6150043301744363
C008363,1.399568756168059e-22,9.145217764653211e-10
C006312,0.9999999999999999,0.9999999386270885
C001558,6.290902160932235e-13,7.762943137466726e-06
C003947,0.9871736468558822,0.954583561547055
C001831,2.3161637096914538e-05,0.00652340225664051
C001513,3.3922434785989577e-53,1.1155155709489742e-16
C011791,0.00040113787415952523,0.021819768433017795
C008419,5.637332095327578e-05,0.002400564750522499
C005969,0.16778006249867702,0.2996003327008764
C001511,6.947993386043084e-56,2.79258432478674e-17
C000506,0.03877330165621176,0.20783289492930784
C003179,1.920058006923547e-09,0.00011127007639618236
C007607,0.9999999999999999,0.9999999929984468
C005624,0.9999961338000214,0.9957465193583059
C006676,2.2125283386366776e-87,1.5316587970854308e-26
C002333,0.00893613588753452,0.07483541643352581
C011929,8.517958336353976e-57,5.302187477132594e-18
C013086,0.9999308988956332,0.9984643111293967
C000219,0.01898134098418232,0.04312011695719559
C011658,1.2915904547649647e-05,0.001597973407700164
C008373,0.00586662132919238,0.023297385514046576
C010372,0.12538853489437163,0.18625923405231443
C010030,1.8092294878835796e-06,0.0013776877200058124
C001083,3.9985036867078945e-13,3.1537488797313447e-06
C000742,0.11054241974885745,0.18333304640189127
C002790,0.01036584824803154,0.019925672349522295
C011992,0.9999991726291491,0.9974452844666986
C008024,5.9682692624893205e-12,6.2799869478035465e-06
C001099,0.00028012386482875404,0.00762414445883309
C005481,0.0004942744613562366,0.004431951883375829
C007132,0.9999999999999999,0.9999999927006304
C002016,0.9999999999999999,0.9999999998123941
C005071,3.707006260891396e-35,1.6642725355797e-11
C002326,5.2929715732225346e-05,0.010864759218375188
C000269,0.9993103774952364,0.9566813142098014
C007135,0.9999999999999999,0.999999998210658
C012796,0.9999999988706515,0.9998340134398053
C005323,3.376362824245596e-16,3.7935709835768496e-06
C000032,3.485834454618765e-47,1.3808297546918848e-16
C012345,6.746376573774896e-16,4.169922510189409e-06
C005716,0.00677065237189936,0.08824366094041057
C002378,0.9952043241608096,0.8884170512237813
C012649,3.5339346928463146e-175,9.15854348520737e-46
C013844,4.2353322097138167e-10,1.5813143449354303e-05
C013857,9.376884247146736e-06,0.00158442322739539
C003194,4.9809530323601155e-149,1.8384942108761973e-39
C001448,1.99696882839043e-24,2.905397505270356e-10
C013032,0.0024093870943131205,0.03154780816738479
C002312,0.9993321536320252,0.9656301992124758
C005647,0.9661985805775856,0.7963911430124162
C004456,0.014435588449174672,0.11036972454654999
C013663,1.7967251096668456e-25,5.123775640765795e-09
C003407,3.125323991153403e-08,0.0001972649312313488
C008199,0.28369972359051737,0.5751242759216014
C009381,1.8027527686669496e-39,1.5359901380327058e-12
C001176,9.11924321407043e-07,0.00016766056488587595
C002003,5.654391179949872e-46,2.8351124627774534e-13
C007804,2.719757849734976e-35,5.221574044005586e-12
C002311,4.164938576746117e-18,2.691080458765519e-08
C012535,3.844087808599904e-53,8.417272040253305e-16
C010705,0.9999999999999999,0.9999999997602502
C007384,0.9997082218004385,0.9952042017598032
C011348,9.662674276256374e-08,0.0007985023971700572
C005911,0.9861807042332617,0.9478123035291044
C001761,0.036044899797483654,0.11590411642807111
C012471,1.7865894314883604e-19,1.958238710559656e-07
C007410,0.9999987854971163,0.9937075608370569
C007696,2.3245087525778623e-171,1.9773905848860465e-41
C007349,0.6702570899753048,0.5978569148972328
C011935,2.3719607100144037e-14,2.2011883771011196e-07
C008509,0.9721459269710362,0.8620142334886224
C006723,0.9978592759706072,0.9516241065946273
C006637,0.9999999999999997,0.9999988511191892
C007745,5.872220329581304e-08,0.0010894430333094186
C012645,0.05806923567308641,0.3079871001008166
C008034,0.030805618289425532,0.21916953702561026
C004985,4.834559254742165e-44,1.2040470389682093e-14
C004919,0.9999999999999999,0.9999999533810873
C008891,3.7555436717433697e-06,0.0006240558100586346
C006193,2.0625305497167298e-19,1.9392952268974335e-08
C004175,5.965314533065351e-06,0.0002901904578142156
C000220,7.17425265244319e-42,1.6632019465895339e-12
C001470,1.7430917680171628e-89,2.352181858952381e-27
C012507,1.4896375397217316e-70,1.706541349613935e-19
C010621,8.432561343592833e-20,4.483974163984915e-08
C003824,8.673322151490169e-47,7.696670998740563e-15
C013277,7.811509294151071e-10,8.334874277216318e-05
C012427,0.968054184860485,0.8490722550736662
C012617,5.468165968901725e-23,1.4322422755763862e-09
C005771,0.9964800616856887,0.944344512643419
C013769,0.7221881451304568,0.43085748062222773
C001960,0.9999987154312657,0.9989847637132522
C000176,1.561811339010187e-12,3.714377929538237e-08
C010502,6.555946595797437e-24,3.3589808412719485e-09
C002422,6.599946023585795e-103,4.229048031409971e-31
C004599,0.8630231373898838,0.6307662888152666
C005915,3.1496144411770347e-57,2.154910286558253e-16
C010447,0.38586930930441404,0.5113147117006626
C001788,0.0043411071530262855,0.025212226574388943
C007598,8.860491325974542e-28,6.960185712732806e-11
C004996,0.9998691332441607,0.9936196304936313
C005350,2.2296959389427693e-25,5.343692183725103e-10
C011583,5.264027768258171e-15,5.63997786721543e-06
C000458,0.9999999951753792,0.9994946096307482
C006109,0.09702945158555025,0.12338384613898971
C006653,0.9999999999999999,0.9999999012019717
C003060,0.9999999999999999,1.0
C004232,0.9999999999999999,1.0
C004543,3.2323545139585136e-18,2.910066697705551e-09
C000866,0.0024896408320816484,0.05852679890937543
C013468,0.9927357673815446,0.8876627658867191
C003282,0.9999999999999999,0.9999999912209058
C007127,1.607901207235496e-28,1.2727923444032394e-10
C010025,0.9999999999999999,0.9999999999430368
C008041,5.662608614542143e-12,5.463500118041686e-07
C009588,0.7763862828042025,0.549398211918973
C008615,0.9999999999999999,0.999999999998509
C012096,0.3910833532176942,0.457143022579626
C009235,0.01677334519586103,0.024176391295021915
C000590,7.061421917065124e-08,0.00016624069765880975
C008082,1.0286209061055462e-08,0.0001336126685027859
C002228,2.4643745832422095e-103,7.066062140123762e-30
C000940,1.2268712771703831e-58,8.382266523143266e-19
C001424,0.9999704333909002,0.9975030702379213
C002095,0.9999999999999999,1.0
C001269,3.4895357335476363e-106,2.7617198328294346e-27
C004239,1.7465448304349894e-30,4.5790546699193134e-10
C013733,0.9999999999999999,0.9999999999671654
C010999,0.9999999999999999,0.9999997677313619
C000271,0.9896893486570821,0.9325543345684836
C013273,5.380506868293709e-42,1.1347996803874182e-12
C009987,1.7714067563211876e-12,9.189071080183577e-06
C010314,0.4187232941054893,0.6538787624982905
C000253,5.881751252246285e-39,2.9373024721606963e-14
C009428,1.1522122885127838e-53,1.1182256932836352e-17
C012408,0.03500226070204655,0.06196665593972611
C009196,0.46520479102176976,0.30695268435495726
C001608,0.00044088103201367487,0.0329828148965318
C009456,0.9987015450696654,0.9706563483336392
C005906,1.6905795563601066e-08,0.0001174356964113932
C002368,0.0013622877442643964,0.01762788446811615
C011111,2.0716841150631063e-46,3.0225292012978537e-17
C000227,0.9999990334997746,0.9986350816968865
C013671,7.907557780785871e-11,3.1961891026821154e-05
C002338,0.9999957464712427,0.9951487068459071
C004328,7.751384641345482e-05,0.00629113232167443
C010629,8.073851498962367e-95,5.230960866144982e-29
C007664,4.392700137516741e-18,1.164303073537767e-07
C005938,0.9999999999999999,0.9999983153838876
C010441,0.9995852737118914,0.9777475876474261
C002234,1.6903821744750104e-51,1.772632761256662e-17
C003881,0.7353091319309185,0.5277342635775064
C003047,0.9999999999999999,0.9999999999531669
C013927,0.29925187694959066,0.5345660813526496
C008532,9.088293975749822e-10,2.336499695181876e-05
C006564,9.134472513777356e-46,2.9949581515054184e-13
C001089,4.8442261375741845e-37,5.535904781604119e-13
C003600,1.1186697184989536e-09,1.551816243053501e-05
C005433,3.9927096184144607e-209,5.97575784161107e-51
C003899,9.60761958277457e-46,1.9648756927979134e-15
C003170,0.9999999999999999,0.9999999999999891
C008330,7.517256554009762e-32,2.1544509639448422e-10
C008528,3.343163410209097e-49,2.744549392591703e-16
C013814,4.402236918830338e-11,0.000393805805653315
C012448,0.0001243426660402411,0.003620556228751045
C006270,0.0028668997404091177,0.015696133802665525
C006124,2.3570477917671817e-05,0.001321548199125029
C010582,0.9097390438443508,0.7492036123636688
C002518,0.9470272486558805,0.852007757249829
C003238,0.05866546805847982,0.2967937703103886
C001848,1.0783772705401446e-52,1.2921718844185986e-16
C002165,3.4156272798379046e-98,2.3115860816686396e-26
C011989,1.2060192749239496e-47,6.557484472170365e-17
C006176,1.1878129063784087e-114,4.92125826490674e-32
C011796,0.48290636722137525,0.34837982480583995
C004107,3.7592498894539465e-06,0.002398004147627611
C006247,0.5399598902288465,0.4327024316459154
C001736,0.9999999999999999,0.9999999999972345
C009210,0.13309375441997431,0.12470007542269401
C005642,2.7922476703874214e-39,2.546669504420775e-13
C011673,7.260300857424477e-09,1.3622648399774081e-05
C010692,0.9999999999999999,1.0
C012909,0.9999999999999999,1.0
C011418,1.7502630920522164e-23,5.083856445638672e-10
C000704,0.005286731606101844,0.09211406044974409
C013609,0.9999999999878465,0.9999918513978624
C011533,1.1735949340634171e-09,2.917263084292072e-05
C007869,8.202072318806325e-26,3.9797664886747566e-10
C004254,0.10131803164278406,0.13598238438024415
C008148,0.9999983622058156,0.9977038342693512
C010618,0.9007200830154889,0.721444344604715
C008355,3.399370442169323e-11,1.1479472090760174e-05
C002807,0.9999961281187705,0.9993185980225918
C002245,1.4059033711371768e-14,8.083460471591321e-08
C011380,5.3518716361897703e-05,0.008126807250922158
C012759,6.607213415290892e-29,6.217665367514251e-11
C004550,0.0031687744260690065,0.023744406535939153
C013315,1.633849683147109e-44,9.810966047917426e-16
C008842,6.568457709319192e-32,2.586213031676493e-10
C005397,0.4942840555664482,0.37901467233657954
C001277,0.7249945973359203,0.45862781888691456
C006943,0.9999999868034678,0.9999777151689972
C006529,0.9999999999999999,0.9999999968856617
C002172,0.12850809222030454,0.26601571019801035
C007228,9.958396697178543e-42,2.2609435837557067e-14
C005671,4.963886689395119e-20,5.434820150314205e-09
C007466,0.9818737121062218,0.8970325747074063
C012413,0.9999999999999999,0.9999999999735314
C012754,8.925463144053285e-22,7.42236707631301e-08
C001201,3.268255158765929e-13,9.05255250657528e-08
C010740,0.9999999999999999,0.9999999992283798
C012559,0.9999999999999999,1.0
C005783,5.117849623507038e-39,4.152884932495287e-15
C007568,0.9960403920840638,0.8993901981921983
C007471,0.44145817765946,0.5211024669570639
C009585,0.9999982784477165,0.9995571546282573
C007378,0.9998701564542715,0.9941289509502439
C009007,6.123544961441312e-06,0.0003569007955768977
C009949,3.4089169912129333e-19,1.539102220466096e-08
C010160,2.5647131511135867e-85,1.6984593894164058e-24
C002067,0.9999999999999999,0.999999997379856
C002107,0.9999999999918743,0.9999158476404909
C006658,0.9999999999999999,0.9999999999853042
C010803,0.9999999999999999,0.9999999983388276
C006460,0.6513856730922529,0.5611465187164428
C003660,0.029094904284556973,0.08506919518419565
C010347,0.4214939784278963,0.4017778044983761
C010695,0.016804325350833337,0.07325236419277911
C000842,0.01851089497938226,0.13151648933879373
C005738,2.469897564036936e-19,1.7666650503790674e-07
C010048,4.3694081298179464e-16,1.023401497377836e-05
C008542,0.9999999866382634,0.9993357056842019
C011605,0.9904250832916294,0.9124333863972952
C010419,0.9999896960500447,0.997850943629453
C006588,0.9999999999999999,0.9999999999999993
C010218,8.804540412861122e-147,2.427359366963034e-37
C003591,5.7007919831299946e-05,0.0058989200115822996
C010673,5.023153504736887e-07,0.0002307042471664665
C003245,3.272817425106814e-37,1.2064447609599545e-12
C013338,4.207563499799951e-35,1.966899758997421e-12
C013918,0.9999999999999999,1.0
C001580,0.004427936871808942,0.043611792384693156
C001403,0.36259389430919264,0.33176412191498816
C013324,0.9999896738443784,0.9938706275809139
C007053,0.02531698339609575,0.17035911418754598
C007950,0.9999999999999999,0.9999999999999578
C001261,4.3580174631171443e-10,1.2961179259775999e-05
C006722,1.50159490433166e-08,7.418721698458946e-05
C005672,2.9046718681699253e-09,3.119059230349361e-05
C004387,0.8671596635848815,0.6051585468187753
C009819,0.9588457383357679,0.7600007877723713
C001892,3.767529930525246e-24,6.2044324355125505e-09
C013537,3.294441468898658e-14,3.8584333556724786e-08
C012821,0.9983234428295715,0.9808969512749535
C004714,6.700243445487386e-17,3.6800432831483123e-07
C001121,8.618068943520473e-81,1.7651539289979116e-22
C005060,0.9999822753770105,0.9992660356998693
C011288,3.0590862093236604e-45,8.044069507449091e-17
C003775,0.9999999999999999,0.9999986663207532
C011816,2.102241759427754e-17,5.999550948842037e-08
C000261,8.252368630108231e-171,1.8381990705469504e-47
C001301,0.03569121749087383,0.2767412088360952
C011404,0.9999999999999999,0.9999999999999968
C007499,2.6369249521919262e-142,3.5016252249934095e-37
C004043,0.8092239801788434,0.6798418771380104
C004838,9.74465929732476e-44,9.288745873323406e-14
C007895,0.01600250204577618,0.12436765487830019
C001465,8.837917772028496e-33,2.2166151361277347e-11
C000676,0.9973848998190753,0.9936493814230646
C005101,1.9999250772988762e-15,2.7641021491964413e-06
C006373,2.7888207098825043e-12,3.7794256389815767e-06
C009416,0.9787410135793078,0.8409466907645684
C001142,0.9999999999158634,0.9999466594057663
C006733,7.28564030427985e-05,0.0024878620156684066
C002297,9.739364775196955e-10,0.0007711684474758708
C005759,1.246904416155363e-17,4.440333335590915e-07
C012429,0.00018300406552068164,0.005593122752995887
C003735,1.8736929619455296e-05,0.0038099594036415576
C006844,2.2072205095340763e-30,9.741778287889152e-11
C007541,0.16237649716260125,0.24007390750100407
C013827,8.85748598223998e-05,0.0028430178897234956
C003370,6.952621916761786e-103,2.2364981594857034e-27
C009689,4.814937887882965e-14,1.9989161384960552e-07
C003522,0.9999999999999999,0.9999999999999974
C000454,0.7169791838910321,0.4782582005609014
C008436,2.0785948784530953e-12,8.601345869098335e-05
C012550,0.9999999999999999,0.9999997501976984
C001141,0.9999999999999999,1.0
C006484,3.311451507974947e-25,8.650909135954547e-11
C011905,0.006487259189164949,0.06756792176885108
C009665,0.9999999999996979,0.9999730561694207
C003949,0.9120467681579222,0.7520496209170419
C006203,0.9999999999999999,0.9999999994365085
C005455,2.6794351651008613e-08,0.0004467610421706655
C007086,0.678735764146737,0.5863543495055193
C004301,0.4764465070610268,0.5142547767618246
C008222,6.1290259972483564e-27,7.220795644500607e-09
C004393,0.003064685965457847,0.02545338944685383
C000800,0.9999999778225237,0.9988024192391788
C004891,1.7385936749077943e-12,7.099582140414586e-06
C013372,6.4258219815922554e-09,1.8058587341408205e-05
C006772,0.9772183268139546,0.9074508445310736
C010693,0.6040496861666553,0.4911441767896578
C001023,0.9999999999999998,0.9999998729422467
C006665,0.9998826477104092,0.995607691751461
C001355,5.379689349435406e-145,5.7283904940906936e-37
C006671,0.9999999863702584,0.9994843183229127
C003010,1.42691225667156e-90,3.7331596074512086e-25
C007502,0.9451391594977939,0.8333829789874084
C006152,4.749080124904683e-13,4.344632686800051e-07
C001674,0.6676418918930426,0.6755513940164747
C001029,0.3756250024593001,0.535274454035914
C011007,0.0024593086253668103,0.020382507686206405
C007459,1.1939569815975837e-118,4.756044770360259e-33
C004539,0.5856083809628289,0.5870117348947665
C007451,0.9999999998956365,0.9999980949657401
C008318,0.9999952917811178,0.9965039127770697
C012455,0.9999992294142881,0.9997410627491918
C000297,0.9999999999999999,1.0
C010574,0.999684982938123,0.9772857235013132
C012130,2.2417828572766386e-20,5.630093999509027e-09
C001590,3.806153828939764e-24,5.44465649592362e-09
C000864,0.0033489118478993813,0.04500845350622189
C000937,0.9999999999999999,0.9999999966452577
C005450,0.9999966152456857,0.9986033133994018
C008056,7.08280182781901e-126,1.3565760137521334e-32
C012299,1.8844502137607776e-08,8.593766841340132e-05
C011718,1.0676740086492167e-42,3.04335261814203e-15
C005357,2.2300782986464208e-21,1.9884144502251085e-08
C009750,0.9999999999999999,1.0
C001687,0.0004686097371430189,0.006392415625138771
C001054,0.12276374643105498,0.12156503856275772
C005412,3.449292756197121e-17,1.5224940397839977e-06
C002847,0.9999999999999999,1.0
C003645,5.2310158022047895e-22,2.424336760514168e-08
C013683,0.9999868049170222,0.99827631470416
C005694,2.3931398446051385e-15,5.63910956363821e-06
C001303,0.9999999999999999,0.9999999999790159
C000090,0.9998518195510369,0.9985359576658825
C010161,2.0978503705742368e-48,5.746904639704672e-17
C007062,0.6206679751536573,0.7415505056874109
C011219,0.019009277664446385,0.04756505058333056
C010384,0.9999999999999936,0.9999998166429778
C008004,0.9999999999999999,0.9999998962752176
C004630,0.5668416477232159,0.6007568343385183
C002967,0.9999999999999999,0.9999999706406746
C005210,0.5237540841892669,0.7284415373513515
C011667,0.005283213480395104,0.03384530094823951
C012924,0.9999999999999999,1.0
C011413,5.209420524230931e-10,2.5644891430488904e-05
C001692,2.5164192860727797e-38,2.1858557653538941e-13
C012474,6.664453546535951e-17,1.9052054237438594e-07
C012542,0.011334425716736323,0.14420727729070176
C005533,1.1458186746313597e-39,9.355593886587768e-16
C006496,0.999999999999743,0.999977248396112
C013066,3.314335533194761e-07,0.0010004499818214508
C003519,0.9989353118007038,0.9757813277592245
C005052,0.9999999999999999,0.9999999999726535
C002599,0.9999999999999999,0.9999999941257488
C001011,7.429032781056892e-21,1.4528601085045765e-08
C002121,4.705871213197654e-07,0.0002744074883160319
C005961,0.9999999999998488,0.9999992530428088
C001077,8.644451753627533e-08,9.418988642472765e-05
C009696,1.5078789774690717e-38,2.351689563112571e-13
C007575,4.4937238261830424e-35,1.2787740669879705e-13
C005334,0.1657930308325219,0.19677850844351297
C001921,0.12852610196394837,0.3584558173476835
C011475,0.9999999999999999,1.0
C005797,2.331381701057863e-81,9.073493278404578e-23
C010301,1.5911280716107475e-89,1.991173633745645e-23
C006049,3.366454779137876e-36,8.261780124743245e-15
C004221,0.009261295921739089,0.03632503288147804
C008443,0.9999999280859683,0.9992623425518445
C008336,0.7765218443108552,0.6258179196989603
C012999,0.9997778838438716,0.9978361255452705
C010170,0.4508643355877648,0.48976905313345587
C013364,0.9999999999999895,0.9999974076987705
C002108,0.9998969187295348,0.9942049824960656
C000404,6.647114245839729e-32,1.6957488961387557e-12
C013873,1.3800886731904917e-10,2.541127766135193e-05
C002428,6.520140172513153e-147,7.746228651484377e-37
C008287,8.221732551238118e-38,2.1238763917645036e-13
C009096,0.9999999996387035,0.9999936800133549
C013576,0.029487304179204255,0.061397223180753344
C010997,0.945419777409334,0.7279964713100443
C004492,8.962790655411241e-08,0.00024887792767196707
C001605,5.474101792307667e-37,2.569195912444859e-13
C008257,8.95714415128862e-14,2.0196943545086513e-06
C011186,1.1500435591700592e-62,6.813388949152153e-22
C001568,0.9999999999999999,0.9999999999999984
C013789,0.0012284049900937065,0.015483156344048156
C008064,6.144839251013795e-16,3.2495125384070054e-08
C006557,4.108514748747943e-09,0.0008293969812510767
C001213,0.023266222521315744,0.16521210800366334
C002167,0.9999999999999999,1.0
C004701,1.933912117401792e-21,3.0279101607017164e-09
C012904,1.7599311957415944e-25,8.012283876541581e-10
C004168,0.00576903783977355,0.01779753341381228
C001581,0.9999999999999095,0.9999981679809137
C001237,0.9999649311738105,0.9990849865816624
C002060,5.684818767051834e-90,1.0844929218720658e-25
C008609,0.48930321303311747,0.6401567878108032
C013648,0.9999999999999999,1.0
C013638,0.8094635133133048,0.8152143577979163
C009670,0.9999999999999999,0.9999999999998307
C005866,0.9999999999999999,0.9999999999999628
C003394,0.7918485448353046,0.7005846503735339
C010720,0.0006472526097550785,0.018305000470979806
C002229,4.647243191196933e-61,2.0047103665623356e-18
C012811,1.9754246610337905e-23,2.0134817897676067e-11
C012070,0.2022607592203488,0.309338869001842
C008747,2.896385412160327e-16,9.15061902625246e-08
C010591,8.421510165916828e-17,9.331905396563549e-07
C010752,5.420947593061153e-63,3.1317293229993433e-19
C000788,7.99336185622875e-07,0.0001542110954714788
C000684,5.52891458708691e-88,6.729347859722421e-28
C009791,1.0280163814827807e-07,0.00029298665037355597
C005005,0.28860911812305956,0.34428376145629974
C009771,1.4789901725151432e-42,1.3592200826082e-14
C006554,1.0614653438054428e-56,1.707712650773745e-17
C000115,0.9999976623160135,0.9994468133496306
C004641,0.0030660060072543426,0.01251560993307565
C001293,1.5133605868061524e-08,0.00011154195729161282
C003387,0.9999999999999999,1.0
C000303,0.9998222086669006,0.9906755302546446
C009415,0.9999852218504256,0.9913234726424717
C012646,0.9934138056624447,0.9804959061139636
C002179,4.224718260619165e-07,0.0011060937542964906
C002837,1.0385597561304251e-10,2.65496718320407e-06
C000038,9.129865565308575e-30,3.451813272037409e-09
C006327,0.9999999999997323,0.9999943918379535
C006859,4.777624451160111e-25,1.3048647044460474e-10
C005336,0.9999999999999999,0.9999999999995871
C000766,0.0007254700232581937,0.0275717101016839
C006282,2.164586354873484e-18,1.3756515158594422e-08
C004316,0.9810987861548338,0.8341910047936343
C010134,0.9999999999999999,0.9999999999999968
C000580,4.814164723375295e-37,8.879526018286459e-13
C013894,0.9999999999999999,1.0
C000939,0.99807313331989,0.9376634383617906
C013726,1.1009653527868937e-31,7.213579998204557e-13
C005856,0.018854143211322852,0.16246660898432863
C008879,5.381444525373157e-300,6.108727217705883e-69
C006711,0.46891436639625483,0.3419026804114605
C003458,0.5964131622077824,0.37605320339719417
C007905,0.0017696701114010285,0.019706223401581156
C011115,0.9999999999999999,0.9999998213398906
C000426,0.9999999999999996,0.999999940927518
C005289,0.793242726968677,0.8069338724058607
C011666,4.5910114845190144e-89,4.130057570404349e-24
C013531,0.9999999999988805,0.9999981822024379
C011823,0.9329112826431664,0.933593305062133
C000846,1.9359605550803327e-08,4.056802069141699e-05
C003731,0.9999999999999999,0.9999999999995522
C010995,2.0997424725739043e-53,9.224931153096961e-17
C013702,0.42533084374881885,0.43764469919631854
C007447,0.9999999999999893,0.9999985152790765
C009959,0.016316554246782914,0.09945618436630324
C002926,3.071741464921115e-69,1.1744651056794728e-22
C001517,2.1078916601609026e-24,2.292725336860489e-08
C005020,0.013393801638703988,0.03588479434841964
C007219,0.5292156651830865,0.3369254641335548
C013452,0.999990428782825,0.9959563237829347
C006984,0.9999999999999843,0.9999993027929894
C012392,0.999999999995868,0.9999895599677163
C005410,0.9999999999999999,0.9999999999702407
C007911,0.920089400785124,0.8613998263065377
C006048,0.27921249443388413,0.25531867046616613
C004050,1.918259660661994e-11,2.1388393286928582e-06
C012926,0.0015105630212548106,0.008086467348877188
C012866,0.0024751583653559615,0.05599251313116648
C012324,0.9999999999999999,0.9999999826909678
C001219,1.0465207491976576e-24,4.175912617798032e-09
C008763,0.999999999935015,0.9999908324149318
C008224,0.9999999999999999,0.9999999996717602
C013956,2.256230695292052e-06,0.003983422667426537
C005301,0.9999999999999999,0.9999999999999981
C010987,1.9650995193875916e-39,2.0012807804511394e-12
C009728,4.370783738507612e-50,5.757374358866795e-16
C003428,0.9999999999999999,0.9999999999914895
C000022,4.3213508992236605e-19,2.68391622835046e-07
C007222,0.8587495167102549,0.6573466229843197
C009823,7.275673780292397e-105,1.2133348693780819e-28
C011787,7.773610564614066e-43,9.912959600418415e-16
C005888,7.441296903611223e-24,9.251013209841354e-09
C008428,3.25591985657142e-110,2.4532352018664255e-30
C004440,6.796001533906185e-79,3.453597043555125e-21
C003782,9.82350321140965e-58,8.621246563343099e-19
C004837,1.4672294351562548e-10,8.846866404731982e-05
C003280,0.9999999999999999,0.9999999999999971
C013211,0.0004279249211400846,0.031258312167358894
C005650,0.9999999999771708,0.9999723470519728
C000679,0.009858870603109839,0.05322008775044657
C006810,0.9966084042033306,0.9296846036155033
C008758,5.08142302592844e-06,0.0010660130627950658
C009240,0.9993138596350373,0.9696602895513392
C007639,5.858167660116139e-14,3.918338470202977e-07
C000481,7.68432197934611e-36,9.10061551664715e-12
C011633,0.9999999999999999,1.0
C000509,6.503248230863342e-72,1.8850479644715003e-24
C013575,0.006440350804283082,0.09059934146670291
C003454,0.9917381913906681,0.9307745455708778
C001999,0.9999999999999999,0.9999999999999997
C002281,0.9999856057039657,0.9936656137030946
C002898,2.441716436089585e-27,7.335633973644246e-11
C008993,0.9983207849568361,0.9500851195394704
C001766,0.9999999749650478,0.9998588596467993
C001287,2.663604111222394e-06,0.0010880147866757983
C008733,0.9999999999774931,0.9999608074836018
C010067,2.75784882086576e-17,1.7614039042453285e-08
C012533,1.0233221778916148e-08,2.1726506684381147e-05
C013561,0.8665728893716277,0.8207657364352827
C012534,0.9999969205853032,0.9966415621018822
C011098,0.0037277721215281455,0.08662637060715102
C009534,0.8110583820575124,0.7363447208949088
C002265,2.6429566789581975e-16,1.5095070950066174e-07
C011879,0.9999999999999999,0.9999999955835792
C012546,3.787976276841311e-11,3.112843677083929e-05
C008594,1.4675909099765408e-28,2.8875682021675373e-10
C011661,8.991457206579087e-12,3.9349026252441034e-07
C008925,0.9999999999999999,0.9999999631813732
C010653,0.2740705278951809,0.194664949556696
C004521,0.005932049823844537,0.05105486327046512
C012330,5.739621320537653e-07,0.002209816128223758
C007275,0.9999999999999999,0.999999999377267
C006719,0.01985826490018,0.15958494912682322
C002483,1.565851888833089e-08,0.00022705124082441836
C003615,3.1962722594474076e-164,3.483635387383548e-40
C010273,0.9999999999999999,0.9999999999978316
C008433,0.9999999999999999,0.9999999999970228
C002256,0.9999999999999999,0.9999999930562679
C010235,0.9996335021744004,0.979442340265371
C008783,1.0791435334211534e-08,5.536950062731153e-05
C012016,0.9999999906491289,0.9998078311187378
C012588,1.7218445382922592e-10,0.00016611071153242295
C004625,0.3026444496647522,0.2682844769759844
C003983,7.846922678552634e-07,0.003986011111582722
C010181,2.5343130201687154e-18,3.460176199908468e-08
C001241,1.278584500851811e-05,0.0016440243770505013
C013753,3.8891339826597015e-05,0.001930403521409335
C006096,2.888764197382221e-05,0.0043694024581885215
C009884,0.021568934899756243,0.10807085267497353
C005000,6.451528312939551e-05,0.0036948405978915445
C002541,0.9999999999999999,0.9999999999999999
C002304,0.9997978350129741,0.9944846297397053
C006119,3.563206056701967e-69,8.230844185279567e-24
C010926,3.678519231454275e-83,1.6877725828325344e-25
C000699,0.9999999999999947,0.9999992857455035
C006099,0.9999999539234279,0.9998951584089795
C011431,4.693200944103299e-65,6.3809519348661984e-21
C013699,0.0004977457790765923,0.014336836016556102
C009709,0.9999999999999999,1.0
C009574,6.330460218044838e-06,0.007469668070929664
C007012,8.918667912421387e-05,0.030767602469540054
C009501,9.524576838164272e-17,7.556652517250949e-07
C001041,0.9999999885668875,0.9998886932746541
C003483,0.08598307872098591,0.1951326678039545
C000633,0.9999999989802776,0.9998956683469815
C010845,7.145539325100413e-11,7.736977322679854e-06
C009594,4.672572208930655e-09,1.9652415367365626e-05
C005264,0.9999899684675171,0.9940881386294201
C005335,7.70613169340418e-19,1.0068571299954551e-08
C000875,0.99969297038901,0.9659995502446247
C007592,0.9951618593876692,0.900976701254339
C010044,3.4110901149419327e-10,5.294064535882197e-05
C004728,2.6211225782389093e-59,4.630984037062713e-20
C008392,0.6410761045453743,0.6519614322963465
C002867,0.047701650367799685,0.1201908202343497
C012128,3.885326171668898e-05,0.009206317060345352
C004624,2.4252793459807707e-38,2.13945020263388e-14
C011651,0.9987647725950175,0.9838843496237154
C002631,3.381404862063316e-08,0.00029770422203998637
C009563,0.9983343861020121,0.981492446818395
C011501,0.0001167333267653248,0.0017380632662622206
C010928,3.737401438952177e-17,5.292041827515927e-08
C009002,1.485934585528925e-60,6.918811947569415e-22
C012541,0.26158065522907414,0.1988586230093999
C002184,0.9839226756384718,0.9653361210413326
C007491,1.3827565925249023e-44,1.8598829936222442e-14
C005171,0.9790280335473341,0.8274746465977492
C007617,1.3677095415631881e-113,5.1378377270150476e-30
C003259,0.9999999999999999,0.9999999974948215
C011946,9.575525977226451e-23,3.5351342600878264e-10
C001727,1.3163035073944627e-17,9.870827031382782e-08
C008469,0.9698399792854122,0.8833411464914823
C010792,0.9999999999999999,0.9999999999581044
C012514,6.182345176661506e-13,3.232652285270522e-07
C010045,0.5771338983522303,0.4786188475241339
C007736,1.944629671745273e-75,5.424831719399838e-23
C003501,0.9999999999999999,0.9999999996306196
C012632,0.9999998319594238,0.9992585436477933
C012464,2.3665560114117685e-19,1.9701076831206712e-08
C002135,0.999820213272339,0.9827993407040551
C013201,5.368605208981722e-26,1.5452993413037983e-09
C004176,0.9999999999999999,0.9999999999999998
C005104,0.9993669245896133,0.9872595717828788
C001885,1.5833450611231726e-07,0.00037556713151711604
C011627,2.7305310861660246e-59,4.189855275719931e-18
C003422,0.9999941892876095,0.9996209748376845
C007902,1.6018128121898862e-18,3.878095527468408e-08
C002799,6.013939395882659e-07,0.001399258528724856
C005784,5.105407185049243e-103,5.652364742008253e-26
C013513,7.14245542590471e-05,0.0020209550285090363
C004905,0.8301964599639003,0.5236226294181765
C004360,1.7844116757241668e-10,7.696066738349356e-05
C008323,5.473468132537924e-42,1.3116658802983966e-12
C000932,1.96156860263971e-103,2.2007418308249796e-27
C000281,4.726621448122173e-12,3.17206849113181e-05
C010580,2.5317102079383487e-14,2.1440388559648656e-06
C007488,2.9858853402972135e-16,1.9812972451506993e-07
C012043,1.0820112712628734e-28,5.1303969761824746e-11
C010835,0.9669344600585422,0.8806128938426099
C000669,1.355556973732178e-05,0.0014903906099260505
C006520,1.7854793949192356e-39,8.543999486141979e-12
C007281,0.9008554891841053,0.7575294092148916
C012021,1.0537342384573137e-13,7.773493842549191e-07
C002068,3.405889125595697e-24,6.489983012965865e-10
C001249,2.385225119543869e-10,6.290517138075329e-06
C002742,0.9999999802814115,0.9995629847300235
C009154,2.355497999936991e-22,1.2566962587739937e-08
C012709,4.503014996622316e-103,2.3268808270316155e-30
C006818,0.0007643804964924799,0.016715581358064405
C003430,0.9999999999999999,0.9999999999999672
C005987,0.9999987539741494,0.9985795748380498
C003114,0.999949880464548,0.9993356141228671
C001487,9.389755194349757e-47,3.271574027149865e-16
C008074,1.5698518224154435e-52,1.8249030124420933e-15
C013684,4.61836785964518e-42,5.867549266593081e-17
C004975,1.1054348533501558e-39,1.1937457149772377e-14
C011332,0.9999999999999999,0.9999999998863657
C011762,7.392977827317513e-05,0.0038407791492970607
C001338,3.151638004394919e-09,0.0002415135892087238
C002194,0.9999999999999999,0.9999999668509342
C001010,0.1463555803973088,0.1375586409024636
C002526,0.34067908758369786,0.3258682125914673
C000266,0.9999999999999999,0.9999988771321023
C010153,0.9999999655666558,0.9997127175679097
C007258,0.9999999999999999,0.9999999999999715
C009725,1.639876965046947e-13,1.2205490403125966e-07
C000399,0.999976587072072,0.9960921850626834
C013848,0.00030562251957449353,0.0070658109811951725
C004794,0.06686638137635607,0.25393937258888877
C009691,0.9999999999999999,1.0
C002783,0.9965493674604777,0.9552862716438139
C013049,0.011251008437424204,0.06908098185273812
C012390,0.0018339783428658416,0.00827369333691001
C011561,2.841091231961344e-23,3.0722010431946686e-09
C004161,0.22035258196839816,0.28909745111502194
C002049,0.9999999999999999,0.9999999999919594
C003043,2.0764233954026839e-16,1.0362663059489817e-07
C006023,0.9999999999999999,0.9999999999999918
C000079,1.5665540882525084e-32,2.2373378757103347e-12
C009372,1.1253057881185937e-67,3.6294065384764886e-19
C012932,7.590066253019765e-18,1.29593502989274e-07
C004921,0.027083007780901718,0.06092569857835445
C004931,0.8642234697158575,0.8146084072403944
C011695,1.3889258049279777e-90,1.4663023005932436e-26
C010289,0.9984928348470364,0.9914506999020767
C012641,2.637485856538451e-07,0.0003149048662992139
C006289,0.9999999999999999,0.9999999999999777
C009051,0.6293380210217733,0.4968902284433713
C006208,0.6312314664582851,0.42413356141406033
C010283,0.009212104041981882,0.020494934243448348
C006130,1.0623818306916325e-07,0.00024854779138870105
C006714,0.9999999999999966,0.999997261168256
C000335,0.00026007361611030567,0.008511844268337029
C006518,0.00019760454289107206,0.008547490485447175
C002132,0.0008799867179794249,0.02300441249182416
C007826,0.9999994550982023,0.9995204556511635
C005634,0.9999999999766251,0.9999958051027396
C013604,0.9956748853703608,0.9569509193231718
C005441,1.552907924380592e-16,1.2773778281482916e-06
C008832,4.969209021745987e-55,3.64167666966466e-15
C012430,0.9999999999999999,0.999999999999996
C013014,0.9999997030370971,0.9999553221856796
C005030,4.405280993345816e-09,0.00010907851713203296
C012703,0.9999999999999999,0.9999999999999921
C007766,0.9999999999999999,0.9999999550603604
C009934,0.999109451156327,0.9869696494973631
C000298,0.6205052244555913,0.4172835474848707
C001456,6.25472431469828e-08,0.00036910386873082086
C012948,1.1447312584710918e-07,0.0018498357142863998
C000929,0.9999999999971187,0.9999936698176597
C003800,6.348343934580688e-62,1.0997271185797656e-20
C013646,2.848419846454634e-07,0.0007077658101881408
C008845,2.0180990836491315e-39,3.823333331784388e-13
C013072,2.174342021521346e-34,1.5241651602290013e-13
C000488,0.9999999999999999,1.0
C004845,9.3555488516365e-05,0.03506599844459953
C005474,1.1161139783753395e-23,2.948148993888567e-09
C011976,3.7778763813513555e-65,1.9603323056520602e-19
C005509,0.9998219467869244,0.9795840352807759
C013847,0.9999999999999999,0.9999999988303512
C011899,1.822021172647835e-05,0.0035566643629534396
C009525,7.774208899606706e-34,1.4735149879916188e-11
C008437,1.0339235492228977e-10,4.024164185633597e-05
C001749,1.6253610225253531e-44,1.5987556609280384e-17
C006856,0.9999994715835657,0.996550273178722
C002943,3.559259490247853e-19,1.0170077680719865e-09
C001618,0.9999398642354733,0.997916655992694
C009804,0.9999864446372962,0.9862697539478282
C000569,1.730152481465738e-23,4.119268924201741e-09
C010765,0.9999999999999999,0.9999992069691028
C010842,0.9999999999999999,0.999999999985612
C010869,4.0421999093710335e-32,9.424994338574648e-15
C009396,4.429154478215643e-26,1.9238679920102527e-10
C005295,0.16461646006246514,0.12564094292956288
C007200,0.9999999868593096,0.9998027860098303
C013716,2.0425882672591856e-19,7.0341308829352514e-09
C003871,0.0022753921021119445,0.06503146682569039
C008903,0.9999843058507476,0.9909953791949637
C013343,0.9999999999999999,0.9999999887178321
C009027,9.84746317011074e-06,0.005417414194849234
C006800,1.2624089514215287e-25,6.89777458042051e-10
C009773,0.999999918328111,0.9998428967676988
C002130,0.9999999999214696,0.9999667751334074
C000517,1.3806706669300085e-82,3.1723328161688596e-22
C007986,0.9999999999999999,1.0
C004362,6.319958227912794e-19,4.5791646263194415e-09
C007254,0.30382853868487514,0.3914373375978226
C001746,0.9989472187221138,0.9852248277506543
C004713,0.00042432602194913906,0.006024606949432211
C001768,3.6358157905815025e-18,3.441927637165913e-08
C011930,0.9999999999999999,1.0
C010887,0.9921873251536842,0.8905482291870198
C001030,0.9999999999999999,0.9999999748968343
C006120,0.025896475068864853,0.18718474678471694
C006535,1.50974178566692e-56,4.853410976726627e-18
C013607,0.0004281599478281181,0.007536827031694557
C006566,0.00016856816000332492,0.004634665034887279
C009729,0.9999999999999999,0.9999999999745446
C010800,3.351921127718834e-19,8.379715372509238e-08
C005432,6.614683128329425e-20,1.3677931199706119e-08
C005444,3.700732752995031e-15,2.3331645497362089e-07
C007969,0.047803534961656534,0.10876419065152598
C009553,0.9999999999999999,0.999999999997812
C007931,4.224305838727895e-18,6.96070061211949e-08
C008206,0.8363017928218227,0.7440233522976233
C001640,0.9999999898580959,0.9998388315270851
C008432,0.42557184213463384,0.6517048523665092
C013512,3.5448511256743753e-37,3.354530197555231e-13
C000798,0.9999999999999999,0.9999999999014
C011926,2.785655468465828e-23,2.691306390288084e-10
C007176,0.9999999999425672,0.9999742337367032
C013928,1.1141441499594951e-38,2.1267985432209774e-13
C009520,0.9999999999999999,1.0
C008744,6.758715103675964e-43,5.959544805757681e-16
C008434,0.9999999999999999,0.9999999963371603
C003007,0.7686630733502756,0.444070113022648
C006245,0.9992119534018064,0.9955316715452478
C013832,0.9999999999999998,0.9999967092272809
C012972,3.462414457677362e-16,7.752888988674797e-08
C005098,4.468466548519917e-35,2.84490342259638e-13
C005807,2.1645340599058704e-16,1.0447292299617531e-07
C006532,3.2198057256033046e-11,1.2849120398424703e-06
C009189,9.900551694588329e-37,1.1953797110621291e-14
C008358,0.5101638452346587,0.5928825578228007
C011841,0.9906633532886061,0.9884802442413416
C004767,1.8668284812314795e-44,3.88845553859695e-14
C011857,0.836915041613539,0.8564665844051615
C012544,0.9999874792193939,0.9975798294188215
C004308,0.012296116858549493,0.07737177584971103
C013516,0.9287652135502795,0.8581299064018224
C001347,0.1543173058914851,0.4191481490281795
C013225,1.1997928064446301e-20,3.115925070344383e-08
C002595,5.918474947613828e-05,0.007372072312848697
C000003,0.011348639755954295,0.06699325310680847
C007523,0.9552657354634724,0.8332848355562834
C000065,0.018432542742379297,0.06734529330908197
C002808,2.7349855912164693e-136,1.3875442160542335e-37
C009404,0.25550618288015386,0.35262459889794495
C004196,5.9500273229089564e-09,1.7416652838876122e-05
C013055,9.810947308082322e-06,0.00388391050491574
C002910,1.830875055981048e-14,5.260598376152214e-07
C002443,0.9999999999999999,0.9999999999999996
C010149,8.91747819364385e-05,0.0061982760707606985
C013797,0.9999990960531191,0.9962904307273661
C009587,0.015121223635240997,0.057582178250331
C009861,0.9980047162715819,0.9582092585874252
C003597,0.999854810617278,0.9952473906813266
C000025,0.9999999999999982,0.9999976101924941
C010148,0.9998169454744208,0.9669437050414905
C003990,1.1623886173645355e-125,2.6856863156612465e-31
C004068,0.24535823437301435,0.40687209471740493
C012309,0.9999999999999999,0.9999998435636995
C012883,0.9999999999999999,0.9999999963690926
C001660,0.9999185760941781,0.9980017337989557
C013835,0.9999999999999999,0.9999999965181288
C012486,1.5593610312271552e-43,1.1130786530080646e-14
C002953,1.822692296312457e-29,4.962845777009929e-11
C003672,0.9999999999999999,0.9999999997777768
C006175,0.9999999999999999,1.0
C002893,0.9999999999999999,0.9999999423611823
C003795,0.9999999999999999,0.9999999999999999
C000581,0.9999999999999999,1.0
C008043,7.085286580133269e-52,2.7337387815686822e-18
C000346,1.6099392878001722e-21,4.594578241236237e-10
C002533,0.9999999999999999,1.0
C011784,8.592800956110832e-77,7.386408343944342e-24
C012912,2.1317310517097188e-08,0.00027822698422091214
C006275,0.7128449005465332,0.76661982830021
C009131,1.1915257701019441e-15,4.490631313213377e-06
C005049,2.7330101281272235e-38,8.914912514502394e-14
C011902,0.9999999999999999,1.0
C013185,8.892176616170298e-22,1.9551935786315668e-08
C001088,0.9999999999994007,0.999992791659331
C011446,0.4042051224128218,0.672514531143554
C013189,1.9576209710097246e-05,0.001269128983293022
C000610,0.9999999999999999,0.9999999999984437
C009912,0.9999999999999999,0.999999999961812
C007739,6.337506025459749e-78,7.254680281647314e-25
C008044,6.001281970340005e-45,5.571918210192036e-16
C002823,5.5981371310142986e-08,2.3922093644104087e-05
C003527,0.9999999999999999,0.9999999999998717
C008716,1.5055302724139732e-100,5.733865358630266e-28
C013957,0.9763374943310288,0.8379291699160346
C003914,2.4799812985530415e-33,1.671691482629771e-12
C000078,0.9999999999999999,0.9999999970082301
C009960,0.27804400279488795,0.47972007934094185
C010006,0.9999999999160373,0.9998750704452917
C005012,0.5887025314953762,0.5883473448618959
C005370,3.7719694073639825e-12,6.703388056158495e-06
C007693,2.0960634049135212e-11,5.555052015010873e-05
C012423,1.0122117048550909e-58,7.68290624347044e-20
C002248,0.9999999999999999,0.9999999999854752
C011940,0.9999768922764535,0.9952149642965664
C006468,2.759560325977431e-43,2.0902540977272934e-14
C003381,0.9891652212563743,0.8725364373298543
C009763,0.9999968727980674,0.9979650875729017
C003878,0.9999986727879814,0.997155353966545
C000884,0.01623389116812753,0.0702795816309385
C005840,8.045041793129366e-93,1.777627308114543e-26
C004988,4.479863586625978e-07,0.002319955575653726
C005821,6.624756042813408e-53,1.0302724360173207e-17
C013747,0.7918988807902231,0.6504598173812124
C011313,0.21779102540276665,0.3764675608321901
C007101,0.9987278098621394,0.9386443212085305
C005492,0.9999999999999999,0.9999999999999987
C012902,8.867065470714023e-21,3.1556481431769427e-10
C004495,1.8253577484876682e-53,1.5224336578552616e-16
C003327,8.081092337639998e-11,1.2831620270999823e-06
C008413,2.195275972544802e-72,1.0805805819820475e-20
C013758,0.9999999999999999,0.999999999543233
C010380,3.237861432443151e-97,1.0976574372849322e-29
C003265,0.9999999999999999,1.0
C008229,0.9999999999999999,0.999999999148351
C011985,0.9999999999999999,0.9999999999999999
C002746,1.074288574208948e-26,3.1041773822193734e-10
C008602,4.0340326233237886e-21,3.2949324178782566e-08
C013496,0.9999990149898447,0.9991575021964696
C005341,0.9999999999591762,0.9999868142681041
C007891,5.652973580771513e-43,4.4338138146446184e-13
C007692,2.157895062652158e-05,0.00075476459921352
C003048,0.9999999999962456,0.9999781585622647
C013863,7.315819615284942e-36,2.778882806013937e-13
C004947,1.7175822534899164e-05,0.00713226501561222
C007172,3.2732218776856566e-40,2.95383413720814e-12
C013469,2.264645284092286e-28,3.9404353723643934e-11
C007924,0.9999999999999999,1.0
C001697,2.600076922212819e-122,9.160954409059073e-34
C012278,8.817411325593594e-37,7.687014979801303e-12
C009101,1.0127304636626702e-22,7.861961444678405e-08
C003595,0.9999999999999999,0.9999999085630267
C000107,9.816502377156629e-05,0.006206814083720787
C012354,0.1322950844145397,0.3359991300528353
C003211,0.9899789703363169,0.9425652623918712
C004864,1.419338947363479e-20,1.1651140946897238e-08
C002797,3.1049520789064035e-05,0.0038800424912482315
C011447,0.016586644989499542,0.12210451336754632
C000917,1.2770057752767014e-14,3.03481376502539e-07
C012492,0.8236270927860049,0.48999281848285814
C007679,2.1253336596891925e-48,5.2449268458430634e-17
C004967,1.473988576490963e-07,0.00037343067150444613
C008803,0.9999978760377076,0.9982997738899154
C007195,4.900569744071118e-24,2.1231073855368596e-09
C013010,1.5016587075481443e-68,1.4560533448312737e-23
C007682,1.0563890687209087e-08,0.0012589696235204596
C000552,1.2404632049806026e-29,1.3347451296384187e-12
C012880,0.9956912003474232,0.9700780983254894
C006475,9.250870012287377e-59,6.32765710410899e-17
C000043,0.9999999999999999,0.9999999865488836
C001809,4.7087600097980765e-11,7.14111933731236e-05
C007115,7.505489183076519e-71,1.1087711572221823e-21
C010898,0.9999999757500334,0.9998143242316522
C008792,4.729420764920247e-19,6.892578891646355e-08
C006576,0.9999869735303094,0.9912577915263547
C000478,0.99999999999975,0.999998976088116
C001688,1.7192718762311698e-79,2.9859985451601687e-22
C008598,0.920412057549171,0.7566631059955595
C004236,0.02741247356411074,0.13706426214631737
C011420,6.215597411346586e-45,3.4192836164018237e-17
C011540,0.0025038630569574204,0.013343627135617417
C001942,3.6661625789501665e-35,1.524573978404484e-12
C010818,0.9904565786152938,0.9086226947914985
C010663,0.9999999999999999,1.0
C011516,5.754947740610821e-16,4.6757963377793295e-07
C004263,2.8645435389374274e-152,1.6185375318425064e-42
C009969,1.0830931161254733e-19,1.1569897280766848e-07
C005420,2.2798119156221275e-23,4.298649064575051e-10
C007828,0.9999993205772761,0.9989136076503893
C003420,0.9999999999999999,0.9999999591384641
C004531,1.1858972355812171e-11,3.702977146786448e-05
C013175,0.9999999999999675,0.9999949689668682
C002444,0.9999999999999999,0.9999999999988977
C000222,0.3242626704841366,0.4209537136654239
C006990,9.58198242553962e-22,3.210189190401546e-07
C004002,0.9999999999990862,0.9999910810736401
C005596,5.380379280513148e-26,4.892381763995135e-10
C009643,0.00691222767948318,0.04912373927082834
C003718,3.603099662551303e-108,4.3356230060816064e-33
C011217,0.14212100817235673,0.15946146810235012
C012710,0.9999999999999923,0.9999992800855558
C005867,0.9999999999999999,0.9999999999992639
C009406,0.9999999999999999,0.9999997257408755
C004210,0.08575501103699741,0.19464361396612265
C010627,0.9999999999999999,0.9999999999988065
C003368,0.9905338233386809,0.8973428303503583
C013231,0.9999999987710881,0.9999629513811495
C009672,1.5391242500735638e-192,9.23162224717089e-50
C002288,0.9999999999999999,0.9999999999980262
C007263,0.014361108003716826,0.08470731899588624
C013291,1.2059298088105027e-11,6.834105171689292e-06
C006101,0.9999999999999999,1.0
C000775,4.969195592045598e-32,6.780362730408228e-12
C010900,0.9999999999999134,0.9999966111136673
C012662,4.275652529111417e-09,0.00010105995902394352
C002484,0.00012467364137627853,0.010076364109378011
C003340,1.4363366567492673e-63,6.997298015766603e-21
C000483,0.9999041616128277,0.9954293712889042
C007205,0.013440073460628105,0.03931477673892395
C001609,0.00038025286068959005,0.010152845199093511
C006616,2.5549548389150572e-20,2.3429688858446744e-09
C007675,0.9999999999999999,1.0
C006167,4.892019694643825e-07,0.0012302376613343624
C003410,0.6631381949235285,0.5439711753523853
C003451,1.548633581819464e-29,5.482946561155234e-11
C001903,0.00013316016155158058,0.01044780120181131
C011960,0.9999999999999154,0.9999926698510334
C009749,4.0577106018985384e-114,4.910963497485484e-31
C000194,0.9989247508896298,0.9399293069978579
C008750,0.9999999999999973,0.9999989855843463
C009810,0.9999979068748341,0.995414422677098
C008937,0.9991515565791148,0.9914503574405794
C004475,3.08512161832856e-08,0.00019621305126063705
C011128,0.9999999999999999,0.9999999999586412
C013141,0.7559900355469762,0.7217506393696557
C007291,4.09597082105085e-29,2.487182030017426e-10
C005146,0.9999999999999999,0.9999999999947027
C006894,0.12453403578230361,0.16257958785624438
C009386,6.299085750269152e-06,0.002079917324526692
C002307,0.021070358288362966,0.10110445699336677
C007498,4.7596565352611063e-45,3.0211501016193088e-15
C003082,3.26114025746244e-10,4.935636464310376e-06
C011318,5.381652763332093e-60,1.1021985146394925e-19
C011354,5.900827239771074e-05,0.0022606379734417424
C003704,1.9041164937902734e-28,2.12869536363789e-10
C012589,2.742035799138433e-197,4.674512438673322e-48
C004416,0.9999999999999999,0.9999999726653837
C006233,7.231349200459522e-07,0.0003530379891237493
C000040,0.9999750736095849,0.9995896012395123
C006074,0.9981505500108119,0.9786801158909473
C006751,1.6666547205044088e-49,7.12214939926224e-18
C008310,9.326265728769248e-05,0.008476421951156695
C011129,0.00011780978018128252,0.0058383578237105205
C004546,0.9999999999999999,1.0
C002379,3.3780901902174616e-18,1.0894493829986283e-08
C007041,1.2597520418707518e-45,5.857424727570274e-15
C000546,0.9999999999999999,0.9999991357084461
C008657,0.9999999999999999,0.9999999799988747
C009285,1.0031007198479058e-25,2.4392388383610295e-09
C000006,0.9999885744888645,0.9901387284817387
C009863,5.025393264605894e-21,1.9915468003307461e-07
C004814,4.7575948866193036e-08,0.0004186065095823275
C012675,0.9999999999999999,0.9999999999999998
C011292,2.0684481021182056e-51,3.000427663157387e-17
C008444,0.999999999969973,0.9999991165534775
C013144,0.01617982690863292,0.09892758372365264
C007455,0.014578011196807116,0.0759042037606977
C011037,0.09140565803893144,0.14548759013559467
C003835,0.015078157661435072,0.10849064352820886
C006196,0.9998295272731338,0.9887748329888244
C000291,1.4019280946053108e-06,0.00047672950500035843
C005307,5.168195954177626e-18,1.0413143176753981e-07
C009157,0.9999999999999999,0.999999999999999
C007055,0.9999999999999999,0.9999999999999994
C008375,0.9999999999999999,0.9999999993806733
C001432,0.9999999999999999,1.0
C002491,1.2984785151607407e-51,8.06885768801365e-17
C000695,0.9999999999925485,0.9999787287890072
C012442,1.3404287667919183e-11,1.8342876302484786e-06
C005648,5.495009798865652e-09,6.600405089372119e-05
C005257,0.9998675749371215,0.9763614493169087
C011878,0.8734508316207044,0.6555058666323753
C011708,2.5748169539071868e-21,2.2992014780676338e-09
C013329,1.1370624336222083e-83,2.900101890192571e-22
C008801,0.9999999999999999,0.9999999997167608
C001907,9.817672655248276e-08,0.0019162407267022973
C000131,2.422460717764432e-14,1.0802039292926076e-05
C013729,6.249807308993804e-05,0.0211247102814838
C007122,2.8349224960709777e-12,2.014450361410548e-07
C010216,0.9883849772417729,0.9391919071846788
C010823,2.2599262740722533e-26,3.515783741440274e-09
C007572,1.726303705855518e-09,6.435081693665605e-06
C004855,5.4730620544435506e-42,1.3330696674215076e-16
C006513,0.9999999999999999,1.0
C010985,5.028450462047821e-31,4.508082636852231e-11
C011225,0.9999999999999999,0.9999999937998346
C010843,1.5426964732306706e-11,1.6075569335434233e-05
C010556,8.636676330713799e-16,1.8149919146021072e-07
C010108,0.9999999999999998,0.9999996607894039
C013241,0.1611927541097937,0.38519986844530585
C006263,0.9999999999999999,1.0
C005521,1.0990077888543599e-36,1.7920843171520588e-14
C000999,1.7712611861504933e-29,5.842250205072644e-13
C005102,8.965608945664424e-15,4.396119600594345e-06
C008187,0.9999999999999999,1.0
C009832,5.084160974649001e-43,1.7580576472536597e-15
C000912,0.9999999999999999,0.9999999904596881
C011571,7.740142583570272e-77,4.948312281503248e-23
C007820,2.7081638311613043e-08,3.0421413660177363e-05
C012241,0.9999999999333329,0.9999463812198285
C010204,0.7451031533218531,0.5388350522763218
C002684,3.313578835011069e-35,7.485374276201058e-14
C005022,0.9886317530521728,0.881931411510531
C001879,0.9546007751717334,0.8813319627863867
C005439,3.326245590940105e-77,1.1693609771279025e-21
C006791,0.9999999999988735,0.9999522692057803
C006942,0.9999999999998829,0.9999958120777505
C006795,0.9999985842330534,0.9980867390552935
C011323,0.005280879489761793,0.02053676804156191
C010448,1.612384198155938e-05,0.008276250420356521
C003084,0.9999499773379779,0.9986556565869035
C009054,0.9999935112661053,0.9961544990617683
C005691,6.679535815275957e-63,8.388032758156232e-20
C001168,0.9999306319810768,0.9800524356171685
C011140,0.002103799350910157,0.016756738237397876
C003781,0.006439794438361155,0.1177829883965524
C012927,4.476932145112785e-30,3.999062916771177e-10
C003719,0.9998756143182185,0.9943356532943483
C012087,5.5285473437368823e-17,2.46085893331257e-07
C011970,1.1759773062998649e-33,5.207745960428202e-13
C010954,0.9999999999999999,0.9999999999584679
C009482,5.627731183821267e-22,1.6338358917077281e-09
C000734,0.12715250294079708,0.22324728330761262
C007669,0.9999999999999999,1.0
C002102,5.375338266300462e-18,1.1891504826913587e-07
C012626,0.0012306639696710775,0.0346480770391115
C003864,0.9999999999999999,0.9999999999999998
C013817,3.0364759686035036e-39,5.021649923175561e-12
C001124,2.488392710262822e-10,0.00010271445528844
C005981,0.9905899977600388,0.8951073577863162
C007867,0.9999999999999999,0.9999999919453615
C010281,0.9996037974252373,0.9678109351360662
C001401,0.9999999999999998,0.9999980603545948
C001765,0.9999999999999999,0.9999999999999996
C006533,4.1984000751618467e-10,9.029677844825383e-05
C004214,0.000526489089107251,0.017576424938329102
C012217,0.9999999999999998,0.9999996171183556
C005805,4.025131551389566e-47,2.9229664948187475e-15
C002619,5.917475600540673e-73,2.078767974974949e-19
C009438,1.0412878670274915e-16,1.2671437151620082e-06
C009466,7.025187989285224e-28,3.3837727598315543e-10
C002956,1.1112037814925196e-31,3.218167910597777e-11
C013724,1.6268035286534245e-84,2.429762621495722e-25
C013382,8.167753973271186e-73,1.7640736694938923e-23
C000049,2.7151710279932587e-32,2.9371316366881967e-12
C005518,0.00440999612385495,0.033699318572078266
C007778,1.471626047723852e-08,1.8197266214023538e-05
C005839,0.9999999999999992,0.9999994157995523
C008000,0.444979005440165,0.615670333447436
C010491,0.9967139645741492,0.9708886403438768
C006423,0.9999999999999999,1.0
C009115,1.1284815234782979e-60,4.767203415742953e-19
C008302,1.8100171217417862e-82,3.7313016443340016e-25
C006510,0.9660633613304364,0.7966728175111494
C013464,0.9987104462767835,0.986099592964958
C013823,0.9999965771278225,0.996107214214895
C012672,0.9999999999999999,0.9999999999842724
C012671,9.225687205626723e-06,0.008114814059059968
C008179,0.5631848776574754,0.643695280025077
C003923,0.9880788909926983,0.87174317283681
C004384,1.8472586437650755e-15,2.903799473652978e-07
C006214,1.4945515481143804e-37,7.346979272899844e-14
C011564,1.1319165654246957e-07,0.0023125270024766365
C002345,3.6398085588293433e-06,0.0016506420161169033
C012805,0.9999819844713125,0.9981994943323629
C004274,1.3321551246506399e-05,0.0014796982638333172
C011167,2.548504394052543e-70,5.145217849425549e-23
C004452,0.9999999999999999,0.9999999999950662
C012952,7.309942867066829e-06,0.0006499351204534819
C010320,0.9999999999999999,0.9999999999789722
C011721,1.409143128184897e-09,0.00019515511477702209
C003371,2.023352088934736e-33,6.681813426477604e-13
C005017,1.4573527840346456e-17,3.7674970486919173e-06
C013551,7.428598676113847e-14,8.288276896247702e-06
C004808,0.9999999999999999,0.9999999968252329
C011089,0.9999999999999999,0.9999999999999974
C005018,0.9999999999844624,0.9999156056802991
C007921,0.13818232066392241,0.1469186365152648
C000730,3.838643802566025e-71,1.9533109906958864e-21
C009562,0.9999999999999999,1.0
C004439,0.999999999999995,0.9999986142977055
C012078,6.542624249011773e-21,9.154641794878541e-10
C002209,1.9595341743802273e-72,7.309600665888588e-21
C006055,3.851286500313996e-11,3.901893309112258e-05
C011362,2.3682495151532938e-07,0.0010023887070675624
C011783,0.9604602267262355,0.8414879515062594
C000237,0.9999999999999999,1.0
C000972,0.9789132676643273,0.8761944211309737
C002253,6.400630626177446e-34,2.214268335658283e-10
C000390,0.9999999986565682,0.9999219317539723
C010742,0.9997463246876379,0.9910804784578817
C003290,0.999999951472286,0.9999533313596867
C001231,1.9110985384113477e-19,1.4645872036233836e-08
C003209,0.056805681831645055,0.23552631561296022
C011814,1.814812175133676e-37,1.100609006440173e-13
C007955,0.999966357233523,0.9963747108538541
C008921,0.1505097203567268,0.45149795087323485
C002380,2.916370799944496e-26,3.8939891946057305e-10
C001358,0.9999999999991205,0.9999991657597339
C012318,0.9999999999999999,0.9999999999992059
C011150,6.984319560324352e-94,1.4302295204357663e-28
C004004,9.584487926840854e-71,5.619456051395264e-21
C003958,7.84731582452982e-62,7.628950660914495e-18
C011909,0.0069625413259817364,0.0648604313613998
C005506,0.9892711890332552,0.9550748129675973
C004376,0.8036263062609149,0.8472768865320304
C010573,2.7503278789861558e-21,4.352756459043399e-09
C006416,9.05861442973722e-16,4.6944039598094007e-07
C011558,2.295945310690171e-06,0.000692651218094913
C011881,0.03535109634397749,0.09873078730922892
C011747,5.480108910502426e-08,0.0013032095508180076
C002734,1.1774465438202808e-24,1.256005884124016e-10
C004773,0.9999962424300404,0.9992637287507119
C004589,9.443599108613611e-07,0.004487204409974485
C007324,7.2835769498269826e-34,6.990783871971862e-12
C005777,0.9999999999999999,0.9999999999977803
C002450,9.601872498361286e-113,1.5475539384423582e-29
C006062,0.9999949389090351,0.9965988784748372
C002051,2.7186621432373597e-21,2.8041853407063046e-09
C001178,0.9683442937761789,0.7847038977851106
C011181,7.962345082540415e-25,6.352610138181745e-09
C003355,0.006467862875312847,0.03290674949862336
C001130,0.6228819018105293,0.47772920164492816
C005009,0.9999999999999162,0.999970728365413
C007484,0.9999633799438973,0.9961907254288387
C001335,3.6640933819976616e-16,2.9172647850999796e-06
C007269,1.522014105511883e-06,0.00603838342606171
C000377,2.7664703412582636e-51,5.658599646157417e-19
C001090,2.2668940026626243e-124,4.361357695409333e-32
C011294,3.010634391418667e-34,9.810216957598625e-11
C012961,0.3213634702624637,0.4372059254717163
C005312,0.16865823391326698,0.25289342828591976
C007619,2.0839700274503515e-52,8.03586402285922e-17
C001357,0.029667362741014836,0.03431417328926432
C004571,0.9999999999999999,0.9999997054575553
C006679,0.9999999999999999,0.9999999999980774
C013593,0.9334603664984834,0.8971019755230414
C011159,0.9999999744025656,0.9997375420171233
C009276,2.4228594011185885e-21,1.3279144855069445e-09
C002007,6.136838978123649e-09,0.000104047432457648
C001050,1.5050616897915e-08,0.00019513727948653815
C000318,0.000672367440514822,0.0286597782643009
C006238,0.23869091032063885,0.21016485024774356
C006339,0.9999988640556524,0.9984847411734412
C004119,0.9999999999995475,0.9999909924838486
C003757,0.004778428073415794,0.02835532970946472
C013517,0.08008291734661545,0.2166184119371715
C005329,0.999999999999422,0.9999966478655212
C013818,0.01566852702730615,0.07263359650374239
C007346,0.9961192215014502,0.9853894786052932
C004747,2.1030542885498247e-32,1.6289245703405267e-13
C011419,5.4715305721862305e-33,5.927457844943997e-10
C000135,0.9793436425155472,0.9360027334872112
C001717,7.982103826680524e-22,3.192524017783648e-09
C004725,0.006467732451914565,0.07100987782567245
C002659,5.5978644412864595e-92,3.402919246400583e-26
C013034,0.8552854207735407,0.654743666894366
C012745,0.999991730500454,0.9962321628096235
C007726,0.07127560893250982,0.3905846956595868
C001923,0.9999995541295675,0.9986699497972347
C004092,0.9735144221619315,0.9712799890141857
C009879,0.9999999999999999,0.9999999826881661
C005288,1.433805295225663e-66,1.0050268809096282e-19
C012886,0.0008854878704237978,0.045476810747449144
C005766,0.9999999999999999,0.9999999908128437
C001232,0.999999999609508,0.9997363560637164
C010897,1.1997307398949444e-104,1.4215195191542267e-29
C012377,9.582319935648753e-40,6.872594995407101e-14
C013881,5.086741882335911e-133,4.8963398703532016e-34
C001288,2.118879064785317e-30,4.336795861544817e-12
C000927,4.395629462487393e-16,3.863970389148649e-06
C006801,5.385142343795624e-28,1.142200207521863e-09
C006262,0.9999999999999997,0.9999999631495604
C011531,0.9999999999999999,0.9999999999996138
C010295,0.9999999999999999,0.9999999999999998
C002604,1.4443807026700412e-58,1.0028596534935393e-18
C000867,0.9999999999999999,0.9999999999944813
C008189,4.76945910312337e-10,2.7851682858243598e-05
C000014,0.9999986567495635,0.993667033560184
C003840,0.9999999993923615,0.9995849063350682
C000035,1.3043812404737745e-18,3.174777325148733e-08
C010091,0.00013412549743270166,0.0025055825637872943
C008440,0.9986906967823571,0.9782795096481764
C003543,0.9999999976328233,0.9999478663140834
C001832,3.0651945197820567e-45,1.1490683092964473e-16
C001926,0.9999999999999999,0.9999999999999881
C006195,0.12265384178916362,0.4593683088186859
C000405,0.9999999999999512,0.9999915629455332
C012279,1.0634535040460838e-42,9.700599456929787e-17
C005758,1.8765030605991339e-16,1.0114747495334355e-07
C001835,1.1155635187425813e-29,1.3999483083006875e-11
C012520,2.5163243970276924e-45,1.2810982678420236e-16
C000700,0.9999999935859658,0.9999507376932497
C005002,0.031273684747690045,0.12184371960811681
C011427,0.9999123138945233,0.9804574992355308
C001324,0.9595435878283177,0.7717480115333913
C007034,0.9999884980455225,0.9997882931638864
C003537,0.9999999999999999,0.999999531715766
C012075,0.9999999999999999,0.9999999997761091
C004979,0.0009308744635936606,0.030973711456643235
C005487,9.943841487874558e-08,0.0012050606581170916
C001064,0.6625827580582472,0.7742289263597184
C013047,0.9999704372027045,0.993701527767548
C006749,0.9999999999999999,0.9999997276622332
C001004,0.9999998341020315,0.9995538809595839
C001964,2.6028473812295035e-84,2.0721161328265982e-25
C009050,0.9999999999964253,0.9999440349611677
C003320,1.9297436569387982e-95,1.515792700756987e-24
C010867,0.9999999999999999,1.0
C004896,0.9997550409957796,0.9867313771241288
C009778,2.4624715362024415e-11,1.6401369984739004e-05
C010562,2.6928401115066097e-09,4.025312935669263e-05
C009583,1.9498938109068386e-07,0.0002175577959990066
C007505,7.0313797840668e-38,2.648358441325207e-13
C003234,0.9999649360700874,0.9954353141453383
C006071,8.345040104037111e-05,0.011085055744237304
C007267,0.9996086283932548,0.9944535644070202
C000315,0.9915880983840832,0.973880899374533
C006922,0.9999999999999999,0.9999999999999633
C006552,0.9975221164659418,0.9353642408957481
C004338,0.9999999989536389,0.9997537396812048
C011488,0.9999999999999999,1.0
C008785,0.9999940308183457,0.9983400465928809
C007021,0.9999999834927192,0.9996859778997278
C003737,0.023149109826780544,0.17489986505237826
C006804,0.9999999999999999,0.9999999997605155
C013506,0.9673304897829558,0.9598234177573753
C001154,1.1593600078359493e-06,0.0020621635400583757
C006667,0.999999999979803,0.9999865081897383
C012443,5.333757710699091e-05,0.003633876841060895
C011502,1.9430100390812454e-69,2.718581638529123e-20
C006095,0.9999999999985245,0.9999608281680914
C001725,7.389864673612475e-33,5.650639611221601e-10
C013739,0.9999999999999999,0.9999999999954836
C006308,0.1941940571599993,0.3081886319403165
C002841,1.2042380056624086e-14,9.653986680846954e-07
C010837,0.00018753481151085517,0.004765228958603024
C009707,0.00018113070973788977,0.007555153097708534
C007224,7.269041969452532e-58,2.8218993120418834e-17
C003613,0.999999999995216,0.9999954547788968
C013296,0.03626146316583006,0.09602934549075835
C000113,1.0715721546582545e-29,4.6238072236832406e-11
C005168,0.9999614619852013,0.9937736126108205
C012650,2.5559050988497354e-53,7.394990274595084e-18
C008439,0.9859735669818829,0.8664900196911091
C004222,3.408638269350758e-23,1.4762624055572797e-11
C003450,5.1237113485630724e-27,4.723325261258693e-10
C006224,0.018582326669936318,0.023043163318134417
C000794,2.1349655237832015e-12,1.8151923463236144e-06
C004743,0.27521543509386476,0.24019651904806155
C011206,1.423791891051628e-65,1.179132120862853e-20
C001166,1.9766404953497107e-113,1.9328096398934992e-33
C009595,0.9999999999999999,0.9999999999795446
C007576,1.811699539371394e-07,0.00028340529893408953
C006633,2.3126274619658003e-08,0.0002323472701187717
C011287,0.9299688020364645,0.7526465477354289
C013404,4.009037161528968e-54,1.3022092897445608e-17
C013790,0.013812830812442793,0.038151237199257296
C001466,1.2446224404740954e-09,3.458019410276469e-05
C012955,0.9999910707917808,0.9993855831165813
C000016,1.8232466589676098e-16,3.524003798227511e-07
C007920,0.02224924305733086,0.04429416045192321
C007540,0.7565298993194307,0.5849627181077912
C008161,0.9999999987907325,0.9997720203090743
C006065,8.181438113130803e-24,1.2000968820415437e-08
C005575,0.9999999995760254,0.9997045277992331
C013482,1.0064027028458126e-21,1.0941216877799708e-08
C009565,1.0072391866978576e-61,7.902892447907925e-17
C011768,0.899280689937404,0.6603095447400164
C004380,0.9980872830202107,0.9736980562498436
C003850,2.4517443836437003e-30,4.405072598168736e-12
C012286,6.879547986729246e-73,6.331233583025575e-22
C005014,1.9173470151262807e-49,8.740570373803963e-16
C005231,0.9999999999999999,0.9999999999999977
C012191,1.1768369626280556e-41,1.9847478964615207e-14
C011908,5.839960537516187e-56,1.3315958055555744e-18
C007051,0.9998486233062112,0.9955882354347215
C008988,2.0684905990691237e-33,4.0094888656053805e-10
C003070,0.9999906390599725,0.9939545489315416
C002668,3.02939725612298e-69,7.882124132894974e-20
C008145,0.9999999999999999,0.9999998809451542
C011951,0.9999999999999999,1.0
C010374,2.50260839185268e-30,1.0866157349714263e-11
C003021,0.9999927719314863,0.9973444364447338
C001583,4.7280610457522835e-29,5.119150763064947e-10
C004507,0.9999999988331881,0.9999151885767057
C001317,0.999999999999998,0.9999964332217686
C002654,4.532781053840852e-16,3.9153406540636536e-06
C000707,8.079399703014063e-37,2.857235222633179e-13
C009601,0.9999501621991569,0.9947432130767442
C013004,1.6707345264019033e-36,2.8227652152205035e-12
C013871,1.5588887462416775e-15,8.370819976155356e-07
C012451,0.0008608631273709657,0.004379424652445297
C008063,0.07578525760069157,0.08815206447941457
C009437,0.9999999999999999,0.9999999999941525
C007493,4.320811366732908e-05,0.013859517063731144
C001408,1.6749940945506595e-31,1.2320787954264455e-10
C004181,0.9152537574280025,0.7951543177970078
C004379,8.457046345299508e-27,1.9560852799371124e-09
C010524,0.27469670153157366,0.21806599542207114
C000150,4.318066942886293e-28,9.436862959896481e-11
C001804,6.230406253227272e-108,1.990326179605678e-28
C001224,1.134907174533988e-35,7.678274723636165e-12
C004081,7.417714468724072e-25,9.882135956292888e-10
C013124,0.9999999999999999,0.9999999992848874
C010529,0.9999999999999589,0.999998567402187
C000743,1.0885859289816357e-24,3.3893104034022064e-10
C010737,0.9999999307261076,0.9991815726440492
C012556,0.9999999999999999,0.99999999661911
C007213,1.9466825250018004e-22,7.492126062661244e-08
C008896,8.556566305995398e-34,7.145018672810655e-14
C000192,1.0699325544432634e-05,0.0021204607503337233
C001612,0.9999999999999999,0.9999999815889711
C011684,6.519795925251393e-62,3.4129236526820913e-18
C000490,4.56824317489636e-14,1.8403590458906633e-07
C000839,5.29454499318346e-12,6.93549737067325e-05
C007908,0.0035372299883221965,0.03728713331554737
C001773,0.9999999999999998,0.9999998182066375
C008102,6.35914024900969e-05,0.0036258694669154047
C003159,0.999783411790367,0.9795042096916786
C008795,2.522641246426457e-19,1.2003020557143681e-08
C012679,2.1479317743460234e-74,8.500295541378666e-22
C001740,0.9999999999999999,0.9999999999999962
C008314,9.212873287747381e-71,1.0868721502015692e-18
C007844,5.359695111548248e-39,3.538005758170596e-13
C004783,2.0447935909165034e-53,1.04235170359489e-17
C001203,0.9999999999999999,0.9999999902075813
C003534,0.9999999999999999,0.9999999999992475
C004200,4.040800173591615e-31,2.5260618852619777e-11
C011518,0.9999895148130363,0.9821809812834651
C005632,0.9999999999999999,0.9999999999969054
C006378,0.004336728483549889,0.07064576297603549
C003834,0.0020472911966269262,0.014817085562118975
C002217,7.884673930328383e-42,3.554322219587891e-14
C009111,9.383782889333816e-23,2.7078026855679587e-09
C013581,0.9953178165945771,0.9571337916248605
C004836,5.943845979168932e-11,0.0001684920248240525
C007325,0.9999999999999999,1.0
C000913,4.75033214003918e-15,1.9045400495933092e-07
C012209,2.976476262163938e-37,4.789085948102093e-12
C001806,0.9936532515625347,0.9394342592196585
C012753,3.8997483093998267e-29,7.942088268650884e-11
C008764,0.9999261656948057,0.9973930132005792
C005580,2.5970420530377316e-07,0.0014364368539190866
C004849,0.9921734398395435,0.968619333892236
C009702,0.012266272480513658,0.15035619554755264
C007026,0.06784540366882556,0.21117226019187713
C010310,0.0019093240488726605,0.055976884483679226
C011709,0.0001209313565917524,0.004170344690134885
C006907,0.6171880946523776,0.5143679668952703
C008324,8.1597283342517795e-16,2.0862754729718988e-07
C013235,0.999999714818854,0.999984112650643
C007816,0.9016402743239723,0.7666079845951764
C010634,8.284968459889798e-08,0.0005024227380643465
C000190,0.9999999999999994,0.9999999241732277
C009336,0.0009791733319004599,0.022059792084553196
C004246,1.1560740731799872e-15,2.1511489127950306e-06
C006641,0.9999999999999999,0.9999999999404804
C009170,5.130820058204806e-30,1.5309554326937603e-11
C001782,0.9999999999999999,1.0
C002776,0.999999999999991,0.9999965531264726
C006219,1.7829947524301877e-49,6.979548112738273e-15
C009975,0.9999999999999999,0.999999999816342
C013662,6.022486058914282e-34,8.257563906252714e-13
C000758,1.3197731347363323e-95,6.603412371377194e-28
C007559,0.0010233351666670077,0.03592664082529234
C008684,6.549394119003112e-35,1.2495336921238717e-11
C001905,4.849463167799676e-19,3.0124897784999107e-07
C005740,1.790073567644906e-32,5.995651821544627e-13
C013112,2.2860916872221164e-23,3.0818727036859584e-09
C000364,0.9999999999999999,1.0
C007344,0.3961753947086166,0.2761291511674322
C000372,0.7511430070494225,0.5940345964942784
C011760,4.0471427846692e-47,8.308192882932106e-16
C003208,7.112387158100158e-14,3.4550538550908004e-05
C012171,1.9738490803627794e-05,0.004985905837553953
C001680,0.9189281137811568,0.8630447034681363
C001841,0.9786711683742064,0.8075218757822273
C000709,1.8309818405066744e-52,1.0918331486600638e-16
C007261,1.3690787393248093e-32,9.34707340547451e-14
C006329,1.2851289979654603e-20,1.0277519956971904e-08
C009813,0.9999993652686288,0.9998086930054653
C001428,0.029622150248732708,0.15400413521492068
C000055,0.00027348749360254593,0.008535727451608794
C012788,8.450227022023461e-23,4.016982332293554e-10
C003190,7.803604047375252e-14,1.6485200672213128e-06
C001955,0.997252648986962,0.9882850885894945
C012112,1.0970614773684027e-07,0.0004440958020915954
C001349,1.4221187633466147e-37,1.8897591199456418e-13
C000195,2.5655848266706946e-45,1.2422165148216695e-14
C003144,1.2542740715633322e-28,3.9810016918106204e-11
C009412,0.9999999998314046,0.9999153995386177
C000694,0.9999999999999991,0.9999999569337904
C006465,0.9747695557042695,0.8918054758595917
C005135,1.2360209203228817e-12,5.295582738083434e-06
C012504,6.279763946341907e-40,9.85758732268097e-14
C010632,1.0384966979007957e-33,1.8230119201921607e-12
C002597,2.0852873167298054e-26,3.874883025458088e-09
C012362,1.9923076959032263e-31,9.004181045438305e-11
C006374,5.996920162285108e-17,2.211470928042886e-06
C008619,0.9999990557679972,0.9983938583821238
C003215,6.982636153289804e-25,1.0060675573223753e-09
C002492,0.9999999999999999,0.9999999886652877
C003686,3.126280879502663e-25,6.794247196949801e-10
C012082,8.957932097823053e-17,2.8982613913419257e-06
C013874,5.119606006487549e-36,1.2197221434891096e-13
C002810,0.004044168557202403,0.023054827562011358
C008036,0.016470616140253722,0.07351447925518707
C012996,1.3454084249496502e-07,0.00023139138189992288
C009943,0.9999999999771167,0.9999468784202344
C006621,9.265087117175321e-05,0.004165637378286058
C005127,0.00043285471352956035,0.027385830477338058
C003326,0.9999853263660786,0.99882266609348
C009817,0.9999999999999999,0.9999999999997123
C000723,0.9999999999999999,0.9999999922720019
C000009,1.2836220293336093e-34,6.22574603349135e-14
C009867,3.9993821713577406e-51,3.574274552158641e-16
C003955,0.009669863204768389,0.040825807029567264
C004647,9.75616152347766e-09,0.0008749987390413138
C004441,9.602830428142129e-14,1.1458813597288712e-06
C008599,1.3547326308957248e-08,0.00040105372949587653
C007731,5.621617033698068e-61,2.9579259272280448e-18
C013722,0.9999999999999999,0.9999999998275796
C004332,1.884474355401676e-55,5.0672782003573454e-17
C008205,1.4502343556326856e-44,9.674667582474851e-14
C006575,1.4774160476251851e-25,1.003439552450495e-10
C010912,0.9131400767567156,0.7522109814072443
C002991,0.04231591274764679,0.24978992713592005
C007039,2.067745463630011e-28,4.302020504986953e-11
C011786,0.9999999999999999,0.999999999932524
C008992,0.0004104972446683102,0.009386192929881283
C006063,9.60809393832594e-56,9.762259769907816e-16
C011235,3.8050744781286156e-28,1.8243143977138155e-11
C009148,7.420092429368502e-09,0.0005405277315271676
C003107,9.73642018274457e-46,7.516436401888208e-15
C011289,2.2385567266106452e-10,3.26353465516976e-06
C005573,1.6379726340714478e-13,2.0302378999021824e-07
C010277,4.469978968840922e-62,8.900081058773722e-19
C012129,6.03780257856759e-20,1.84361491709293e-08
C001972,0.9999999999999998,0.9999992091875243
C006218,0.9999999999999999,0.9999999994693919
C007226,0.9999999999999999,0.999999999999837
C006819,0.6846523357045088,0.5423674614991991
C010739,2.1302615048585698e-21,1.8809639948118365e-09
C008909,4.3925811465068194e-44,1.6186771394370188e-15
C000889,0.9999999999999999,0.9999998741119857
C006517,5.3850322449774955e-20,3.986705016244713e-09
C010539,0.6629347665732113,0.5673045882752251
C010058,8.33896375091978e-14,4.501322068297788e-06
C001797,0.9999999999985926,0.9999998704645343
C007485,0.9999999999999999,0.9999999937618346
C001160,0.0006234333633538057,0.010737839824509252
C003693,0.0059514210138856966,0.12189255331439006
C010893,4.735577465481443e-06,0.0003552203602322741
C008119,0.999999999997941,0.9999989085591746
C002524,0.9999999999743068,0.9999626453862537
C002496,3.721466670890913e-130,2.475176490790977e-35
C012980,8.262898252858426e-09,0.00040358551951727667
C004395,0.9999980747186703,0.9965548423788987
C002843,3.066157732590913e-08,0.0001816221632203508
C013845,0.8177750789755679,0.8211213619303875
C013376,0.9999999999999999,0.9999999999999925
C004448,2.653999945460246e-76,2.603952065832184e-21
C009657,2.7831428934219853e-42,5.688803364499544e-15
C011342,0.8941502969064018,0.7542279876070382
C013771,0.9989041776090295,0.9784822732463614
C005849,1.676648924771632e-86,3.7025732427539676e-22
C008172,5.995828214149467e-46,2.213071951507928e-13
C007477,0.0057963209753071334,0.03105982327204345
C013340,0.9999999999996461,0.9999999237311941
C012779,0.00039799976332507053,0.03210735320519775
C004285,3.3539715608031665e-48,1.9396672425173064e-15
C003898,2.8275803424009603e-95,1.6646335734352262e-25
C003363,0.9999999999999999,0.999999999982019
C012831,6.095119204748047e-14,3.7758382688720606e-07
C006814,0.9999998119007717,0.999681587414036
C000259,0.9999999999989435,0.9999899670513287
C011833,1.8919934798903248e-74,3.903833305902346e-21
C009858,1.7837284618521628e-09,8.733160453507376e-06
C008775,2.2066246957801373e-51,9.960889566963978e-17
C005121,9.674348752328763e-40,1.3772062794823288e-15
C008183,4.93581457513609e-05,0.0018747465979276306
C003011,0.9999998851663474,0.9999784905266996
C011900,0.9999999999999999,0.9999993060575768
C003437,0.2115574051217131,0.24262830555443335
C000042,6.730872361497882e-94,3.7703942180217155e-24
C006366,5.313080655746329e-33,1.6903613032522676e-12
C003808,3.394698461837738e-35,5.3183958771999553e-14
C004098,0.9999999999999999,0.9999999999999999
C011974,8.967790432192153e-121,4.456127353160464e-34
C005222,5.8003606972421155e-40,2.8567551145327457e-16
C006113,0.9999997714857235,0.9991996483237118
C003385,2.1312541641988934e-18,7.208091738827929e-08
C010435,0.0389016009857547,0.06591403443860938
C009018,0.9999809929490766,0.9871970681180222
C000002,8.04174512238952e-05,0.01078286381198172
C001212,6.444707769381654e-14,3.431755546066313e-06
C013597,0.0003859092007173511,0.005606422862435133
C008123,0.3093704931067963,0.2827969727665799
C003743,3.694428511863919e-09,2.0041649378535672e-05
C007740,0.9999999964507669,0.9999665190324402
C010355,4.104887549515422e-62,2.9937860899301846e-20
C009041,1.5774988604806274e-08,0.0020304243155127104
C004720,6.617928625211674e-95,8.071385899658654e-26
C004279,0.9997289554604906,0.9798814266552716
C011062,5.111383799774034e-25,7.972451989702353e-09
C006244,5.1760483936669225e-54,3.878629189577442e-16
C003946,0.9999999999999999,0.9999999996389661
C006606,0.9975165467588996,0.9800587836215927
C007338,0.9958745390203072,0.9371852770018256
C004757,9.54043532423526e-37,1.0378203577626672e-11
C009968,0.747107271395209,0.6036204943033591
C005895,0.9952613448571173,0.9739143651653084
C013297,5.607130458867754e-34,2.146274501769833e-11
C000648,0.013664623150955025,0.03642276340107941
C009074,0.9923360549832504,0.8694768911276315
C013748,6.9157410562284975e-105,1.1112431491903658e-29
C013447,6.252881697201825e-20,3.752325806707521e-07
C006691,0.0007890416197428528,0.03122360464656597
C013796,0.9999999999999999,0.9999999962530285
C003778,0.9999831699951709,0.9951085891684783
C000423,0.9999867958384585,0.9940168413863929
C006461,0.9999999999999999,0.9999999975411096
C001185,0.5852142745409206,0.5165381179945282
C007100,0.9985331747008506,0.9741295741085502
C008813,0.9999999930071052,0.9997561206414911
C011112,9.805907498538562e-06,0.00127546770537139
C013120,2.0804309906443403e-07,0.0009696385132804278
C001186,1.1290976343242635e-24,7.505650488547146e-10
C005169,0.9957574183648605,0.9217602190985851
C003804,2.6244726230691108e-11,2.6634312880103434e-05
C005503,0.023796507532127028,0.047641953977820777
C005862,1.4303754466781247e-22,1.9089067188202725e-08
C009538,0.34861980619445954,0.3590297522423611
C009448,0.10944067601292913,0.3424822734590068
C006032,0.022545135402385414,0.10394533620895254
C003885,0.014885944812795936,0.14189924940215143
C004432,6.6034230259794015e-18,4.220771615042678e-06
C000871,0.01611762625954196,0.05233073011050039
C002039,4.5145236559114764e-70,2.936586075356271e-21
C006365,0.9999999999999687,0.9999997203036984
C004911,6.277277030813303e-67,7.334328184910844e-23
C006672,9.943424626922084e-52,2.660113159620837e-15
C011536,0.3262565747186245,0.5435887663899645
C004981,1.5019529090838803e-38,1.9870519658674174e-13
C010651,0.9999999999999999,0.9999999999992977
C007956,0.9999999999999999,0.999999791527679
C012297,0.004188141107024654,0.05144862210625943
C002327,0.9995936057617709,0.9891322401253079
C000169,0.9531430122212468,0.7295276008613703
C013067,0.2620362560604742,0.5448195340959543
C008812,0.9999353616595427,0.9931662369719741
C009640,0.7867876467052786,0.6291282856429322
C009431,7.419387927299873e-44,5.75807663316136e-17
C007879,0.48642435079896856,0.4919537763941485
C006639,0.999999997872365,0.999909340600566
C003038,1.0933002264619105e-100,8.645176123063146e-28
C012698,9.344050571269938e-13,4.8051361441082955e-06
C002262,0.18992775363892053,0.40225506976374176
C012610,0.9988177465523179,0.9487842591913637
C003901,0.03900703216641525,0.04131480438718897
C006359,0.9999999999999999,1.0
C002588,0.057723643546692814,0.12317500142445927
C001396,5.534226636760425e-08,0.0003359428620872469
C001571,0.22348501051326541,0.19878199479657985
C001528,0.9999999999999999,0.9999999955154634
C008352,3.9330705777125145e-47,6.3368854259874625e-15
C007829,4.3178999400858073e-16,2.0841364276674956e-06
C003679,2.5369306492654938e-36,8.919262933519512e-11
C006342,0.9999999999999999,0.9999999820494845
C009495,0.9999999999999999,0.9999999999999998
C012283,0.9085338923850086,0.7631821419492884
C008746,7.624208836113265e-19,1.2342024770186418e-07
C000612,3.920063876891532e-11,0.00019982879562520484
C001756,0.9999999999999999,0.9999997519200048
C007898,1.5098273504996628e-191,1.6645413379042026e-48
C003359,0.9999999999999999,0.9999999999925805
C008531,0.009083518980736576,0.03537076744897588
C000923,0.00021577203049968937,0.010395271520587978
C010029,0.04875181638151529,0.13865742532406455
C012083,3.8032393598342147e-35,2.081485896063929e-12
C002411,9.718505623149374e-188,1.8157971898242694e-44
C006615,0.6625268336117155,0.7068304067996657
C007948,5.0547712772748163e-123,5.4666982084962164e-33
C000051,2.7606963999126972e-08,5.7080266733131265e-05
C003442,0.9971353993737652,0.985904041424627
C006704,0.9999999999999999,1.0
C003005,4.193898468379291e-11,2.5842940494516407e-05
C006863,1.9902513854446232e-06,0.0010300180773432255
C013289,0.9698212891526063,0.9458795828961727
C007901,1.2549253142561329e-09,3.164007500731211e-05
C001519,7.737169481891699e-23,3.5099766046227815e-10
C012314,3.0806473371180228e-09,0.000660997837921235
C009127,0.9999999999999999,1.0
C007385,6.794721499202464e-07,0.00018574174469120514
C011388,0.1112296748872859,0.375779729725722
C004422,0.43781939004044895,0.35513442116852245
C001787,2.5455076147394103e-15,3.365124425980122e-08
C010084,2.5853454628865875e-46,1.0999674458635964e-14
C003517,0.9940235513747496,0.9365656268571216
C013440,0.9999342331117294,0.9963496249547853
C008393,4.771385594409621e-07,0.0021458340037414495
C013969,2.892827132124508e-36,3.015260438543754e-11
C005538,1.8549701397174276e-11,7.548423836903832e-05
C003609,0.49194802792738157,0.7027380519896488
C004520,0.9999999999371736,0.9999951644997591
C013806,0.0005512723630151829,0.011981796590979895
C004012,0.999999999997881,0.9999907508155446
C000942,4.471611954533709e-84,7.677351858490429e-24
C010331,0.9999999999999999,1.0
C006306,0.9999999995077294,0.9997539662668111
C009727,0.9695719437887071,0.8931179709240288
C006933,0.0006934303360300147,0.02368295234463706
C011058,0.9999983079323398,0.9995151532446757
C002676,6.990711709099834e-06,0.00046038587455537485
C007300,0.9999999999999999,1.0
C000243,0.009945817519572953,0.08533047989123807
C004218,7.430003911737251e-56,4.4801885809206394e-17
C007574,0.02739043910050422,0.0828898061402966
C000795,3.219609884567534e-05,0.006430969819728487
C010230,0.9969876243984963,0.9830482078147089
C011851,1.403178438905935e-23,1.2558505113222816e-08
C005477,4.931423082615914e-16,5.050053321268005e-07
C003232,0.9999999999999999,0.9999999999999999
C006505,4.6537433141486165e-10,0.00030983266538400615
C010394,0.9999999999999998,0.9999998626708084
C009896,0.03388542750128145,0.07747001100876
C011546,2.400049047719738e-69,3.3226775339141717e-22
C000520,4.019803424824731e-39,1.139707760388459e-12
C003095,2.7207108876919984e-23,3.733497887947168e-09
C005303,7.358552866403099e-08,3.418585245787735e-05
C009527,0.9220584426999885,0.7992459820001818
C012322,0.9999636507548367,0.9982968959382683
C006780,1.1415477031024172e-31,3.313744390241804e-12
C006628,0.9999999999999999,0.9999999997332603
C011524,0.9995222464932948,0.9921098757846099
C004287,0.9623768787469775,0.9264634324627978
C008641,0.9999999999999999,0.9999999723977469
C012422,0.9998755128449222,0.9946736512287032
C010463,1.1907686008155702e-06,0.0014399288557817036
C006803,1.1291409004757932e-21,1.645294796864312e-08
C006902,1.434805236299903e-05,0.004404084749433998
C006381,5.467065102501493e-29,6.099963313976296e-12
C013974,0.9999999999999999,1.0
C008829,2.872401171824558e-85,1.728087483086154e-26
C005131,6.690408734717116e-05,0.02225776392162058
C010018,0.860359184626593,0.5858958919217504
C006586,2.2381529369309747e-12,2.642520356453223e-06
C011437,6.314959590945515e-29,4.557368388092413e-13
C012211,0.0004468187005670258,0.014373056857802666
C007636,0.9999999999999999,1.0
C012199,0.9999998369245946,0.9990448363701927
C000143,0.9999999999999999,0.9999990947972089
C006994,0.9999697994951624,0.9975497206890322
C010100,0.9915862658865185,0.9737241501888642
C008954,0.9999999999999999,0.9999999999997053
C009504,0.9999999999999999,0.9999999960914446
C013644,0.9999999999999999,1.0
C000790,0.2421883602261836,0.3954859965716228
C008382,0.9999999999999999,0.999999999752234
C012271,0.9999999999999999,0.9999999995930873
C013860,0.9999999999999999,1.0
C009342,4.678225121100428e-80,3.357464137042239e-23
C002436,0.9999889504514744,0.9954753230910539
C007250,0.9999999999999998,0.999999328748892
C010834,0.02168364515649089,0.1193014644321847
C013641,4.276073527146615e-25,1.8003308096599004e-10
C012496,0.999999999999954,0.9999996229382064
C003388,0.9996812112903817,0.9692975373475229
C009465,0.012121574317197285,0.08296329915624329
C005059,0.999999999997434,0.9999657866148821
C011149,1.2620789954926273e-41,2.156637278011147e-13
C009909,9.318669635905162e-16,1.5672179418980586e-07
C010682,0.9999999289517676,0.9995687221975038
C000948,0.9986328158050781,0.9731459861645105
C013127,0.999993305224051,0.997174120902215
C003848,0.9999999999999999,0.9999999999999509
C004592,0.999998236595569,0.996440684608908
C006354,0.9999999130792037,0.9999634453242234
C010914,0.9999999995751551,0.9999793862650251
C010495,0.010458633379498516,0.016251002759352262
C012510,0.9980596430272347,0.9323835768644498
C006909,0.9856047942302885,0.9293061637625576
C000082,7.593678560414167e-22,1.0757946916180357e-09
C004265,0.9999707478859299,0.9994786399669064
C000041,0.010899420157779314,0.09181798333948135
C013457,8.659659811022323e-13,4.0864351573095e-06
C012917,0.003842392647498622,0.03482010727272762
C008299,0.027775385791947757,0.20300284261980622
C011370,4.539626431478432e-15,1.6659362929828173e-05
C001643,0.9999999999999999,0.9999999999670383
C013090,0.9999999998522563,0.9999306321286913
C013041,6.898381949339156e-05,0.007779704317604836
C008328,4.278881835780628e-39,3.0724349257448068e-12
C006799,0.6460317625443739,0.42825290150433504
C002403,0.9999999990157377,0.9999648156459398
C011466,2.2773170961255436e-16,2.35485041563265e-09
C003654,0.6600869447970323,0.720347152608643
C005913,0.9999999999999998,0.9999996675094868
C013676,1.0195910443632129e-17,3.1968799874361257e-07
C005940,0.02889582873810402,0.14658585852037403
C000980,0.9999999999999999,0.9999999882992602
C005559,1.962627098694525e-06,0.0003282489527116866
C004612,8.405693028531638e-06,0.009208832176766671
C000591,8.031791332247715e-68,5.18268763624247e-19
C002916,0.0012450079059275634,0.049306731057409826
C001045,0.9977597139031635,0.9828394485109401
C006660,6.924051004329561e-50,5.583458685414954e-16
C013950,1.1783959310711568e-122,8.160850132286551e-34
C009003,0.523059753956206,0.731312884988786
C003392,1.0658235840471281e-05,0.001927781930459449
C008374,0.9999999999999999,1.0
C012677,0.25121814268788856,0.5124796932441024
C000701,0.9999853681036364,0.9964032769368832
C007522,2.0563383008793117e-05,0.0020435698134386717
C007713,0.9999973138070596,0.9987345279875006
C007377,0.9999999999999999,1.0
C006371,1.0750049385595646e-26,1.208851979626173e-10
C003027,0.052974427961352155,0.12990859746332853
C009890,0.009376616317932596,0.07433360332203633
C002367,0.526025376360462,0.4494263711393751
C010064,0.9996442132725308,0.9910306324979827
C003353,0.3215298059946273,0.2725643510782929
C005925,0.9999999999999998,0.9999999600711995
C013461,3.091320743892452e-10,0.0003069078866251868
C013365,2.4126869595080687e-37,5.488888346342606e-12
C004113,0.9999999923887586,0.9996786959360701
C006186,0.9999999214246692,0.9993522254523222
C012870,0.9999846256410357,0.9994577189457003
C009888,6.687684413978424e-136,4.4477268825327784e-38
C000776,1.3780797341746453e-18,7.733005639752972e-09
C013536,2.700353179668671e-75,8.496153441927902e-21
C006293,0.08918681140585602,0.16618239696275294
C013856,0.9999999999999765,0.9999898850568131
C007293,8.779836674897581e-61,4.919099732580021e-21
C008097,1.2880871490425874e-49,3.130520358029982e-16
C002408,1.0905033966363912e-29,3.5022105262022934e-13
C010501,9.805343785952293e-17,1.7200443902869588e-08
C004270,0.32824244473241304,0.4735760421887639
C013911,3.3426533104747167e-28,3.072655336988822e-10
C004406,5.561072372332753e-07,0.00031504377215852027
C004390,0.9999999999999999,0.999999999998447
C001536,1.4564792998828097e-38,1.8680130022565351e-13
C005416,0.9999999999983742,0.9999039839989501
C009379,7.836937238736182e-42,2.7925654097738836e-15
C002641,0.9936060177598509,0.8626527696035343
C000997,0.001202421451964026,0.009901764205443092
C004658,3.3525167251150547e-103,6.50513008290094e-28
C003571,7.737432374472849e-40,6.881001678721933e-13
C001843,9.318712708335856e-11,5.131686942156383e-05
C013420,1.4992689507473894e-31,1.675523722295059e-11
C010069,0.25085823247055233,0.26788829474117115
C011995,1.989417679769298e-106,1.4018245146644275e-27
C009337,3.243448939416423e-05,0.008635485618845072
C010443,5.906034226723081e-15,1.6559275882276581e-06
C002600,0.9857358048259492,0.9395757126943532
C007225,0.1168869134267624,0.1364863537704887
C008816,6.9230319500264045e-12,7.494861482086491e-06
C001299,0.0015297385422991837,0.02783676998814205
C001416,2.294333685162915e-15,1.0287997439334964e-06
C012308,0.9999385619187265,0.9866119748738224
C010196,1.1152829058323134e-26,1.3064054156566195e-10
C003611,0.9999999999999999,1.0
C002562,6.262714058927647e-10,5.7854826729208894e-05
C003924,0.8616428931641156,0.8263093700454052
C010967,0.9958695091862071,0.9569201110751886
C000649,0.9999999999999999,1.0
C011920,6.304122982772028e-32,1.613983230410107e-12
C013478,2.751838901504122e-26,1.0416912481996585e-11
C011434,0.9999999973869754,0.9998248421257506
C002059,7.716672059587867e-18,1.1404720239134878e-09
C002434,3.644648255036081e-14,1.7121698524756135e-05
C004770,0.43111106652643894,0.2928422735076527
C009769,1.2762219886258834e-17,2.72908815118868e-07
C009208,0.0013079180434181028,0.007639647868790162
C007622,0.9999999981473843,0.9999753195180041
C001096,0.9999999974528535,0.9996484186571087
C009058,0.9724818807191119,0.9082328702904328
C003785,1.1892442517736302e-05,0.0022854253477804093
C011772,1.2133165066478836e-22,1.1275472135038836e-08
C008272,4.234794097100486e-28,8.115290180121964e-11
C000456,7.62883667876359e-46,7.937070686862182e-14
C002259,0.03045683759923857,0.2630880244777136
C003889,3.8656453026900885e-20,1.4787989530356989e-08
C003570,0.9999999999999999,0.9999997630831359
C010077,1.8856812503126292e-15,1.1653494364487912e-06
C004388,5.508335514593615e-05,0.0008576417816120065
C009666,0.002040070778580624,0.021141580448657188
C012168,0.9996419339968785,0.9762854780216584
C004856,6.671350016448897e-10,7.562087350619364e-06
C013677,0.6483163089854228,0.5095922773815142
C007119,6.1918958992868745e-18,1.7940611973794749e-07
C000823,0.5001889479642426,0.7001254948316
C002510,2.6645401216009018e-15,3.5728574063957546e-07
C000429,7.75792430402828e-17,1.6840324923144418e-08
C009518,8.418379632826031e-33,9.9864096379317e-13
C004913,2.228935855906191e-08,0.000644051238792817
C007316,0.05440278718787708,0.13051790145274783
C011432,2.517840049949164e-06,0.0014890914707209823
C001306,0.005833969712641213,0.058368827214352006
C013578,1.9950766373416955e-53,2.7539828055528274e-17
C011853,1.0000135267026158e-07,0.0002525961827264186
C002976,5.4967943868987414e-45,5.752373953853739e-16
C007402,0.06683480635496945,0.0998220459792475
C013114,2.2936111688699042e-10,9.565263065441493e-05
C006584,0.9999991252511788,0.9987263744060536
C004427,0.5497919254329475,0.5847484618675342
C001602,0.0017939316909113831,0.022340527543286748
C002064,0.9952289201613918,0.9689228054976655
C007444,5.622462222475597e-57,2.1630152603728984e-19
C003346,6.210000685714311e-52,4.5508570338830184e-15
C004327,0.00018425182556821047,0.0070213967169611554
C010941,0.999999999999944,0.9999994253010723
C002104,0.9999999999999999,1.0
C003832,1.9205259574041325e-49,1.7300087497888078e-16
C006296,7.687572827671909e-21,1.6270009650934774e-08
C006851,0.9999999999999996,0.9999999810125187
C003097,0.14902641075511006,0.1133378483504991
C008545,0.00014215891462669334,0.03951030459077945
C003102,0.9999999999999999,0.9999999999999594
C001369,2.3922713923128234e-53,1.1317486814901764e-17
C007433,0.9999999999999999,1.0
C011754,7.380995118007964e-235,6.822197863721298e-60
C013292,0.06213612948009107,0.23642281475129473
C011147,2.1176349051318646e-70,5.601175430124532e-19
C007919,0.9999999999999999,0.9999999997316614
C006038,0.9999999999999988,0.9999997613376673
C012133,6.838092336250103e-17,1.945011841011618e-08
C004124,6.210625674673387e-09,5.013068939841989e-05
C010540,3.3453029731229077e-26,3.599322287227426e-10
C000548,1.2125576633853723e-75,1.840204639443317e-21
C009887,0.9999999999999999,0.9999999526647175
C009936,1.004730252136738e-80,1.6430823961505505e-23
C004339,0.9999999968313494,0.9998271635831025
C013727,0.9999974976011682,0.9982947370000717
C011209,3.798593447651864e-109,6.20417708057396e-30
C013589,2.2746766748151826e-07,0.00022069660509250165
C000144,2.430873391811253e-06,0.00023622780390455776
C002352,9.212295619330288e-09,0.00010556070706298397
C010846,0.9999893774503656,0.9998803806466402
C013079,6.535437863558229e-32,2.1839426013877235e-11
C003032,0.9999999815157223,0.9999717270257359
C007098,0.9999999999999999,0.9999999795290895
C011544,0.4675031918861486,0.5252419337840086
C013250,1.5591974731519265e-20,6.579608093784628e-10
C004233,1.2798011443430044e-38,1.0559153038270017e-12
C013142,0.9999999971218945,0.9999904305014924
C005342,0.9996519117396956,0.9969927222071014
C006190,0.08919534126573633,0.09039292232453826
C002199,0.9999999999923456,0.9999954496277729
C007467,7.451914932225323e-76,3.6450882330237616e-21
C001031,0.9999988990365374,0.9989910402148263
C002048,1.7353279471606147e-48,1.2564187285429607e-15
C010775,1.6076780740319952e-32,4.1681737204497926e-10
C000019,2.9901820397196586e-06,0.001932475574064361
C005669,0.999999554955472,0.9998714707434978
C001356,0.9999999999998317,0.9999864614755596
C012337,3.915314670134032e-05,0.0012265477370065072
C005148,1.4030304028844961e-05,0.0011298340793673832
C003324,2.5817224627295743e-24,5.237515491386267e-10
C008099,0.9999999999999999,0.999999999997304
C004582,3.545428763409087e-11,1.2056367044536972e-06
C005557,1.9655617497405782e-24,2.369930099701605e-10
C008083,1.7909119469118087e-51,2.795818829923535e-17
C010735,5.9140533167216115e-46,7.634782617138406e-15
C003944,3.6170095927264756e-30,5.998986280624108e-12
C001686,0.9974325617548174,0.9782539482251447
C011430,0.9999999999999999,0.999999986433182
C009878,0.6926420604152144,0.5477029819824826
C000209,0.9999999999999999,0.9999999999999993
C001939,1.4767407231698208e-170,1.3736636707385983e-45
C011842,0.8905776309801842,0.6460464209462278
C002468,0.08466204994260408,0.08266533072085641
C012963,0.9829034852129205,0.9241027066173214
C006261,0.14738409380371284,0.3406180504047035
C011569,1.407915956223719e-27,3.599469902754568e-09
C002394,0.10182551037303604,0.27231467380246
C010158,4.470554172039596e-14,1.8023072084368856e-06
C008016,7.532194333987572e-44,1.6191997485070937e-13
C001713,9.945502616984524e-65,1.575801443652683e-18
C011450,1.731791964792261e-33,3.335292252902368e-14
C005070,1.9176622209540304e-36,1.1789172984301144e-11
C013755,0.004486531569461076,0.02589917415483576
C007683,1.1932628317369457e-16,5.3385935894817095e-08
C007822,0.9999999999999999,1.0
C003771,4.266875817656066e-05,0.0028869189693608967
C008683,0.9999999999999999,0.9999990682727649
C007654,0.9999999999990763,0.9999864261227732
C000386,0.0009568990421887187,0.055005262404723226
C004261,0.9965280392298962,0.965422005726962
C013534,0.9999999999999999,0.9999999968261445
C001134,1.7141796087566223e-12,3.2661242937463015e-06
C006403,0.03336346148642283,0.042862148908228564
C003498,5.796512334084374e-11,6.226502346761324e-05
C004116,0.0008982483678060301,0.04810884080345482
C003869,2.808233918945187e-52,2.052053362852032e-18
C006762,6.464262295981707e-42,4.721330159256864e-13
C008316,0.5116583066653063,0.43053867645024224
C001129,0.9999999999999999,1.0
C004899,1.592869410930097e-114,1.9698249136126045e-30
C000888,0.9991083767053989,0.9713901356131924
C005156,0.9999999999659638,0.9999926256708783
C012131,1.0365994061887062e-10,3.0506075109755467e-05
C001603,0.9999999999999999,1.0
C009883,4.510606912637137e-17,1.2900218423247926e-06
C001485,0.9999999999999999,0.9999999897555348
C011973,1.1186491760233132e-10,2.5646459823702685e-05
C007457,0.14746138754122332,0.15960535404886883
C007547,4.8309331231499856e-17,1.736460005151949e-06
C007042,0.9999890543742863,0.9903647716803559
C007085,0.9999946316507041,0.9944760877914802
C013097,3.4995323272680164e-12,3.430789125722746e-05
C006067,0.00437976215221692,0.03339985584734347
C003671,4.1348782054098415e-54,3.728785840566285e-17
C009797,0.9905941790169663,0.9376004326115874
C004591,0.010151360153440427,0.11914642381619646
C005113,8.214052708437763e-22,4.034712682069912e-08
C008152,0.06385105807116873,0.09189482837929253
C003896,0.0013865967687656008,0.02314641169239312
C013037,1.2613383193975886e-161,3.7207219738462564e-42
C001604,8.455262864995833e-73,1.4596421535782893e-22
C012357,1.0970579395662307e-38,8.528164418913251e-12
C008467,0.00019907962890017343,0.023987597375621034
C006956,4.3663546287101336e-11,7.975580993310515e-06
C008270,0.9999999999999999,0.9999999762813748
C004962,0.9999999999999999,0.9999999563664609
C013620,7.224445307851753e-36,1.5767692630764627e-11
C011214,7.308299431062753e-05,0.009677029463630657
C002152,0.9999999999999999,0.9999999998958161
C010706,0.9982566528957704,0.9839405171279748
C002359,1.1151105358170742e-60,8.832738663146911e-20
C011799,2.2080332574036627e-11,1.6825286766807778e-05
C005196,1.4789814475790299e-21,2.6928382703205763e-09
C007602,0.0001695853990661104,0.008797787593815807
C001251,0.0001745065109282806,0.00937109327315982
C005120,0.1874117585334236,0.13528996304024926
C008647,4.1561192943925626e-95,3.957931508231587e-29
C009008,0.002166256218627466,0.01681388834601783
C000850,0.9999999999999999,0.999999999999586
C007434,0.9999999999999999,0.9999999827881335
C000061,0.0008878572121584244,0.012917141706010106
C006512,0.011464894535277494,0.08747016282083699
C005251,8.24494498004379e-31,3.536440431054011e-11
C005023,0.004377803765391731,0.05505240609897567
C003890,1.3064795585193801e-14,1.174961180211048e-06
C003203,5.506416381949799e-54,1.5134254514414796e-17
C010751,0.00010917937693612265,0.008284635600945455
C001227,0.018209828819831998,0.14129111913570067
C009713,0.9999999999999999,0.9999999724391945
C004663,0.9587471904716125,0.7210484232832185
C004304,1.1212311698443978e-40,6.901532820868423e-13
C003376,0.09233774154766915,0.15470175488958243
C002037,0.9999999451454563,0.999968408806795
C005193,2.8289541504517668e-39,1.7150953842533935e-13
C001153,0.9999999999973522,0.9999387026216787
C007476,0.9999999999999999,0.9999997017921805
C001469,1.7525632582232736e-05,0.0003135919003502437
C003788,1.4499502580861346e-34,1.08131758334392e-12
C004518,1.7666902022854717e-06,0.009166080563596317
C007490,0.16281081072289283,0.4136939651167147
C013720,8.891807528341103e-06,0.00467564975189304
C002383,0.9805961588989804,0.9453088357922782
C000638,0.04501223816916609,0.157894533378121
C004992,8.743526332697803e-35,2.651206552564955e-12
C010963,0.9999993012165113,0.9987479697421262
C013481,0.9999999968519762,0.9999872055660398
C005013,1.6472324323126524e-09,0.00016788784837560628
C003702,1.8671407307983796e-46,6.135332482726486e-15
C011008,0.9999999999837561,0.9999245831006185
C013261,7.96372285480848e-52,2.2571263896272638e-17
C010057,0.05701246520877574,0.09460400139487035
C008562,0.9999999999999866,0.9999998796423953
C003447,1.440478039370508e-12,2.9943853796481992e-06
C003969,0.594112918555405,0.7651483449303845
C001389,0.002123734449666561,0.012529012975153419
C008534,0.0003070792135396037,0.007359968380331997
C011257,0.9999999999814401,0.9999909319049579
C006064,0.999999997630764,0.999873012381342
C008231,0.9999999999999999,1.0
C011203,4.120977197738997e-105,3.6207126678165255e-27
C011280,0.9999998489230665,0.9996857491920395
C000995,0.9999999999999999,1.0
C012893,0.9999999999999999,1.0
C000158,1.2708599506661827e-19,6.770247867123984e-07
C003877,2.2904570203865295e-31,1.6365421927735152e-10
C008214,0.8877272367572981,0.8786648362407425
C009021,0.9999999999999999,0.9999999999861153
C010583,0.9999999999999999,1.0
C005917,0.9999999999999999,0.9999999385936852
C000902,0.9999999999998658,0.9999996029761707
C006999,1.0520440053184303e-07,0.0002636967554241518
C007847,2.2806569574399204e-20,5.200623904562068e-07
C003821,0.9999999999999999,1.0
C007949,2.503074415614331e-39,1.0129827681379306e-13
