id_candidat,split
C008033,train
C004299,holdout
C011788,holdout
C001144,holdout
C003322,holdout
C000155,train
C002119,holdout
C001411,train
C003278,holdout
C007817,train
C008156,train
C007883,train
C000063,holdout
C007965,holdout
C006548,train
C004580,train
C004180,holdout
C004359,train
C000674,train
C005236,holdout
C006112,train
C004115,train
C013592,train
C006826,train
C010838,train
C006969,holdout
C005645,train
C001202,train
C009788,train
C005377,train
C001739,train
C003274,train
C008666,train
C007014,train
C013583,holdout
C005884,train
C000092,train
C002325,holdout
C010155,train
C011095,train
C005411,train
C003847,train
C012734,train
C012563,train
C002504,train
C004708,holdout
C004903,train
C002072,train
C007855,train
C006652,train
C003659,train
C010284,train
C008274,holdout
C008204,train
C005384,train
C001156,holdout
C001480,train
C012853,holdout
C001085,train
C002247,holdout
C012044,train
C009828,train
C003721,train
C009188,train
C013136,train
C005490,train
C002421,train
C007646,holdout
C002773,train
C010675,holdout
C011383,train
C002128,train
C011638,holdout
C004879,train
C000289,train
C000074,holdout
C000757,train
C001151,train
C000749,train
C007799,train
C002127,train
C006918,train
C011027,train
C007013,holdout
C005774,train
C001126,train
C007767,train
C004860,holdout
C003732,holdout
C008837,train
C010656,holdout
C006913,train
C001644,train
C013111,train
C013337,train
C011391,train
C012257,train
C008067,train
C001319,holdout
C002672,train
C010454,train
C004827,train
C004602,train
C003632,train
C000595,holdout
C013912,train
C001916,train
C000854,train
C003710,holdout
C008648,train
C001409,holdout
C000906,train
C008636,train
C011514,train
C012619,train
C004596,holdout
C009195,train
C003019,train
C006895,train
C000820,train
C007952,train
C005963,train
C010477,train
C007604,train
C008505,train
C011534,holdout
C012921,train
C010200,holdout
C002109,train
C006817,train
C004932,holdout
C002456,train
C008376,train
C000489,train
C006173,holdout
C002930,train
C004336,holdout
C008710,train
C007336,train
C011812,train
C012011,train
C010063,train
C006466,train
C003253,holdout
C003412,train
C007133,train
C003666,train
C009722,train
C001694,holdout
C005476,train
C006985,train
C001614,train
C001941,train
C000665,holdout
C011083,train
C012236,train
C009794,train
C009224,train
C002703,holdout
C011365,holdout
C004548,train
C000554,train
C011885,train
C006045,train
C011953,holdout
C001658,holdout
C002144,holdout
C011677,train
C007797,train
C008922,train
C000436,train
C012213,train
C005778,train
C005041,holdout
C006646,train
C000728,train
C007665,holdout
C006022,train
C006920,train
C009012,holdout
C006530,train
C000843,train
C003331,train
C001924,train
C003424,train
C003815,train
C000573,train
C011739,holdout
C000320,train
C013819,holdout
C002044,train
C008061,train
C005851,train
C013961,train
C002000,train
C011584,train
C013958,holdout
C002306,holdout
C005537,train
C005235,holdout
C009980,holdout
C009548,train
C013606,holdout
C005337,train
C007628,holdout
C006285,holdout
C004373,train
C009035,train
C004493,train
C009894,train
C009334,train
C011574,train
C009122,holdout
C003313,train
C005117,holdout
C010059,train
C013248,train
C006750,train
C009126,train
C008884,train
C008010,train
C010757,train
C010060,holdout
C005868,train
C010215,train
C007791,holdout
C001728,holdout
C006215,train
C005997,holdout
C003593,train
C006105,train
C011592,holdout
C006612,holdout
C010937,train
C005292,train
C013791,train
C004400,train
C008507,holdout
C010456,train
C010364,train
C004449,train
C006494,holdout
C000845,train
C006871,train
C005881,train
C011954,train
C005842,train
C008142,train
C010550,train
C004739,holdout
C012064,train
C000725,holdout
C010097,train
C005434,holdout
C006543,train
C009624,train
C008635,train
C011794,holdout
C000642,train
C000098,train
C007909,train
C011180,train
C004670,holdout
C010541,holdout
C006059,holdout
C012503,holdout
C011330,train
C005144,train
C003470,train
C013611,train
C012026,holdout
C000479,train
C006977,holdout
C009397,holdout
C000825,train
C013622,train
C006396,train
C007396,holdout
C013598,train
C010337,holdout
C002018,train
C003533,train
C008377,train
C000579,train
C001021,train
C013490,holdout
C010600,holdout
C001508,train
C006775,train
C000263,train
C009688,holdout
C001070,train
C005408,train
C006100,train
C004949,holdout
C010873,train
C011142,holdout
C000747,train
C012352,train
C004434,train
C010993,holdout
C007979,train
C013656,train
C004022,holdout
C000355,train
C005320,train
C007494,train
C005228,holdout
C011620,train
C011382,holdout
C003906,train
C008402,train
C011086,train
C012166,train
C009507,train
C008369,train
C007354,train
C010819,train
C004682,holdout
C007945,train
C002705,holdout
C009917,holdout
C007418,train
C010129,train
C008009,train
C001062,train
C009721,train
C011702,holdout
C009760,holdout
C008381,train
C011932,holdout
C001366,train
C006837,train
C006948,train
C001467,train
C008817,train
C007671,train
C013302,train
C009818,train
C008907,holdout
C002332,train
C003155,holdout
C003894,train
C012901,holdout
C013486,holdout
C009052,holdout
C010637,holdout
C009211,train
C009939,train
C012093,train
C003393,train
C012288,holdout
C009307,train
C004825,holdout
C010961,holdout
C006638,train
C013053,holdout
C010428,train
C010248,train
C004006,train
C000572,train
C000919,holdout
C012774,holdout
C003610,train
C012053,train
C010140,train
C005247,holdout
C008964,holdout
C005046,holdout
C007036,train
C006407,holdout
C002693,train
C011350,train
C012469,train
C005068,holdout
C011897,train
C003577,train
C002944,train
C003462,train
C009149,train
C005516,train
C001673,train
C001047,train
C008388,train
C004011,holdout
C012244,train
C008491,holdout
C013402,train
C009071,train
C000439,train
C003943,holdout
C012227,train
C002922,train
C001853,holdout
C005985,train
C000476,train
C008771,train
C013371,train
C010546,train
C007854,train
C011175,train
C001435,holdout
C011074,train
C003669,train
C009845,train
C003380,holdout
C004609,holdout
C011720,holdout
C002764,train
C004902,train
C010772,holdout
C003490,train
C002620,train
C004383,train
C008166,holdout
C008261,holdout
C003372,train
C009287,train
C011189,holdout
C004821,train
C010719,holdout
C013608,train
C002405,train
C006578,train
C010522,holdout
C008320,train
C010255,train
C008263,holdout
C013977,holdout
C011921,train
C007287,holdout
C006500,holdout
C000095,train
C002263,holdout
C008262,train
C004377,train
C012142,holdout
C012567,train
C010581,train
C005190,train
C011213,train
C003212,train
C013303,holdout
C010486,train
C003638,train
C002398,holdout
C002924,train
C007015,holdout
C011550,train
C003758,train
C010860,train
C012484,train
C002971,train
C002897,train
C011513,train
C013767,holdout
C004806,train
C011660,train
C013518,train
C007615,holdout
C013786,train
C000965,holdout
C001482,holdout
C000970,train
C005787,train
C002513,holdout
C013970,train
C010575,holdout
C010432,holdout
C009097,train
C013618,train
C012744,holdout
C003441,holdout
C001264,holdout
C000212,train
C005625,train
C002947,holdout
C010904,holdout
C000200,train
C003288,holdout
C002357,train
C007941,train
C005233,holdout
C004722,train
C003584,train
C008676,train
C004621,train
C005032,train
C004437,train
C003142,train
C003023,holdout
C008077,train
C007720,train
C008423,holdout
C006376,train
C012154,train
C008836,train
C013649,train
C013210,train
C001119,train
C005358,train
C011873,train
C005855,train
C000512,holdout
C012806,holdout
C000294,train
C007742,train
C005050,train
C004969,train
C004604,holdout
C009522,train
C013690,train
C009123,train
C000304,train
C004005,train
C010115,train
C012502,train
C001039,holdout
C004251,train
C006013,holdout
C004661,train
C004056,train
C000933,holdout
C012822,train
C009398,train
C007764,holdout
C010312,train
C003725,holdout
C007860,train
C003413,train
C012572,train
C000070,holdout
C009546,train
C008219,train
C001410,train
C004723,holdout
C007288,train
C006784,train
C011028,holdout
C011051,train
C000073,train
C001345,holdout
C013491,train
C010031,train
C003907,holdout
C006872,train
C003887,train
C001437,train
C005968,holdout
C013051,train
C008400,holdout
C008807,train
C001152,train
C010292,train
C012370,train
C012580,train
C006014,train
C005099,train
C007131,train
C008475,holdout
C002274,train
C007852,holdout
C001845,train
C000879,holdout
C011742,holdout
C002339,train
C008462,train
C002362,holdout
C006480,train
C003183,holdout
C007558,train
C008290,train
C008883,train
C012532,train
C004943,holdout
C003174,train
C000895,train
C002798,train
C008112,holdout
C010841,holdout
C013183,train
C003230,train
C005082,train
C009683,train
C009217,train
C004470,holdout
C009545,holdout
C012214,holdout
C008506,train
C006734,train
C006369,train
C011057,train
C005124,train
C011487,train
C000183,train
C009477,holdout
C007164,train
C004706,holdout
C012777,train
C011405,train
C008405,train
C006401,train
C005767,train
C012500,holdout
C010671,train
C009405,train
C008776,train
C012156,train
C003639,train
C011232,train
C008669,holdout
C004276,train
C012727,train
C011456,holdout
C006854,train
C011956,train
C005741,train
C013963,train
C000973,train
C011341,train
C012809,train
C004810,train
C005400,train
C000672,train
C001664,train
C003378,train
C007335,train
C005926,train
C006139,train
C007544,holdout
C008637,train
C013435,holdout
C013240,train
C006160,train
C009108,train
C003977,train
C011671,holdout
C006594,train
C002616,train
C005583,train
C010353,train
C005036,train
C000162,holdout
C000371,holdout
C009681,train
C008668,train
C000585,train
C007511,train
C001208,train
C012003,train
C008361,holdout
C005644,train
C011844,train
C006408,holdout
C006524,train
C006736,train
C011757,holdout
C003968,train
C005164,holdout
C000786,train
C001422,train
C008353,train
C003251,train
C001567,train
C010576,holdout
C011913,holdout
C013213,train
C003465,holdout
C007426,holdout
C005563,holdout
C008031,train
C012705,train
C003897,train
C003138,train
C000791,train
C004090,holdout
C002934,train
C001097,train
C013209,train
C008576,train
C010062,holdout
C010622,train
C003829,train
C005449,holdout
C005043,holdout
C006503,train
C007206,train
C005617,train
C003256,train
C013773,train
C011285,train
C006950,holdout
C013738,train
C006035,train
C001228,train
C006645,holdout
C010707,holdout
C011589,train
C001087,train
C012820,train
C002363,train
C012684,train
C005478,train
C008551,holdout
C002650,train
C001751,train
C001500,holdout
C007990,train
C006053,train
C001430,train
C002310,train
C003793,train
C001104,train
C011984,train
C004866,holdout
C010548,train
C004253,train
C011998,holdout
C006110,train
C007579,train
C012122,train
C013996,train
C010159,train
C013730,holdout
C011653,train
C001592,holdout
C005375,holdout
C003218,holdout
C010639,train
C009650,holdout
C006550,train
C006287,train
C005604,train
C012843,train
C001654,holdout
C011331,train
C011485,train
C000438,train
C011506,train
C002459,train
C006683,train
C002090,train
C009121,train
C006595,train
C005372,holdout
C010166,train
C010071,train
C011635,train
C010298,holdout
C004018,train
C005340,train
C009718,train
C005576,train
C011030,holdout
C013100,train
C006291,train
C009045,train
C000228,train
C001551,train
C009346,train
C009796,train
C007635,holdout
C004334,train
C013466,train
C000599,train
C009382,train
C011006,train
C010085,train
C000886,train
C009169,train
C008966,train
C002984,train
C010852,train
C010934,train
C001677,holdout
C001775,train
C003694,holdout
C009048,train
C002771,train
C002361,holdout
C001900,train
C002404,train
C012618,holdout
C013465,train
C005489,train
C003277,train
C012697,train
C006928,train
C007032,holdout
C005735,train
C000125,train
C001577,train
C004912,holdout
C002446,holdout
C002605,train
C003225,train
C010807,holdout
C007667,holdout
C005547,train
C007016,train
C010492,train
C009641,holdout
C013429,train
C007551,train
C009060,train
C007812,train
C007680,train
C011453,holdout
C012696,train
C003113,train
C006838,train
C007821,train
C001616,train
C009933,holdout
C003438,train
C013654,train
C008686,train
C007474,train
C002639,train
C005398,holdout
C007982,train
C007580,train
C003927,train
C010163,train
C010624,train
C013394,holdout
C003141,train
C008055,train
C011228,train
C013059,holdout
C002878,train
C002671,train
C002920,train
C006664,holdout
C012261,holdout
C012557,train
C008396,holdout
C008799,holdout
C007382,train
C010718,train
C005599,train
C012151,train
C004404,train
C002749,train
C010302,train
C002607,train
C005605,train
C012772,train
C008945,train
C013588,train
C010121,holdout
C003921,train
C005187,holdout
C007862,train
C001148,train
C005594,train
C003181,train
C001414,train
C011472,train
C013140,train
C003738,holdout
C005620,train
C011459,train
C000956,holdout
C000421,train
C006720,train
C012933,train
C004830,train
C004381,train
C012067,train
C008737,train
C001196,holdout
C008247,train
C010049,train
C006901,train
C008761,holdout
C000310,holdout
C012579,train
C000181,holdout
C004909,holdout
C000627,train
C006708,train
C009897,holdout
C008007,holdout
C000647,train
C012327,train
C010241,holdout
C004690,train
C004876,train
C003807,train
C012835,holdout
C009219,holdout
C005218,holdout
C000459,train
C002865,train
C006931,holdout
C011647,train
C000410,holdout
C007694,train
C001247,holdout
C012704,train
C004597,holdout
C010747,holdout
C005607,holdout
C011939,holdout
C011349,train
C010424,holdout
C007207,train
C006432,holdout
C010261,train
C006451,holdout
C005539,holdout
C002960,train
C012611,holdout
C009856,train
C013917,train
C005128,train
C009777,train
C009564,train
C008527,train
C007907,train
C005990,holdout
C006170,holdout
C003323,train
C006174,holdout
C003814,train
C012702,train
C008021,train
C013242,train
C011681,train
C009628,train
C001770,holdout
C006382,holdout
C012838,train
C009572,train
C000663,train
C004517,train
C001715,train
C002909,train
C005710,train
C009723,train
C009758,holdout
C007831,train
C003604,train
C006598,train
C011123,train
C007649,holdout
C005900,holdout
C005609,train
C009918,holdout
C005776,train
C009109,train
C011249,holdout
C001523,train
C008991,train
C008167,train
C011975,train
C013443,train
C006467,holdout
C001538,train
C001109,holdout
C001385,holdout
C005973,train
C006422,train
C010243,train
C002913,train
C006145,train
C009274,train
C003175,holdout
C000567,train
C008525,train
C010079,holdout
C011845,train
C011064,train
C006217,train
C006506,holdout
C005081,holdout
C005815,train
C013314,train
C004015,holdout
C010073,holdout
C007618,train
C007331,train
C003564,train
C002241,holdout
C003556,train
C002291,train
C010676,holdout
C004108,train
C002099,train
C000779,train
C007361,holdout
C000322,train
C011227,train
C004454,train
C013933,holdout
C007453,train
C008838,train
C005363,train
C006005,train
C003497,train
C002321,holdout
C002732,train
C003020,train
C005534,holdout
C011585,train
C013026,train
C007807,train
C004790,holdout
C000671,holdout
C004646,holdout
C008677,train
C007976,train
C008365,train
C000629,holdout
C000588,holdout
C010593,train
C009919,train
C008252,train
C009535,train
C009366,holdout
C007892,train
C009511,train
C010725,train
C010411,holdout
C007594,train
C007240,holdout
C010784,train
C006559,holdout
C009231,train
C012808,holdout
C013455,holdout
C008941,train
C012521,train
C013988,train
C009826,train
C002739,train
C002401,holdout
C004065,train
C006867,holdout
C001819,train
C013200,train
C011133,holdout
C000381,train
C013344,holdout
C009632,holdout
C013511,train
C013381,train
C001881,train
C000329,holdout
C003384,train
C002763,train
C007912,train
C006716,train
C013341,train
C003868,train
C005417,train
C011728,holdout
C001512,holdout
C013495,train
C008125,holdout
C012997,train
C009450,train
C012437,train
C003206,holdout
C009914,train
C005034,holdout
C013139,train
C006222,train
C012573,holdout
C003713,holdout
C007856,train
C009222,train
C007930,train
C008073,train
C008535,holdout
C006060,holdout
C003813,holdout
C010009,holdout
C011044,holdout
C011144,train
C001378,train
C001479,train
C007091,train
C012403,holdout
C006493,train
C003425,holdout
C001455,train
C004350,train
C010984,train
C008780,train
C011320,train
C003888,train
C004042,train
C013675,train
C004636,train
C013980,holdout
C000017,train
C010386,holdout
C004072,train
C001118,train
C007888,train
C008089,train
C000831,train
C010488,train
C011892,holdout
C004174,train
C005803,train
C007370,train
C006061,train
C007478,train
C012915,train
C000351,train
C003042,train
C007706,holdout
C007156,holdout
C000887,train
C006012,train
C006479,train
C005812,train
C002150,train
C012060,train
C009037,holdout
C012479,train
C007951,holdout
C007629,holdout
C005581,train
C005956,holdout
C004305,train
C010958,train
C008279,train
C004095,train
C002521,holdout
C003966,train
C001950,holdout
C000793,holdout
C012631,holdout
C006884,holdout
C000153,train
C009158,train
C001101,holdout
C005227,train
C005284,train
C003063,holdout
C001776,train
C012405,train
C008122,train
C004228,train
C009526,train
C001696,holdout
C013370,train
C012686,holdout
C013637,holdout
C013282,train
C008654,holdout
C010418,holdout
C002453,holdout
C010715,holdout
C013268,train
C004964,train
C013284,train
C000716,train
C006128,train
C009622,train
C002614,train
C012162,train
C008354,train
C002086,train
C011052,train
C007482,train
C006599,holdout
C008456,train
C011025,train
C009333,train
C001791,holdout
C012183,holdout
C005180,train
C008164,train
C010412,train
C011284,train
C010755,train
C005176,train
C001874,holdout
C011311,train
C012747,holdout
C006965,holdout
C013810,holdout
C001296,train
C003698,train
C003903,train
C000441,train
C004577,holdout
C000412,train
C003974,holdout
C005817,holdout
C001849,holdout
C000306,train
C002093,train
C006924,train
C008193,train
C008797,train
C006264,holdout
C009978,train
C011126,train
C009841,train
C006774,train
C005255,holdout
C004087,train
C002305,train
C009314,holdout
C002592,train
C012590,holdout
C001553,train
C010690,holdout
C009166,holdout
C007469,holdout
C005390,train
C006525,holdout
C009577,train
C010689,train
C009300,train
C005072,train
C011672,train
C010202,train
C004983,holdout
C009011,holdout
C002499,train
C000526,train
C008670,train
C006191,holdout
C012627,train
C001496,train
C007118,train
C012937,holdout
C000836,train
C007993,train
C004959,train
C000256,train
C004560,train
C008441,holdout
C003495,train
C012964,train
C005844,train
C010727,holdout
C006085,train
C007277,train
C009738,train
C007093,train
C003976,train
C003746,holdout
C005757,train
C004025,train
C013867,holdout
C006421,train
C005485,train
C001925,train
C008244,holdout
C004462,train
C006004,train
C010938,train
C002009,train
C008176,holdout
C000321,train
C013135,train
C003463,train
C003250,holdout
C009573,train
C012708,holdout
C012701,holdout
C004346,train
C012310,train
C000732,train
C000868,train
C013088,holdout
C008291,holdout
C009963,train
C000378,train
C010664,holdout
C006200,holdout
C011517,train
C003468,holdout
C011308,train
C003539,train
C010479,train
C000860,holdout
C002696,train
C003594,train
C009205,holdout
C007915,train
C006654,train
C012203,holdout
C010494,holdout
C008387,train
C010906,holdout
C008410,train
C010462,train
C012493,train
C008329,train
C004534,train
C005133,train
C004781,holdout
C005327,holdout
C000522,holdout
C009616,train
C005989,holdout
C008806,train
C006649,holdout
C013600,holdout
C011874,holdout
C007113,train
C004363,train
C011305,train
C004330,train
C001541,train
C000314,holdout
C006777,holdout
C008824,train
C003683,train
C009310,train
C006417,train
C009070,holdout
C007557,train
C009680,train
C010174,train
C006054,train
C008930,train
C012222,train
C013430,holdout
C001123,train
C006882,holdout
C013346,train
C012363,holdout
C004746,holdout
C012229,train
C001757,train
C004998,train
C002407,train
C007884,train
C010714,holdout
C010701,train
C004576,holdout
C004097,holdout
C008575,holdout
C002215,holdout
C012731,train
C001382,holdout
C009326,train
C007687,holdout
C009642,train
C004787,train
C004779,train
C012034,train
C003210,train
C003349,train
C009761,train
C008305,train
C006932,holdout
C001823,train
C005686,train
C005332,holdout
C012644,train
C004908,train
C010144,train
C001107,train
C002629,train
C004844,train
C006187,train
C013688,holdout
C001022,train
C009610,holdout
C007939,holdout
C012052,train
C002590,holdout
C011151,holdout
C012307,train
C009243,train
C010475,train
C007564,train
C008841,train
C007116,train
C008873,holdout
C012826,holdout
C009227,holdout
C012412,holdout
C006425,holdout
C005878,holdout
C010880,holdout
C012608,train
C003487,train
C009106,train
C003953,train
C007562,holdout
C011193,holdout
C009461,train
C013798,holdout
C012452,holdout
C000737,train
C011071,train
C013732,train
C013400,train
C009268,train
C007239,train
C006135,train
C001894,train
C008048,train
C005865,train
C011806,train
C007525,train
C013006,train
C004696,train
C009447,train
C010142,holdout
C003213,train
C012943,train
C001891,holdout
C006976,holdout
C013178,holdout
C003205,train
C010437,holdout
C004567,train
C004551,train
C008347,train
C004818,train
C000608,holdout
C004948,holdout
C008143,train
C008915,train
C013904,train
C001731,holdout
C007711,train
C013357,holdout
C001671,train
C001187,train
C006453,train
C007946,train
C007458,train
C009626,holdout
C001808,train
C001486,train
C002197,train
C010604,train
C008604,train
C001630,train
C001058,holdout
C005177,train
C005651,train
C004648,train
C007050,train
C011618,train
C011722,train
C008707,train
C008826,train
C001743,train
C001983,holdout
C007968,train
C001170,train
C004194,holdout
C010109,train
C013392,train
C013095,train
C005230,holdout
C010293,train
C009757,train
C011417,holdout
C003379,train
C009915,holdout
C011895,holdout
C012946,train
C008770,train
C000541,train
C011245,train
C012181,train
C004501,train
C011836,train
C007030,train
C013161,train
C000198,train
C002426,holdout
C001588,holdout
C006383,holdout
C011963,train
C012415,holdout
C007106,train
C012164,train
C009370,train
C005239,train
C005936,train
C005574,holdout
C006146,holdout
C013043,train
C013042,holdout
C011188,holdout
C011109,train
C008011,train
C010076,holdout
C013908,train
C009325,train
C005628,holdout
C010780,train
C002925,holdout
C006553,holdout
C011686,holdout
C006301,train
C000863,train
C010425,train
C012296,train
C007876,train
C003406,holdout
C008093,train
C009345,train
C005378,train
C002227,train
C006158,train
C009613,train
C010895,train
C012947,train
C002845,train
C008126,train
C004102,train
C003053,holdout
C001683,train
C001055,holdout
C006853,holdout
C002952,train
C002077,train
C011966,holdout
C004801,holdout
C001772,train
C004499,holdout
C000664,holdout
C012188,holdout
C005246,holdout
C007724,train
C013919,train
C010341,train
C000550,train
C003982,train
C007400,holdout
C003756,holdout
C004398,holdout
C009701,train
C009430,train
C010805,train
C004726,holdout
C012711,train
C013423,train
C001194,holdout
C003040,holdout
C000615,train
C010407,train
C005393,train
C012595,holdout
C002464,train
C007256,train
C002489,train
C006084,train
C013901,train
C013839,train
C011688,train
C006968,holdout
C010271,holdout
C005024,holdout
C001645,holdout
C005089,train
C000971,holdout
C003873,train
C003839,train
C006141,holdout
C013395,train
C003575,holdout
C000784,holdout
C012072,train
C000424,train
C003565,train
C006076,train
C011640,holdout
C000617,train
C005201,train
C000979,train
C002454,holdout
C012341,train
C004633,train
C005662,holdout
C008178,train
C003432,train
C009772,train
C000447,holdout
C007130,holdout
C013628,holdout
C011196,train
C010111,holdout
C006439,train
C003056,holdout
C000602,train
C009614,train
C003397,holdout
C007916,holdout
C004062,holdout
C003828,holdout
C003520,holdout
C005622,train
C002013,train
C008409,train
C009281,train
C013001,holdout
C006748,train
C005636,train
C006104,train
C007179,holdout
C002902,train
C005579,train
C000358,train
C009417,train
C011817,train
C012896,holdout
C008878,holdout
C007721,train
C002429,holdout
C013924,train
C007198,train
C003046,train
C005359,holdout
C009470,train
C012386,train
C005635,train
C007603,train
C004297,holdout
C002778,holdout
C012404,holdout
C005992,train
C010590,train
C013307,train
C002815,train
C013194,train
C003893,train
C002957,train
C009940,holdout
C007379,train
C003026,train
C003071,holdout
C005584,holdout
C000116,train
C004813,train
C011798,train
C013425,train
C006798,train
C004444,train
C009180,holdout
C005333,holdout
C010728,holdout
C011507,train
C003062,train
C011480,holdout
C001779,holdout
C010177,train
C005404,train
C012028,train
C001068,holdout
C010636,train
C013916,holdout
C002025,train
C013252,train
C003544,train
C004037,train
C008643,train
C010027,train
C002667,train
C011699,holdout
C000149,holdout
C004342,train
C011562,train
C009019,train
C009001,train
C003917,train
C002638,train
C007588,holdout
C007933,train
C003663,holdout
C011828,holdout
C001018,train
C000448,train
C001730,train
C002237,train
C006495,holdout
C007684,train
C006509,train
C009463,train
C010278,holdout
C005160,holdout
C009414,train
C010813,train
C005274,train
C001994,train
C002063,train
C005079,train
C011542,train
C000626,train
C013271,train
C007917,train
C003310,holdout
C000571,train
C002804,holdout
C001868,train
C005944,holdout
C008504,train
C002759,train
C002501,train
C003307,train
C012144,train
C011222,train
C007017,train
C010175,holdout
C001867,train
C001082,train
C009988,train
C005162,train
C011036,train
C005391,train
C003240,train
C006483,holdout
C013697,train
C004123,train
C009824,train
C006954,holdout
C011619,train
C010322,holdout
C009393,train
C007077,train
C011535,train
C008218,holdout
C001670,train
C013033,holdout
C012869,train
C012433,holdout
C003826,train
C013036,train
C007010,holdout
C003269,train
C010797,holdout
C003649,train
C008633,train
C004616,train
C011495,train
C011781,train
C009862,holdout
C001429,holdout
C002156,train
C006934,train
C009581,train
C005768,train
C006677,train
C013285,holdout
C001685,train
C001560,train
C002730,train
C001566,holdout
C004933,train
C009854,train
C013954,train
C005316,train
C002286,holdout
C005172,holdout
C001037,holdout
C001092,train
C006394,train
C012530,holdout
C005737,holdout
C002738,holdout
C011238,train
C002990,train
C000518,holdout
C000395,holdout
C013795,train
C006450,train
C005670,holdout
C009260,train
C011649,train
C013412,holdout
C011675,train
C003948,train
C001789,holdout
C004865,train
C009278,train
C010730,train
C004313,train
C013693,train
C010884,train
C000706,train
C006756,train
C000755,train
C011366,train
C002955,train
C007334,train
C000473,holdout
C006743,holdout
C012346,train
C013830,train
C011819,holdout
C012814,train
C008999,train
C012829,holdout
C007292,holdout
C013499,train
C012353,train
C009774,holdout
C000708,holdout
C005595,holdout
C001656,train
C010359,train
C013538,train
C013115,train
C006555,train
C009352,train
C008129,train
C006591,holdout
C013650,train
C000897,train
C006703,train
C000922,holdout
C001204,holdout
C010267,train
C003271,train
C009216,train
C009552,train
C000491,train
C001871,train
C001582,train
C009656,train
C012770,train
C009876,holdout
C001966,holdout
C011138,train
C006574,train
C006511,train
C009508,train
C002551,holdout
C006661,train
C009976,train
C011719,train
C004861,train
C009990,train
C004415,train
C008778,train
C000134,train
C012688,holdout
C009218,holdout
C011066,train
C009720,train
C002678,train
C010367,train
C007339,train
C012453,train
C011435,train
C012868,train
C001016,train
C002302,holdout
C008197,holdout
C011565,train
C009850,train
C002923,train
C008155,train
C003674,holdout
C008644,train
C013987,train
C011958,holdout
C007802,train
C002364,holdout
C010919,train
C001888,train
C009567,train
C013669,train
C011251,train
C007608,train
C004044,train
C006983,train
C007496,train
C009569,train
C003016,train
C010470,holdout
C001368,train
C006577,train
C011017,train
C012119,train
C013176,train
C005130,train
C003431,train
C004556,holdout
C010955,train
C007390,train
C012458,holdout
C007369,holdout
C003366,holdout
C009036,train
C006436,train
C013762,holdout
C008898,holdout
C006755,train
C004217,train
C003089,train
C008273,holdout
C010875,train
C013989,train
C009061,train
C002698,holdout
C000242,train
C004341,train
C007746,train
C011499,train
C001711,train
C004564,holdout
C013198,train
C007217,holdout
C008811,train
C007454,train
C010455,holdout
C007751,train
C005823,train
C001334,holdout
C000586,train
C002737,train
C005447,train
C013744,train
C011045,train
C006028,train
C011005,holdout
C004323,holdout
C004920,holdout
C013021,train
C001585,train
C009784,holdout
C000059,holdout
C012907,train
C003000,train
C013138,train
C013579,train
C010169,holdout
C004973,train
C003305,train
C007963,train
C012160,train
C004718,train
C011410,train
C012371,holdout
C005889,train
C006910,train
C001799,train
C006563,holdout
C003309,holdout
C000120,train
C013323,train
C002402,holdout
C012439,train
C011204,train
C006527,train
C005907,train
C012602,train
C013091,train
C003579,train
C011889,train
C000536,train
C003496,train
C011850,train
C004310,train
C000851,train
C012539,holdout
C012861,train
C005639,train
C012513,holdout
C012877,train
C006459,train
C000519,train
C008564,train
C006207,holdout
C008868,holdout
C009838,train
C008341,holdout
C003279,train
C005588,train
C000803,train
C012798,train
C008751,train
C001606,train
C009203,train
C011761,train
C006344,train
C011875,train
C000203,holdout
C002386,train
C005209,train
C005273,train
C001081,train
C009843,train
C006298,train
C008825,train
C012938,train
C008585,train
C011556,train
C008939,train
C013952,train
C010061,holdout
C012006,train
C002997,train
C000060,holdout
C006767,train
C004887,train
C012793,holdout
C000802,holdout
C007612,train
C000129,train
C003905,holdout
C000096,train
C000495,train
C011263,train
C006970,train
C012848,train
C002467,train
C004678,train
C005641,holdout
C006231,train
C011406,train
C010098,train
C007545,train
C007842,train
C003223,holdout
C013966,train
C009119,train
C008875,train
C005448,train
C002372,train
C011483,holdout
C010697,holdout
C008789,holdout
C004619,train
C003292,holdout
C008852,train
C013635,holdout
C008394,train
C007270,train
C010118,train
C011345,train
C006367,holdout
C010285,train
C000450,train
C011872,train
C009140,train
C012220,train
C001234,train
C011683,train
C001651,train
C003401,train
C009633,train
C003695,train
C002547,holdout
C006018,train
C010986,train
C001069,holdout
C010350,holdout
C000180,holdout
C006356,train
C009515,train
C002827,train
C012555,train
C004727,train
C013333,train
C007655,train
C003189,train
C006405,train
C008372,train
C000741,train
C000978,train
C002382,train
C002236,train
C009685,train
C010859,train
C007626,train
C010348,train
C013565,train
C000645,holdout
C004333,train
C001128,train
C010981,train
C012729,holdout
C012844,holdout
C013995,holdout
C000235,train
C008213,train
C006761,holdout
C000389,train
C007004,train
C001384,train
C004504,train
C008046,holdout
C012049,train
C009449,holdout
C008719,train
C011421,holdout
C009686,train
C002463,holdout
C005702,train
C000267,train
C003156,holdout
C002192,train
C003477,holdout
C004940,train
C009621,holdout
C012970,train
C010554,train
C000998,holdout
C003811,train
C006409,holdout
C007233,train
C006499,holdout
C010870,train
C013070,train
C012347,train
C010931,train
C011253,train
C002765,train
C008047,holdout
C004578,train
C009247,train
C000249,train
C006254,holdout
C011807,holdout
C013445,train
C011093,holdout
C011852,train
C005197,holdout
C009046,train
C010474,train
C012569,train
C010542,train
C000996,holdout
C003915,train
C009241,holdout
C005564,holdout
C003900,holdout
C000434,holdout
C008552,train
C002536,holdout
C009433,train
C009257,train
C012929,train
C000853,holdout
C008100,train
C002988,train
C003970,holdout
C012397,train
C000286,train
C002876,holdout
C007589,train
C007660,train
C003996,holdout
C012700,train
C010643,train
C000088,holdout
C003188,train
C003135,train
C011778,train
C004142,holdout
C005048,train
C005765,holdout
C002111,holdout
C001197,train
C011733,train
C011233,holdout
C000270,train
C002034,train
C013959,train
C000435,train
C002572,train
C002141,train
C006625,train
C002257,holdout
C001372,train
C010332,train
C003464,train
C013312,train
C012009,train
C003044,train
C001337,train
C005693,holdout
C003285,holdout
C008292,train
C009324,train
C002899,holdout
C013698,train
C005484,holdout
C008476,holdout
C012505,holdout
C008723,train
C012401,train
C000523,holdout
C011042,holdout
C011986,train
C008864,train
C005207,train
C000945,holdout
C007329,train
C003316,holdout
C012959,train
C007266,train
C006789,holdout
C010862,holdout
C003620,train
C013612,holdout
C000796,train
C002246,train
C002981,train
C013304,train
C003242,holdout
C008453,train
C003796,holdout
C006680,holdout
C000295,train
C004483,train
C010450,train
C001417,holdout
C000589,train
C010905,holdout
C012146,train
C007894,train
C006623,train
C009962,train
C013018,train
C011000,holdout
C007411,holdout
C003411,train
C013944,train
C004817,train
C011509,train
C003791,holdout
C001294,train
C013808,holdout
C010402,train
C012945,holdout
C007167,train
C006325,holdout
C010433,train
C001943,train
C006959,train
C000086,train
C009168,train
C007059,holdout
C005951,train
C006478,train
C013849,train
C000313,train
C000137,train
C012783,holdout
C013280,train
C012399,train
C004216,train
C002238,train
C007389,holdout
C003545,holdout
C011741,train
C005109,train
C003682,holdout
C008052,train
C000622,train
C002231,train
C006274,train
C009452,train
C012095,holdout
C008517,train
C008500,train
C006728,train
C006957,holdout
C000496,train
C010810,holdout
C011299,train
C000534,train
C002854,holdout
C013625,holdout
C013596,holdout
C006470,train
C007274,holdout
C012018,train
C002112,train
C001024,holdout
C000771,train
C010908,train
C006843,train
C012125,train
C003185,train
C008313,train
C012276,train
C008255,holdout
C006292,train
C009536,train
C002921,train
C012726,train
C005470,train
C001718,train
C002946,train
C008477,holdout
C002649,train
C012629,train
C000344,train
C007103,train
C012716,train
C010724,holdout
C002814,train
C013841,holdout
C001961,train
C012656,train
C006556,holdout
C010617,holdout
C011197,train
C002078,train
C002124,train
C013736,train
C002133,train
C010122,train
C008659,train
C011422,train
C000015,train
C007795,train
C001864,holdout
C004510,train
C010729,train
C007960,train
C008484,train
C004401,train
C003066,train
C005016,holdout
C003678,train
C005502,train
C010661,train
C009786,train
C008870,train
C010266,train
C008566,holdout
C007772,train
C002794,holdout
C010745,holdout
C005126,train
C000609,holdout
C000105,holdout
C007657,holdout
C013905,holdout
C004205,train
C008967,train
C011925,train
C009151,train
C002826,train
C009506,train
C004519,holdout
C003908,train
C000987,train
C000416,holdout
C010439,holdout
C010246,train
C006569,train
C004017,train
C011625,train
C008499,train
C002578,train
C007150,train
C005267,train
C011541,train
C006888,train
C010497,train
C001624,holdout
C000374,train
C006328,train
C002963,train
C012036,train
C005241,train
C012025,train
C012210,train
C001111,train
C003083,train
C011378,train
C010033,holdout
C008660,train
C005461,holdout
C011915,train
C010790,train
C000427,train
C013652,train
C006393,train
C004472,train
C008802,train
C008805,train
C010758,train
C010040,holdout
C009655,train
C012694,train
C005932,holdout
C006558,train
C005921,train
C000328,train
C013148,holdout
C007798,train
C006770,holdout
C013587,train
C012189,train
C002189,train
C003009,holdout
C012320,train
C006651,train
C013281,train
C010300,train
C006192,train
C007481,train
C010992,train
C008572,holdout
C007169,train
C011339,train
C013613,holdout
C002071,train
C011441,train
C002146,holdout
C011713,holdout
C007139,train
C007028,train
C012170,train
C005083,train
C009839,holdout
C005045,holdout
C004075,train
C005976,train
C004482,holdout
C005360,holdout
C000142,train
C001875,train
C012531,train
C011068,holdout
C012221,train
C007805,train
C002149,train
C003077,holdout
C004055,holdout
C012657,train
C002557,train
C010599,holdout
C010406,train
C004651,holdout
C001012,train
C010434,holdout
C003197,train
C011539,train
C004447,train
C011505,holdout
C007424,train
C008520,train
C011703,train
C002906,train
C005530,train
C012282,train
C001460,train
C011927,train
C009147,holdout
C003528,train
C002056,train
C011994,train
C007570,holdout
C010105,train
C000858,train
C005782,holdout
C006828,train
C009625,train
C001336,holdout
C009110,holdout
C012941,train
C009159,train
C009338,train
C000564,train
C000360,train
C012358,train
C000029,train
C006549,train
C009719,holdout
C010798,train
C006341,train
C005845,train
C000163,holdout
C001015,train
C010638,train
C008577,holdout
C009931,train
C010229,train
C004910,train
C004946,holdout
C002430,train
C007674,train
C007358,train
C002803,holdout
C013634,holdout
C007366,train
C008809,train
C002284,train
C002942,train
C000876,train
C011087,train
C002868,train
C006712,train
C003365,train
C000302,holdout
C011256,holdout
C005545,train
C001490,train
C006953,train
C009422,train
C006580,holdout
C009357,train
C002702,train
C012192,holdout
C012633,holdout
C006632,holdout
C009085,train
C002890,holdout
C002548,train
C010431,holdout
C004828,train
C002160,train
C012722,train
C011428,train
C003930,holdout
C005664,train
C011275,holdout
C001504,train
C011250,train
C008182,train
C001215,train
C005780,holdout
C009623,train
C001061,train
C006670,train
C012037,train
C004869,train
C010131,train
C013926,holdout
C005275,holdout
C004839,train
C005848,holdout
C003176,train
C005181,train
C004150,train
C007583,train
C003892,train
C005457,holdout
C013191,train
C007759,holdout
C004803,train
C003013,train
C011829,train
C010490,train
C007998,holdout
C009039,train
C011143,train
C010221,train
C008949,train
C005008,train
C004894,train
C011668,train
C001552,train
C013599,train
C000013,train
C004579,train
C012836,train
C008708,train
C003852,holdout
C006362,train
C011309,train
C008773,train
C012884,train
C006183,train
C001462,train
C001307,train
C009244,train
C010268,train
C013704,train
C000414,train
C000370,train
C005493,train
C001383,train
C004026,train
C000080,train
C004893,train
C008088,train
C002433,holdout
C005519,holdout
C010983,train
C013877,train
C012674,holdout
C008772,train
C003500,train
C005549,train
C013533,train
C004424,train
C002280,train
C012890,holdout
C004141,holdout
C000415,train
C008574,train
C003163,holdout
C004131,train
C006537,holdout
C001834,train
C003668,holdout
C013932,train
C012284,holdout
C011385,train
C013580,holdout
C013224,train
C005678,holdout
C009059,holdout
C000946,holdout
C004724,train
C011170,holdout
C010587,train
C006107,train
C007585,train
C007425,train
C010909,train
C003030,train
C010482,holdout
C008307,train
C010802,train
C005928,train
C009805,train
C000797,holdout
C005330,train
C013310,holdout
C013008,train
C012298,train
C007500,train
C000565,train
C007057,train
C003058,train
C008650,holdout
C006097,train
C000557,train
C008280,train
C013756,train
C002289,train
C000984,train
C006585,train
C013687,holdout
C006805,train
C007890,train
C013763,train
C001734,holdout
C005245,train
C008910,holdout
C007535,train
C005905,train
C000011,train
C012528,holdout
C009250,train
C013886,train
C003276,holdout
C004343,train
C004750,train
C004898,train
C007096,holdout
C000604,train
C006693,train
C009498,train
C013085,train
C001778,holdout
C008309,holdout
C007247,train
C005945,train
C004929,holdout
C009739,holdout
C010082,holdout
C011890,holdout
C003602,train
C007709,train
C005354,train
C000375,train
C002490,holdout
C000635,holdout
C010723,train
C010095,holdout
C004955,holdout
C009629,train
C010444,train
C009486,train
C013083,holdout
C000833,holdout
C013502,holdout
C001298,train
C006136,train
C011751,train
C003311,holdout
C004128,train
C009660,holdout
C012000,train
C005094,train
C005675,train
C009973,train
C012995,holdout
C001514,train
C004460,train
C007407,train
C003956,train
C003382,train
C007809,train
C010410,train
C012234,train
C000202,holdout
C000872,train
C009330,train
C001163,train
C003763,train
C004774,train
C009499,holdout
C002374,holdout
C012864,train
C001563,train
C001963,holdout
C009239,holdout
C002157,train
C004001,train
C002122,train
C003273,train
C003255,train
C007835,train
C009877,train
C000182,train
C012616,train
C009000,train
C002685,train
C001704,holdout
C002787,holdout
C006963,holdout
C009290,train
C002708,train
C013569,holdout
C005739,train
C008483,train
C005469,train
C005528,train
C001013,train
C011854,holdout
C009603,train
C009744,holdout
C000001,train
C010405,train
C002978,train
C002264,train
C005828,train
C011818,train
C006808,holdout
C010808,train
C005279,train
C009658,holdout
C007899,train
C006447,train
C006619,train
C000870,holdout
C006515,train
C003506,holdout
C008304,train
C006893,train
C003749,train
C004021,train
C001098,holdout
C005565,train
C013869,train
C003916,holdout
C006137,holdout
C012349,holdout
C013379,train
C005964,train
C004965,train
C011099,train
C006464,train
C011358,train
C001182,train
C002875,train
C008384,train
C012873,holdout
C013831,holdout
C002929,train
C005304,train
C010565,holdout
C003301,train
C000229,train
C009874,holdout
C013695,holdout
C013757,train
C011528,train
C001007,train
C010130,train
C012601,holdout
C003508,holdout
C000110,train
C002723,train
C013351,holdout
C001025,train
C003608,train
C010171,train
C010168,train
C012177,holdout
C009141,train
C013308,holdout
C004126,train
C001242,train
C008386,holdout
C010962,train
C003351,train
C000238,holdout
C005115,train
C013316,holdout
C006865,train
C002568,train
C013595,train
C006579,train
C004191,train
C010075,holdout
C003231,train
C005633,holdout
C005679,train
C005998,train
C013227,train
C007088,train
C012230,train
C004209,train
C011215,holdout
C000307,holdout
C010438,train
C001259,train
C000528,holdout
C001348,holdout
C013368,train
C006248,train
C004918,train
C013448,train
C012795,train
C005437,holdout
C010750,holdout
C012651,train
C005897,train
C001000,train
C006086,train
C002074,train
C013858,train
C004468,holdout
C010686,train
C005726,train
C000369,holdout
C004684,train
C002858,train
C011013,holdout
C005712,holdout
C002675,holdout
C013647,train
C007959,train
C008412,train
C011756,holdout
C004272,holdout
C001150,holdout
C003488,holdout
C006886,holdout
C005369,train
C002581,holdout
C010782,train
C013590,train
C000666,holdout
C006785,train
C003605,train
C005959,train
C005870,train
C012114,holdout
C011053,holdout
C012799,holdout
C004238,train
C010872,holdout
C002351,train
C002554,holdout
C002358,train
C011848,train
C013941,train
C000401,holdout
C007647,train
C001258,train
C002055,holdout
C005871,train
C008695,train
C006279,holdout
C007330,train
C010496,holdout
C008834,train
C013882,train
C003321,train
C011579,train
C011615,train
C003513,train
C012939,holdout
C007090,train
C012106,train
C006377,holdout
C008282,train
C004309,train
C013456,holdout
C003644,train
C003494,train
C001139,holdout
C006547,train
C008630,holdout
C011882,train
C013887,holdout
C012029,train
C007788,holdout
C012264,train
C011616,train
C010712,train
C001472,holdout
C008729,holdout
C007994,train
C007716,train
C009150,train
C000691,holdout
C009355,holdout
C001214,holdout
C013492,train
C001914,train
C013842,holdout
C001975,train
C011582,train
C006908,train
C002630,holdout
C011198,train
C001325,train
C002505,holdout
C011901,train
C010396,train
C008931,holdout
C010344,train
C008697,train
C012664,train
C000740,holdout
C009145,train
C003740,train
C001990,train
C003928,train
C013610,train
C009198,train
C002278,train
C002471,holdout
C008147,holdout
C004229,train
C008308,train
C000587,train
C010791,train
C003902,train
C004014,holdout
C002423,train
C010328,train
C007279,train
C002075,holdout
C013472,holdout
C011530,train
C005468,holdout
C012123,train
C001915,train
C006684,train
C004485,train
C010848,train
C009547,train
C002226,train
C013254,train
C009868,train
C009435,holdout
C012739,train
C005695,train
C010920,holdout
C002801,train
C009030,holdout
C006368,train
C011750,train
C003865,train
C003709,holdout
C002392,train
C011101,train
C005705,train
C008269,train
C003773,train
C001132,train
C004740,holdout
C004775,train
C004796,train
C006669,holdout
C004823,holdout
C003568,holdout
C000186,train
C007800,holdout
C012804,holdout
C010427,holdout
C013154,train
C005189,train
C001274,holdout
C005029,train
C003964,train
C002635,train
C003736,train
C007351,holdout
C011746,train
C004512,train
C005151,train
C006143,train
C010746,train
C003125,train
C011573,train
C005418,train
C006070,train
C010911,train
C008017,holdout
C006926,train
C003244,train
C010387,train
C007897,holdout
C012402,train
C000277,train
C001737,train
C005118,train
C001404,train
C012076,holdout
C008228,train
C013667,train
C003399,train
C008646,train
C001846,train
C008449,train
C005681,train
C005053,train
C012238,train
C008616,train
C011049,train
C006178,train
C012749,train
C002550,train
C007571,train
C008861,holdout
C012301,train
C005297,train
C008411,train
C010415,train
C013278,train
C006845,train
C000207,train
C009258,holdout
C010420,holdout
C000862,train
C001587,holdout
C010183,train
C010378,train
C009970,train
C003730,train
C000028,holdout
C013573,train
C009212,train
C012525,holdout
C003111,train
C007056,holdout
C010035,train
C000977,train
C006336,train
C007249,train
C009602,holdout
C008002,train
C002661,train
C001690,holdout
C007510,train
C001114,train
C005638,train
C007430,train
C011022,holdout
C006611,holdout
C004831,train
C000976,train
C009531,holdout
C012421,train
C005058,train
C002669,holdout
C011212,holdout
C007624,holdout
C002480,holdout
C004652,train
C002720,train
C006668,train
C005100,train
C013356,train
C009592,train
C007539,holdout
C000659,train
C012856,train
C011442,holdout
C005646,train
C009599,train
C001309,train
C013000,train
C012042,holdout
C011511,holdout
C013137,train
C013547,train
C005556,train
C007038,train
C009301,holdout
C009272,holdout
C000066,train
C008989,train
C012591,train
C013024,holdout
C011162,train
C007918,train
C011690,train
C001332,train
C011537,train
C004883,holdout
C013320,train
C004638,train
C010262,train
C005028,train
C009590,holdout
C000354,train
C011451,train
C010683,holdout
C000241,train
C012139,train
C013223,train
C003459,train
C009816,holdout
C010399,train
C013570,train
C007620,train
C008194,train
C011588,train
C006335,train
C010325,train
C013816,train
C010761,holdout
C006337,train
C012019,train
C003008,train
C001509,train
C001576,train
C012837,train
C008623,train
C003348,train
C008225,train
C009348,holdout
C002203,train
C010809,train
C000282,holdout
C006607,holdout
C005464,holdout
C003665,holdout
C009893,train
C002907,holdout
C013068,holdout
C008054,holdout
C000010,train
C009994,train
C012379,holdout
C002549,holdout
C013527,train
C011795,train
C003931,train
C008494,train
C001691,train
C004423,train
C010390,holdout
C004669,train
C007166,train
C002589,holdout
C004656,train
C012090,train
C012625,train
C010903,holdout
C013992,train
C005299,holdout
C009539,train
C012054,train
C007319,train
C005665,train
C007958,train
C008306,train
C006283,train
C002872,holdout
C007643,train
C013262,train
C003954,train
C012597,train
C010598,holdout
C012920,train
C004611,train
C005747,holdout
C004588,train
C004819,train
C008275,train
C010677,train
C003809,train
C004365,train
C010619,holdout
C007703,train
C011793,train
C011014,train
C004820,holdout
C008886,train
C001210,train
C008961,train
C013363,train
C011782,train
C010039,train
C011572,holdout
C008581,train
C001564,train
C001392,holdout
C008522,train
C013788,train
C001084,train
C012145,train
C008689,train
C005268,train
C010164,train
C000746,train
C005161,train
C000705,holdout
C010959,holdout
C013270,train
C003861,train
C002866,train
C010511,train
C002242,holdout
C005703,train
C010814,holdout
C001542,train
C000285,train
C013123,train
C007001,holdout
C007729,train
C011176,holdout
C002633,holdout
C010307,train
C004093,train
C007099,holdout
C004264,train
C012741,train
C002008,train
C001962,train
C000128,holdout
C010534,train
C003057,holdout
C001491,holdout
C008830,train
C006923,train
C007758,train
C009004,holdout
C004073,train
C005459,train
C004914,holdout
C005392,train
C013353,train
C004752,train
C012367,train
C007861,train
C007083,train
C003685,train
C006123,holdout
C002883,train
C007371,holdout
C007691,train
C013982,holdout
C001801,holdout
C009663,train
C004484,holdout
C011359,holdout
C013077,holdout
C012356,train
C001122,holdout
C009591,train
C002733,train
C009815,train
C007072,train
C012267,train
C010125,train
C013355,train
C009446,train
C008790,train
C013617,train
C005038,train
C005743,holdout
C012216,train
C010377,train
C000199,train
C007735,train
C010944,train
C003562,holdout
C005850,holdout
C001569,train
C005750,holdout
C003098,holdout
C003973,train
C013945,train
C004966,train
C007253,train
C013785,train
C012048,holdout
C000711,train
C000231,train
C004010,train
C012900,train
C010607,train
C003485,train
C010376,holdout
C012228,train
C004224,train
C010021,train
C000828,holdout
C007708,holdout
C013682,holdout
C005480,train
C001420,holdout
C013999,holdout
C012338,train
C001438,train
C011771,train
C007954,train
C010829,train
C005822,train
C003375,train
C003999,train
C003117,train
C012760,holdout
C010137,holdout
C003449,train
C003646,train
C007395,holdout
C012733,holdout
C009669,train
C003014,holdout
C008501,train
C000057,train
C001441,train
C004653,train
C007456,train
C011555,train
C005136,holdout
C002543,train
C000174,train
C009808,train
C009335,train
C005751,holdout
C010505,holdout
C010279,holdout
C010002,train
C005673,holdout
C012157,train
C010280,train
C005269,train
C013494,train
C003590,holdout
C000543,holdout
C013940,holdout
C006766,train
C001633,holdout
C009066,train
C011508,holdout
C009191,train
C010368,train
C005637,holdout
C000331,train
C013614,holdout
C001958,train
C008727,holdout
C008169,holdout
C008196,train
C006133,train
C004040,train
C006330,train
C008774,holdout
C011758,train
C003291,train
C011547,holdout
C000680,holdout
C005734,train
C000544,train
C010513,holdout
C013237,holdout
C005514,train
C006427,holdout
C001702,train
C008298,train
C006402,train
C008529,train
C007475,train
C004778,train
C009479,train
C001275,train
C006462,holdout
C000233,train
C000484,holdout
C013998,train
C007460,holdout
C010952,train
C006830,train
C007165,holdout
C012971,train
C006166,train
C000076,train
C005282,holdout
C000257,train
C006881,holdout
C010936,train
C003935,train
C011079,train
C002782,train
C008103,train
C008401,holdout
C003263,train
C003934,train
C010902,train
C006624,train
C011888,train
C005527,holdout
C007937,holdout
C010964,train
C008227,train
C012225,train
C001854,train
C008498,holdout
C011168,train
C000768,train
C000715,holdout
C005510,holdout
C001742,train
C001764,holdout
C010180,train
C006122,train
C004059,train
C003541,train
C003164,train
C005454,train
C010702,train
C008512,holdout
C007241,holdout
C009124,train
C004916,train
C013834,train
C005107,train
C004730,holdout
C012249,train
C001484,train
C002750,train
C005975,holdout
C013458,holdout
C011497,train
C012035,holdout
C002125,train
C003281,holdout
C011033,train
C011679,train
C010503,train
C013354,train
C005982,holdout
C010272,holdout
C007449,holdout
C006319,holdout
C003510,train
C003548,holdout
C005606,train
C006724,train
C013335,train
C006276,train
C001813,holdout
C001020,train
C009069,holdout
C004057,holdout
C003121,holdout
C003484,holdout
C008658,holdout
C012720,holdout
C000810,train
C008757,holdout
C012825,train
C000337,train
C002688,train
C004187,holdout
C009270,holdout
C010793,train
C011436,train
C011526,holdout
C006793,train
C005692,holdout
C003911,train
C008181,train
C010839,holdout
C011822,holdout
C012462,holdout
C010753,holdout
C011470,holdout
C002582,train
C011978,train
C005515,holdout
C007173,holdout
C008827,train
C000616,train
C004761,train
C011737,train
C012175,train
C006051,holdout
C005586,holdout
C012791,train
C008315,train
C002640,train
C002035,holdout
C007373,holdout
C009120,holdout
C001938,train
C002707,train
C000641,train
C011409,holdout
C001570,train
C007747,train
C012414,holdout
C012636,train
C000272,holdout
C008042,train
C010777,train
C000252,train
C000558,holdout
C008675,train
C004942,train
C000217,train
C001316,train
C000012,train
C001463,holdout
C012660,train
C011314,holdout
C012182,train
C002176,train
C009821,train
C009814,train
C013813,train
C013399,train
C012767,train
C010557,train
C008072,train
C006397,holdout
C007374,holdout
C008547,train
C013715,train
C012984,train
C005601,train
C005618,holdout
C008003,train
C007468,train
C012737,train
C001882,holdout
C007697,train
C011599,holdout
C007157,train
C013703,train
C002811,train
C012860,train
C008240,train
C003357,train
C011549,holdout
C007827,train
C012108,holdout
C000239,holdout
C008488,holdout
C002295,holdout
C004659,train
C008560,holdout
C009444,holdout
C009248,train
C000293,train
C008380,train
C013143,holdout
C007611,train
C006536,holdout
C000464,train
C008767,train
C011587,holdout
C004637,holdout
C010949,train
C007063,train
C004049,train
C010915,train
C006879,train
C007394,train
C003031,holdout
C010748,holdout
C010523,train
C009392,train
C004473,holdout
C011868,train
C004118,train
C004505,train
C005683,holdout
C008876,train
C010188,train
C008736,train
C001313,train
C002465,holdout
C008146,holdout
C002761,train
C005827,train
C008569,train
C011102,train
C009399,train
C007978,train
C003195,train
C003801,train
C000885,holdout
C013283,train
C003636,train
C005438,train
C003661,holdout
C008445,train
C001977,holdout
C002602,train
C002523,train
C007285,train
C000075,train
C005755,train
C003684,train
C010203,holdout
C003972,train
C006603,train
C004901,holdout
C009223,train
C011912,holdout
C002717,holdout
C009759,train
C007964,train
C011847,train
C007190,train
C006560,holdout
C001995,holdout
C009242,train
C005389,holdout
C006534,train
C007906,holdout
C013253,holdout
C004799,train
C013485,holdout
C000154,train
C009551,train
C013627,train
C006094,holdout
C012565,train
C007314,train
C001060,holdout
C002283,train
C004811,train
C004945,train
C006205,holdout
C002438,holdout
C008672,holdout
C006442,train
C009206,train
C001494,train
C001890,train
C002583,train
C008448,train
C005220,holdout
C013094,train
C005886,train
C000445,train
C010226,holdout
C006568,train
C007202,holdout
C006093,train
C003557,train
C010849,train
C003090,train
C010821,train
C007257,train
C009807,train
C002709,holdout
C001272,holdout
C010288,train
C012875,train
C000324,train
C011373,holdout
C006250,holdout
C007874,holdout
C006075,train
C009748,train
C000988,train
C001145,train
C009462,holdout
C006108,holdout
C002116,holdout
C013778,train
C000722,train
C002014,train
C004956,train
C012384,train
C000480,train
C001647,holdout
C005732,holdout
C012719,train
C008725,train
C006424,train
C013441,train
C005129,holdout
C006181,holdout
C004590,train
C012332,train
C007801,holdout
C012055,train
C001785,train
C006980,train
C002029,holdout
C004957,holdout
C005294,holdout
C004389,train
C002115,holdout
C004375,train
C002057,train
C000472,train
C005467,holdout
C003421,train
C007419,holdout
C001267,train
C011047,train
C006700,train
C010369,train
C013574,train
C001200,holdout
C000485,holdout
C007071,holdout
C001735,holdout
C006961,train
C013895,train
C010485,train
C011076,train
C000275,train
C009950,train
C007075,train
C006705,train
C009138,train
C009938,train
C008068,train
C011624,holdout
C008900,holdout
C010815,train
C008464,holdout
C000396,train
C004318,train
C006655,train
C005463,train
C007405,train
C002653,holdout
C002575,train
C005834,train
C000630,train
C009256,train
C009312,train
C003879,train
C003169,holdout
C009908,train
C007878,train
C002933,train
C005283,holdout
C000840,train
C000170,train
C008906,train
C003936,train
C000380,train
C012440,train
C011498,holdout
C006832,train
C000713,train
C008029,train
C008848,train
C001595,holdout
C011069,holdout
C013214,train
C012074,train
C010242,holdout
C011477,train
C012973,train
C012237,train
C011689,train
C002173,holdout
C009125,train
C011400,holdout
C009129,train
C002487,train
C003529,holdout
C002686,train
C005111,train
C012262,train
C000398,train
C004344,train
C010309,train
C002851,train
C007932,train
C007596,train
C005869,train
C002601,holdout
C008865,train
C002546,holdout
C002462,train
C013910,holdout
C002774,train
C007445,train
C002735,train
C010103,train
C010089,train
C012743,holdout
C010052,holdout
C004971,holdout
C011291,train
C012447,holdout
C008404,holdout
C007566,train
C008502,holdout
C007518,train
C007081,train
C013714,holdout
C004431,train
C012017,train
C000903,train
C010610,train
C010236,train
C000422,train
C008120,train
C011210,holdout
C007710,train
C011632,train
C008360,train
C004643,holdout
C002290,holdout
C008580,train
C013760,train
C013396,train
C001268,train
C010086,train
C002527,train
C006765,holdout
C008503,train
C004754,train
C003344,holdout
C008713,holdout
C010650,holdout
C009998,train
C009459,train
C002762,train
C010056,train
C000754,train
C005361,train
C000126,train
C008385,train
C011395,train
C004114,train
C009261,holdout
C009384,train
C013259,train
C003699,train
C012889,holdout
C012051,train
C010206,train
C005290,train
C010013,train
C011433,train
C007823,holdout
C004863,train
C008286,train
C011769,train
C007650,holdout
C007961,train
C011716,train
C007186,train
C005929,train
C013359,train
C013500,holdout
C012615,train
C000117,train
C005572,holdout
C009762,train
C007297,train
C002449,train
C012786,holdout
C010124,train
C004805,train
C009652,train
C010921,train
C010950,train
C011312,train
C004280,train
C010930,train
C012969,train
C002137,holdout
C001659,holdout
C010375,train
C010259,train
C003503,train
C012958,train
C011454,holdout
C002388,train
C007386,train
C010609,train
C005114,train
C002126,train
C013660,holdout
C007087,train
C006386,train
C002970,train
C013938,train
C012304,train
C002755,train
C002896,train
C010980,train
C012630,train
C004511,train
C005898,holdout
C002251,train
C008087,train
C009907,holdout
C001044,train
C004526,holdout
C009677,train
C001946,train
C008621,holdout
C009836,holdout
C008828,train
C009042,train
C004840,train
C009809,train
C006253,train
C000152,holdout
C007532,train
C001248,train
C007725,holdout
C010099,holdout
C007060,train
C002502,train
C006273,holdout
C001931,train
C005090,train
C011056,holdout
C008889,train
C010250,train
C005877,train
C011010,train
C001284,holdout
C011715,train
C011489,train
C008489,holdout
C011105,train
C006002,train
C007670,train
C002919,train
C011598,train
C010114,train
C005937,train
C007640,holdout
C011943,train
C011106,holdout
C000047,train
C002140,holdout
C008256,train
C013126,holdout
C012765,train
C009889,train
C009209,train
C008632,holdout
C007128,holdout
C007600,train
C002414,train
C007605,train
C006340,train
C013406,train
C002041,train
C007882,train
C003560,holdout
C013548,train
C006731,holdout
C008250,holdout
C010034,train
C000805,holdout
C002994,train
C005974,train
C013246,holdout
C005087,train
C004020,train
C004846,train
C007837,train
C012604,train
C002474,train
C004618,train
C002838,holdout
C007107,holdout
C012232,train
C009513,train
C006855,train
C002834,train
C005226,holdout
C013742,train
C010998,train
C009322,train
C009926,train
C010068,holdout
C003780,train
C005775,train
C000789,holdout
C010787,holdout
C013520,train
C005523,holdout
C003171,train
C005088,holdout
C000717,train
C007836,holdout
C009576,holdout
C004030,train
C005754,train
C013163,train
C012159,train
C008049,train
C001115,holdout
C000402,train
C000819,train
C007677,holdout
C005216,train
C006806,holdout
C009264,train
C003650,train
C004939,holdout
C011148,holdout
C012445,holdout
C002097,holdout
C000620,train
C005057,holdout
C009116,train
C006343,train
C005769,train
C007397,train
C004605,holdout
C006666,train
C009899,holdout
C011789,train
C002646,train
C001066,holdout
C009974,holdout
C009426,train
C009254,train
C004255,train
C006730,train
C012120,train
C007031,train
C003443,train
C007000,train
C008118,holdout
C006937,holdout
C003304,train
C001426,train
C000877,train
C002540,train
C000193,train
C001889,train
C000156,train
C003742,train
C013563,train
C000808,train
C005522,train
C001321,train
C005873,train
C002043,train
C007121,train
C002437,holdout
C013150,train
C011949,train
C003673,train
C012755,holdout
C010974,train
C011950,train
C006165,train
C013772,train
C002792,train
C007757,holdout
C010691,holdout
C009385,train
C002848,train
C003187,train
C007076,holdout
C005764,holdout
C004995,train
C008558,train
C006656,train
C008850,holdout
C012351,train
C002213,train
C011968,holdout
C004926,train
C009309,train
C004009,train
C006153,train
C012235,holdout
C013022,holdout
C010054,train
C013184,train
C008742,train
C006302,train
C012481,train
C003260,train
C011096,train
C006474,train
C011094,train
C004034,train
C004302,train
C006486,holdout
C013422,holdout
C004223,holdout
C010801,train
C011911,train
C000246,train
C013515,holdout
C006516,holdout
C006006,train
C006188,train
C012728,train
C009966,train
C004881,train
C005300,train
C007889,holdout
C003146,holdout
C012436,train
C012594,train
C001394,train
C002365,train
C006326,train
C009662,train
C010239,train
C007209,holdout
C009852,train
C001526,holdout
C009566,train
C006267,train
C001289,train
C007832,train
C002740,holdout
C005365,train
C004152,train
C001759,holdout
C003466,train
C012966,train
C011085,train
C001641,holdout
C009651,holdout
C005431,holdout
C008415,train
C012456,train
C002268,train
C004243,train
C000750,train
C011755,holdout
C001223,train
C001695,train
C005314,train
C012575,train
C009245,train
C002611,train
C004629,train
C012255,train
C003858,train
C012101,holdout
C006046,train
C006572,train
C009612,train
C010680,holdout
C003286,holdout
C011367,train
C002353,train
C013366,train
C006905,train
C008115,holdout
C006127,train
C011165,train
C013062,train
C008230,train
C006392,holdout
C005025,train
C001724,train
C012842,train
C010092,holdout
C012396,train
C003024,holdout
C005011,holdout
C002982,train
C011059,train
C000268,train
C010319,train
C012407,train
C007244,train
C003473,train
C012930,train
C000284,train
C011980,train
C012252,train
C009827,train
C006148,train
C013567,train
C009647,train
C005219,holdout
C012197,train
C001255,holdout
C008154,holdout
C013723,train
C012240,holdout
C003272,train
C009390,holdout
C005570,train
C001057,holdout
C011195,holdout
C009886,train
C005916,holdout
C002697,train
C007044,train
C001839,train
C013876,holdout
C005550,holdout
C011764,train
C004498,train
C004677,holdout
C005615,train
C005415,train
C012940,train
C009695,train
C001415,train
C012410,train
C008833,train
C000529,train
C006030,holdout
C011663,train
C005054,train
C009311,train
C012751,holdout
C011834,train
C002891,train
C012350,holdout
C013383,train
C001796,train
C008071,train
C007242,train
C007970,train
C011473,train
C000382,train
C001987,train
C002181,train
C011504,train
C008331,holdout
C013245,train
C004219,train
C002674,train
C009028,train
C006964,train
C004989,train
C011520,holdout
C012803,holdout
C004674,holdout
C002695,holdout
C009496,holdout
C005689,train
C006545,train
C000983,holdout
C004585,holdout
C001427,train
C007717,holdout
C011003,train
C011368,train
C005352,train
C003802,train
C013807,holdout
C000094,train
C006891,train
C008980,train
C002208,train
C008215,train
C005184,train
C000058,train
C008819,train
C002427,train
C007553,train
C011073,holdout
C007781,train
C007733,train
C008963,holdout
C007760,train
C013221,train
C010641,holdout
C008872,holdout
C008051,holdout
C008589,holdout
C002030,holdout
C012815,train
C005861,holdout
C006243,train
C009646,train
C009735,holdout
C004408,train
C000905,train
C004650,holdout
C012899,holdout
C002143,train
C001968,train
C007229,train
C008366,holdout
C004993,train
C012419,train
C012483,train
C010786,train
C004455,train
C010678,train
C008561,holdout
C013803,train
C002860,train
C010570,train
C001600,holdout
C013153,train
C009327,train
C008971,train
C009362,train
C013740,train
C011883,train
C008516,train
C006874,train
C011700,holdout
C004978,train
C007417,train
C006073,train
C004857,train
C011255,holdout
C001884,train
C000376,train
C011705,train
C013775,train
C009175,train
C004156,holdout
C013069,train
C012364,holdout
C000892,train
C002015,train
C002377,train
C000452,holdout
C004888,train
C006476,train
C012416,train
C012473,holdout
C011355,holdout
C004478,train
C004980,train
C007775,train
C013779,holdout
C008756,holdout
C003456,train
C011790,train
C010451,holdout
C013630,holdout
C012027,train
C011448,train
C007991,train
C000989,train
C000838,holdout
C013991,train
C005608,holdout
C008471,train
C005108,train
C004446,train
C010933,holdout
C013584,train
C013202,holdout
C002117,train
C001488,train
C002348,holdout
C009925,train
C010957,train
C012609,holdout
C009716,train
C009351,train
C006164,train
C010093,train
C002559,train
C007002,train
C010227,holdout
C005159,train
C003856,train
C012919,train
C013029,train
C006697,train
C000167,holdout
C009575,holdout
C004372,train
C003653,holdout
C004317,holdout
C001252,train
C010917,train
C002319,train
C009996,holdout
C006009,train
C003132,train
C004709,holdout
C007989,train
C003647,holdout
C010193,train
C008095,train
C010038,train
C000278,train
C003067,train
C013843,train
C011011,holdout
C000187,train
C005074,train
C004972,holdout
C009895,train
C000463,train
C008652,holdout
C013258,holdout
C002741,train
C004260,train
C008948,train
C000455,train
C006971,train
C012472,train
C005192,train
C009694,train
C000658,train
C012333,train
C006357,holdout
C012962,holdout
C012015,holdout
C005204,train
C000053,train
C009746,train
C011208,train
C003622,holdout
C006608,train
C005879,train
C002479,train
C011862,train
C005145,train
C004277,holdout
C005394,train
C004201,train
C009830,train
C004829,train
C003875,train
C000859,train
C010383,train
C004617,train
C007431,train
C013416,holdout
C010113,train
C002880,holdout
C002528,train
C001094,train
C011937,train
C011696,train
C011463,train
C001877,train
C007439,holdout
C011141,train
C000974,train
C009374,train
C004515,train
C011553,train
C000576,train
C010551,train
C011706,train
C010612,train
C007061,train
C007784,holdout
C000204,train
C002026,train
C005373,train
C004603,holdout
C007987,train
C008730,train
C004314,holdout
C010459,train
C002724,train
C009055,train
C004489,holdout
C003386,train
C010559,holdout
C006184,holdout
C003589,holdout
C005424,train
C013543,train
C007322,train
C002200,train
C001545,train
C003606,train
C000720,train
C000535,train
C002196,holdout
C000311,holdout
C003460,train
C011886,train
C005540,train
C000751,holdout
C008248,train
C006823,train
C002908,train
C003705,train
C012516,train
C000687,train
C008597,train
C008869,holdout
C006717,holdout
C003152,train
C009751,train
C008141,train
C002079,train
C002644,train
C004122,train
C002974,train
C009353,holdout
C011827,train
C000826,holdout
C001418,train
C010932,train
C012336,holdout
C013080,train
C012784,train
C013170,holdout
C012109,train
C001708,train
C004563,holdout
C008549,train
C004397,train
C003617,train
C012319,train
C001662,train
C005285,train
C013409,holdout
C002535,train
C012787,train
C002287,train
C005497,train
C008914,train
C001913,train
C012385,holdout
C004513,holdout
C010211,train
C010726,train
C008220,holdout
C009087,holdout
C011938,holdout
C009880,train
C005965,holdout
C010889,train
C008897,train
C004120,holdout
C009331,train
C001777,holdout
C005725,train
C006857,train
C008038,train
C013851,train
C001722,train
C006433,holdout
C008312,holdout
C006317,train
C001546,train
C013038,train
C011360,holdout
C000367,train
C001650,train
C009542,train
C004036,train
C009724,holdout
C012406,holdout
C006839,train
C002145,train
C011523,holdout
C005178,holdout
C010429,holdout
C002552,train
C001632,train
C007578,train
C004032,holdout
C000225,train
C002129,holdout
C009790,holdout
C009304,train
C009049,holdout
C000900,holdout
C011443,train
C006596,train
C000593,train
C005788,train
C003436,holdout
C003200,train
C005513,train
C010366,train
C002166,train
C001229,holdout
C013528,holdout
C000411,holdout
C003618,train
C013003,holdout
C002425,holdout
C002606,holdout
C010452,holdout
C000812,holdout
C013811,holdout
C002545,holdout
C007811,holdout
C011600,holdout
C006087,holdout
C003912,holdout
C010804,holdout
C006081,holdout
C011894,train
C001233,train
C013799,train
C013897,train
C003033,holdout
C005436,train
C008687,holdout
C008296,train
C007018,holdout
C004662,train
C013854,train
C004371,train
C004736,train
C001719,train
C013255,train
C001238,holdout
C010732,holdout
C005244,train
C010504,train
C008421,train
C003728,train
C003648,train
C001270,train
C006589,holdout
C008781,holdout
C008426,holdout
C008452,train
C005953,train
C001557,train
C009730,train
C005660,train
C004868,train
C002563,train
C007355,holdout
C008450,holdout
C003246,train
C004742,train
C012819,train
C011999,holdout
C002389,train
C007162,train
C001795,train
C004885,train
C007347,train
C011521,train
C004668,holdout
C010826,holdout
C010948,train
C011317,train
C002040,train
C003354,train
C008711,holdout
C004527,holdout
C013369,train
C001100,train
C007146,train
C013286,holdout
C009733,holdout
C008871,holdout
C013373,train
C006443,train
C011229,train
C000165,holdout
C011265,train
C000342,holdout
C006131,train
C002455,train
C008356,train
C005819,train
C008595,holdout
C011211,train
C007996,train
C004769,holdout
C004928,train
C011177,train
C006562,train
C005707,holdout
C006816,train
C010126,holdout
C012647,holdout
C008185,holdout
C005116,train
C011682,train
C005901,holdout
C010228,train
C013658,train
C007092,train
C005941,holdout
C005846,holdout
C007208,train
C000874,train
C006492,train
C000208,train
C006986,holdout
C006345,train
C008184,train
C012540,train
C000769,holdout
C008718,train
C009182,train
C006255,holdout
C008568,train
C010143,train
C009600,train
C000654,train
C010602,holdout
C005212,train
C012242,train
C003283,holdout
C006000,holdout
C006813,train
C010436,holdout
C011201,train
C003373,train
C011622,train
C001169,train
C006290,train
C013269,train
C002440,train
C001910,train
C010840,holdout
C011357,train
C010512,train
C011964,train
C013476,holdout
C008904,train
C009275,holdout
C003628,train
C013106,train
C012195,train
C008106,holdout
C010151,train
C004644,train
C012725,train
C011811,train
C005569,train
C011226,train
C006644,train
C010896,train
C002103,train
C008578,train
C009380,holdout
C003131,train
C003819,train
C013483,train
C007235,train
C013777,train
C011389,train
C001863,train
C012394,train
C007659,train
C012176,holdout
C005619,holdout
C007163,holdout
C008362,holdout
C008867,train
C003670,train
C004673,train
C009183,holdout
C009905,train
C010466,holdout
C002244,train
C011967,holdout
C004694,train
C013017,train
C008438,train
C012393,holdout
C001174,train
C002431,train
C000221,train
C012475,holdout
C004525,holdout
C004771,train
C012012,train
C013752,train
C003493,train
C000433,train
C003538,train
C006277,train
C002519,holdout
C012366,train
C010070,holdout
C012498,train
C003314,holdout
C013063,train
C003697,train
C011800,holdout
C008688,holdout
C005688,train
C012998,train
C007367,train
C004149,train
C000760,train
C003797,train
C001970,holdout
C000157,holdout
C004054,holdout
C010460,train
C006958,train
C000492,train
C012687,holdout
C003342,holdout
C000894,train
C000898,train
C005912,train
C011604,train
C002255,train
C006162,holdout
C003641,train
C000309,train
C000990,holdout
C002507,train
C003418,train
C003536,train
C009142,holdout
C004066,train
C001454,holdout
C003116,train
C008140,train
C000600,holdout
C006106,train
C000339,holdout
C004886,holdout
C012490,train
C002400,train
C003319,holdout
C013431,train
C005517,train
C000085,train
C006258,train
C007785,train
C013746,train
C010269,holdout
C011609,train
C004412,train
C009424,train
C004704,train
C011510,train
C013328,train
C012906,train
C008628,train
C000718,train
C007590,train
C008714,train
C009104,holdout
C007441,train
C000655,train
C006388,holdout
C006778,holdout
C006414,holdout
C009321,train
C009146,train
C001406,train
C008427,train
C002460,train
C007977,train
C001540,train
C008364,train
C013052,train
C008839,holdout
C005773,train
C000359,holdout
C011972,train
C004382,holdout
C010547,train
C012685,train
C011137,holdout
C002714,train
C003153,train
C003512,train
C003984,train
C005697,holdout
C000605,train
C009408,holdout
C006384,train
C009291,train
C012554,train
C012432,train
C008424,holdout
C012373,train
C001800,train
C002412,holdout
C004394,holdout
C008371,holdout
C007301,train
C004759,train
C013879,train
C004999,holdout
C009347,train
C012872,train
C011891,holdout
C012845,train
C010824,holdout
C003729,train
C013709,train
C010657,train
C001679,holdout
C013007,holdout
C013294,train
C008243,train
C002987,holdout
C002973,train
C003308,train
C010135,train
C005553,train
C000547,holdout
C003842,train
C004249,train
C004870,holdout
C004991,train
C006102,train
C006692,train
C010996,holdout
C013453,holdout
C012480,train
C001649,holdout
C000738,holdout
C007942,train
C005496,train
C007506,train
C002520,holdout
C005348,train
C011018,train
C001516,holdout
C000160,train
C002207,train
C003652,holdout
C003624,train
C007020,holdout
C009519,train
C008084,train
C001398,train
C001829,train
C013997,train
C013015,train
C008378,train
C005613,train
C011617,holdout
C006419,train
C004974,holdout
C003457,holdout
C002889,train
C002736,train
C007503,train
C003423,train
C004225,holdout
C005988,train
C013964,train
C002966,train
C011282,holdout
C010232,train
C010409,train
C006966,train
C008090,train
C006078,train
C001838,holdout
C001218,train
C000628,holdout
C000693,train
C012847,holdout
C004169,train
C003383,holdout
C010776,train
C011248,train
C003332,train
C005272,holdout
C010828,train
C001302,train
C006825,holdout
C007317,train
C006710,holdout
C002004,train
C000631,holdout
C005061,holdout
C003136,train
C010442,holdout
C000947,train
C013336,holdout
C012680,train
C012740,train
C005302,train
C009540,train
C011110,holdout
C013306,holdout
C006241,train
C002300,train
C000882,holdout
C003717,train
C004157,train
C010102,holdout
C012827,holdout
C006430,train
C002726,train
C013509,train
C013986,train
C011887,train
C009747,train
C012245,train
C009528,holdout
C013101,train
C009700,train
C008062,train
C013419,train
C004370,train
C009237,holdout
C006257,train
C012141,holdout
C008235,holdout
C007581,train
C008950,train
C005091,train
C003296,train
C004496,train
C004160,train
C002767,holdout
C011767,holdout
C001164,holdout
C005044,train
C010943,train
C006169,train
C012411,train
C013054,train
C007158,holdout
C001793,holdout
C007849,train
C004500,train
C010620,train
C011146,train
C013540,train
C012865,train
C001639,holdout
C005407,train
C005291,train
C009164,train
C002516,train
C011038,train
C002439,train
C002871,holdout
C008473,train
C001646,train
C012752,train
C013251,train
C012058,train
C000992,train
C013411,holdout
C002028,holdout
C001906,holdout
C011849,train
C008541,train
C013489,train
C011825,train
C001753,train
C013981,train
C011977,train
C000308,train
C002882,holdout
C012794,train
C005318,holdout
C008180,train
C013279,train
C008895,train
C009543,holdout
C003445,holdout
C003134,train
C012355,train
C004165,train
C001862,train
C007069,train
C009935,holdout
C010187,train
C012568,train
C011264,train
C001493,holdout
C002395,holdout
C011860,train
C003895,train
C011538,train
C005234,train
C013321,train
C013557,train
C012068,train
C009053,train
C011490,train
C013451,train
C011015,holdout
C008613,train
C004355,holdout
C012270,holdout
C012936,holdout
C004601,train
C013888,train
C008251,train
C000601,train
C006571,train
C008932,train
C007079,holdout
C012348,train
C013350,train
C007197,holdout
C013768,train
C004731,train
C011670,holdout
C000397,holdout
C001555,holdout
C003018,holdout
C000578,holdout
C008696,train
C009289,train
C002170,holdout
C002470,holdout
C005902,train
C008459,train
C012305,train
C004345,train
C013946,train
C005423,train
C007524,train
C001769,train
C002964,train
C005970,holdout
C000097,train
C004426,holdout
C006260,holdout
C008271,train
C004076,holdout
C010152,train
C006444,train
C012434,train
C002148,train
C005056,holdout
C009492,holdout
C008810,train
C012643,train
C012854,train
C002266,train
C008600,train
C001280,train
C013087,train
C010741,train
C008458,train
C012158,holdout
C007685,train
C001920,train
C011924,train
C008913,holdout
C001998,train
C012441,train
C013290,train
C013327,train
C005731,train
C006921,holdout
C011801,holdout
C006944,holdout
C007309,train
C006435,train
C003739,train
C010225,train
C008265,train
C006069,train
C004627,holdout
C010351,holdout
C000250,train
C005763,train
C010223,train
C007743,train
C005084,train
C013978,train
C013186,train
C003870,train
C003950,holdout
C003405,train
C012190,holdout
C008370,train
C002354,train
C009201,train
C012368,train
C000621,train
C010731,holdout
C011936,train
C006631,train
C010022,train
C006490,train
C007299,train
C013968,train
C006036,train
C013837,holdout
C007609,train
C004963,holdout
C002347,train
C010721,holdout
C005896,train
C006189,holdout
C013216,holdout
C012699,train
C002927,train
C002033,train
C000039,train
C003289,holdout
C002745,train
C004031,train
C013459,holdout
C001146,holdout
C002147,train
C003580,train
C007109,holdout
C002613,train
C005852,holdout
C009516,train
C007783,train
C001948,holdout
C011065,train
C010299,train
C000943,train
C008454,train
C003629,train
C006391,train
C005077,train
C009533,train
C002279,train
C004763,train
C013508,holdout
C009225,train
C009740,train
C003762,train
C011869,train
C013473,train
C009259,train
C001310,holdout
C012757,holdout
C008717,train
C000692,train
C010287,train
C008548,train
C008957,train
C000164,train
C012732,train
C010346,holdout
C012300,train
C006597,holdout
C013782,holdout
C010722,train
C004199,train
C013264,holdout
C004051,train
C010072,holdout
C013152,holdout
C012523,train
C002941,train
C002036,train
C008098,train
C002409,train
C006198,train
C006982,train
C003995,train
C002183,holdout
C008015,train
C000561,train
C005328,train
C011655,holdout
C000365,holdout
C013164,holdout
C007159,holdout
C007841,train
C011775,train
C010083,train
C003472,holdout
C009717,train
C008651,train
C007045,train
C001295,holdout
C008398,train
C012851,train
C005526,train
C013064,train
C007143,train
C012931,holdout
C013783,train
C002772,train
C010254,holdout
C012944,holdout
C002249,train
C011452,holdout
C001741,holdout
C004715,train
C011726,train
C006788,holdout
C013426,holdout
C010156,train
C013568,train
C000785,train
C003607,holdout
C011704,train
C006089,train
C012976,holdout
C003585,holdout
C005106,holdout
C002900,train
C007307,train
C010966,train
C008905,holdout
C009184,holdout
C003784,holdout
C009088,train
C006121,train
C004147,holdout
C012991,train
C010253,train
C003723,holdout
C004976,holdout
C001478,train
C013298,train
C013577,train
C005858,train
C000159,holdout
C011173,holdout
C003154,holdout
C001352,train
C002298,train
C004453,train
C012956,train
C013972,train
C008139,train
C012280,holdout
C003939,train
C007853,train
C013713,train
C001395,train
C002252,train
C005310,train
C009766,holdout
C010446,train
C011154,holdout
C012730,holdout
C013311,train
C006546,train
C005875,train
C012174,holdout
C006987,train
C001506,train
C003300,train
C011172,train
C010589,train
C000477,holdout
C000273,train
C013679,train
C011944,train
C002399,train
C000373,train
C002335,train
C006043,holdout
C011855,train
C009659,holdout
C007938,holdout
C010713,holdout
C000830,holdout
C004469,train
C003767,train
C006737,train
C013552,holdout
C013388,train
C005313,train
C011246,holdout
C004070,train
C007073,train
C004267,train
C003076,train
C002948,holdout
C012272,holdout
C009710,holdout
C011820,holdout
C005063,holdout
C009220,train
C002539,holdout
C005347,train
C009743,train
C005698,train
C005700,train
C007193,train
C002574,holdout
C004082,train
C009193,train
C012908,train
C006315,train
C010120,train
C012420,holdout
C009411,holdout
C004895,holdout
C004290,train
C010423,holdout
C006091,train
C002187,train
C009350,train
C000248,holdout
C008786,train
C013413,holdout
C002285,holdout
C003334,train
C009013,train
C002647,train
C006890,train
C001211,train
C008035,train
C006634,train
C004642,train
C005443,train
C001825,train
C009634,train
C012834,train
C007512,holdout
C006567,holdout
C000245,train
C008297,holdout
C009113,train
C002561,train
C010138,train
C003516,holdout
C012882,train
C001311,train
C006463,train
C001535,train
C012185,train
C000563,holdout
C007148,train
C006995,train
C012562,train
C013384,holdout
C001498,holdout
C008808,train
C004125,train
C010238,train
C004952,holdout
C005179,train
C004927,train
C006266,holdout
C013820,holdout
C005794,train
C009782,train
C004487,train
C002617,train
C009654,holdout
C002618,train
C000033,train
C009541,train
C006729,train
C004566,train
C009271,holdout
C003843,train
C010335,train
C006939,train
C008796,train
C009371,train
C003390,train
C012824,train
C009267,holdout
C008920,train
C012587,train
C009473,holdout
C002069,holdout
C006802,train
C008934,holdout
C002050,holdout
C007533,train
C013027,train
C004569,train
C000950,holdout
C003198,train
C006044,train
C001273,train
C004182,train
C000226,train
C000507,train
C000818,train
C011590,train
C008451,holdout
C003168,train
C003822,train
C009742,train
C004033,train
C012983,holdout
C004772,train
C009403,train
C001499,train
C003734,train
C008391,holdout
C009016,train
C004545,train
C001245,train
C000054,train
C002542,holdout
C009032,holdout
C003933,train
C008006,train
C003045,holdout
C008233,train
C009302,holdout
C003105,train
C005007,train
C013591,train
C004549,train
C001710,train
C007673,train
C006229,train
C000312,holdout
C010953,train
C001758,train
C010569,train
C008040,holdout
C006538,train
C001830,train
C006449,train
C008821,train
C002294,holdout
C004361,holdout
C008276,train
C011577,train
C012714,train
C005727,train
C013427,train
C002154,holdout
C011766,train
C003681,train
C000813,train
C000334,train
C002785,train
C011048,train
C011412,holdout
C012537,train
C004374,train
C007887,holdout
C000545,train
C005602,holdout
C000787,holdout
C010237,train
C012653,holdout
C009102,train
C001181,holdout
C001634,holdout
C000598,train
C005687,train
C008698,train
C004213,train
C010499,train
C003358,holdout
C000122,train
C009394,train
C010530,train
C009343,holdout
C011364,train
C007412,train
C012134,train
C012813,train
C005259,holdout
C008028,train
C006590,train
C003657,holdout
C008399,train
C004139,holdout
C011601,train
C004807,train
C011710,holdout
C000683,holdout
C013559,holdout
C004183,train
C003526,train
C012974,train
C013410,train
C003427,holdout
C004890,train
C005704,train
C001108,train
C010141,train
C010601,train
C000504,train
C005808,holdout
C007448,holdout
C000403,train
C010426,holdout
C009617,train
C002832,train
C009881,holdout
C000761,train
C010521,train
C009017,train
C006116,train
C007315,train
C004089,holdout
C001748,train
C005277,train
C005001,train
C011171,train
C013011,train
C008984,train
C004925,holdout
C007808,train
C012231,train
C013545,holdout
C002328,train
C008779,holdout
C006398,train
C000896,train
C000081,train
C001812,train
C001137,holdout
C012103,holdout
C009469,train
C004961,holdout
C009780,train
C013864,train
C005590,train
C005796,holdout
C001402,train
C004407,train
C006945,train
C002482,train
C001440,train
C010822,holdout
C003100,train
C005142,train
C008321,train
C010913,train
C003222,train
C001628,train
C008111,train
C008846,train
C011104,train
C012487,train
C012005,holdout
C009296,holdout
C007702,holdout
C006852,train
C003884,holdout
C007024,train
C007409,holdout
C005430,holdout
C010545,holdout
C001855,train
C005140,holdout
C007360,train
C011478,train
C009964,train
C012212,holdout
C006841,holdout
C006310,holdout
C001929,train
C006797,train
C013872,holdout
C007470,train
C012079,holdout
C008226,train
C013734,train
C012576,holdout
C013230,train
C006079,train
C002293,train
C012833,train
C004295,holdout
C012065,train
C006592,train
C009999,train
C009368,train
C006686,train
C008858,train
C000468,train
C000849,train
C009798,train
C013195,train
C007866,holdout
C012661,train
C005611,train
C001599,train
C012515,train
C003196,train
C007023,train
C007868,train
C001565,holdout
C003532,train
C010918,train
C002786,train
C013884,train
C010756,holdout
C010989,train
C004136,holdout
C009941,holdout
C008804,holdout
C007102,train
C010517,holdout
C004990,train
C000362,train
C007183,holdout
C012334,holdout
C006760,train
C001596,train
C009885,holdout
C001135,holdout
C005552,train
C002218,train
C001591,train
C005395,train
C004711,train
C004897,train
C005860,train
C009502,holdout
C000004,train
C002666,train
C009661,train
C000577,train
C013921,train
C003112,train
C003794,train
C000283,holdout
C005353,holdout
C000702,holdout
C010481,holdout
C008731,train
C012545,holdout
C006947,train
C003226,train
C011743,train
C006307,train
C011691,holdout
C012713,holdout
C000531,train
C011608,train
C000735,train
C005062,holdout
C001928,train
C007981,train
C003204,train
C012372,holdout
C005709,train
C008926,holdout
C009873,holdout
C004144,holdout
C005258,train
C009033,train
C005567,train
C008367,holdout
C007644,train
C010778,holdout
C004707,train
C004320,holdout
C009251,train
C011928,train
C004134,train
C007054,train
C008065,holdout
C004735,train
C000955,holdout
C002512,holdout
C007542,train
C004386,train
C001586,train
C001080,train
C006269,holdout
C009294,train
C005293,train
C006284,train
C006875,holdout
C008258,train
C003880,holdout
C011512,holdout
C007504,train
C007546,train
C007573,holdout
C000087,holdout
C008853,holdout
C007914,holdout
C006159,train
C011279,train
C001365,train
C006428,holdout
C004206,holdout
C009265,train
C005253,train
C003961,train
C005791,holdout
C007662,train
C007641,train
C010667,train
C012614,train
C005471,train
C013110,train
C003254,train
C012317,train
C010844,holdout
C005173,train
C010525,train
C009014,holdout
C009153,train
C004766,holdout
C007554,train
C012775,holdout
C005722,holdout
C004776,holdout
C012259,holdout
C003158,holdout
C008096,holdout
C005551,train
C006404,train
C002689,train
C003064,train
C012849,train
C008679,train
C009423,train
C010167,train
C004755,holdout
C006643,train
C013300,train
C007483,train
C011458,train
C006268,train
C008735,train
C012374,holdout
C011039,train
C001376,train
C001954,train
C013718,train
C006007,train
C013232,holdout
C003491,train
C004705,train
C000821,train
C004793,train
C012918,holdout
C001370,train
C004786,holdout
C009207,train
C011519,train
C009204,train
C013405,train
C001807,train
C005110,holdout
C007940,train
C010890,train
C001548,holdout
C001405,train
C010606,holdout
C011611,train
C007880,train
C011639,train
C011830,holdout
C008784,holdout
C010605,holdout
C013117,holdout
C000643,train
C000668,holdout
C010672,train
C010005,holdout
C003772,holdout
C001056,holdout
C007153,holdout
C001621,holdout
C012823,holdout
C006485,holdout
C005948,train
C009946,train
C006352,holdout
C002665,train
C004104,train
C009177,holdout
C007231,train
C004428,train
C000966,train
C000449,holdout
C001354,train
C000650,train
C008001,holdout
C008027,holdout
C005790,train
C009043,train
C010586,train
C005214,train
C011942,train
C005143,holdout
C003967,train
C006103,train
C004245,train
C009246,train
C008579,train
C003588,holdout
C008342,train
C000234,holdout
C001619,holdout
C012105,train
C006149,holdout
C004109,train
C007201,train
C004471,train
C006259,train
C009944,train
C007556,train
C013039,holdout
C010430,train
C009606,train
C012693,train
C013526,holdout
C000018,train
C007432,train
C008645,train
C013522,train
C013602,train
C011545,holdout
C003511,train
C008177,train
C008673,holdout
C008743,train
C004137,holdout
C010558,train
C003724,train
C001292,train
C000475,holdout
C011525,train
C002212,train
C006904,train
C007175,train
C007452,holdout
C009687,train
C005795,train
C006077,holdout
C008468,train
C012196,holdout
C002442,train
C013339,train
C013099,train
C009139,holdout
C007027,train
C004516,train
C006431,train
C009162,train
C003535,holdout
C004997,train
C001744,train
C002180,holdout
C011230,train
C000179,holdout
C011596,train
C008325,train
C005715,holdout
C008344,holdout
C012468,train
C012922,train
C007738,holdout
C000305,train
C000910,holdout
C013759,train
C005097,train
C006446,train
C009755,train
C012578,train
C008554,holdout
C007792,train
C009636,holdout
C009875,holdout
C012529,train
C011080,holdout
C013168,train
C009767,holdout
C005736,train
C003417,holdout
C000442,train
C011692,train
C009571,train
C012599,holdout
C001343,train
C013131,holdout
C011933,train
C004745,holdout
C004288,train
C011241,holdout
C005351,train
C008217,train
C013815,holdout
C002932,train
C010311,holdout
C008490,train
C004466,holdout
C008137,holdout
C012417,holdout
C008857,train
C004667,train
C005612,holdout
C012667,train
C013334,holdout
C005224,train
C003006,holdout
C002514,train
C000513,train
C005885,train
C005479,train
C002961,train
C000139,holdout
C004645,train
C013057,train
C006314,train
C007236,train
C012110,train
C008899,train
C013463,holdout
C001110,train
C007423,holdout
C003143,train
C009945,holdout
C001681,train
C011372,train
C005752,train
C009134,train
C001610,train
C001143,train
C011809,train
C003687,holdout
C008530,train
C010468,train
C012501,train
C006892,train
C007753,train
C010785,train
C010197,train
C008335,train
C013955,holdout
C013172,train
C004088,train
C000119,train
C005092,train
C010572,train
C009806,train
C013417,train
C013450,train
C010684,holdout
C009598,train
C003715,train
C006974,train
C010877,holdout
C011322,train
C012269,train
C000323,train
C009676,holdout
C002376,train
C002747,train
C001973,train
C008417,train
C013821,train
C006821,train
C005927,train
C009514,train
C000514,train
C005980,holdout
C007793,train
C004060,train
C004953,train
C012934,train
C010520,train
C000724,train
C011302,train
C011001,holdout
C000141,holdout
C008264,train
C011865,holdout
C012989,train
C004207,holdout
C002005,train
C000957,holdout
C011108,train
C009792,train
C009802,holdout
C002323,holdout
C003199,holdout
C012967,train
C010258,holdout
C004064,train
C008800,train
C006213,train
C009185,train
C004242,train
C007232,train
C009354,train
C000814,train
C000255,train
C008390,train
C008791,train
C003859,train
C011077,train
C009038,train
C013462,train
C001175,train
C004608,train
C003302,train
C002760,train
C006662,train
C010744,train
C004121,train
C003124,train
C007872,train
C005930,train
C013900,train
C005577,train
C000000,train
C006878,holdout
C011310,train
C012839,holdout
C002175,train
C004039,train
C001342,holdout
C001811,train
C001817,train
C009279,train
C004084,train
C007170,train
C009631,train
C011414,train
C006090,train
C011724,train
C011082,holdout
C004832,train
C004595,train
C006541,train
C008124,train
C008379,holdout
C001747,train
C005185,holdout
C009834,holdout
C005802,holdout
C011770,train
C003161,train
C002472,train
C009618,train
C008629,train
C011273,holdout
C006234,train
C002849,train
C006256,train
C010147,holdout
C003298,train
C009904,train
C008702,train
C010710,train
C009559,holdout
C006132,train
C009174,train
C001700,train
C003559,train
C013640,train
C011295,train
C001859,train
C002369,train
C002269,train
C009439,train
C004583,holdout
C012495,holdout
C012277,train
C012756,train
C007790,train
C005585,train
C010973,train
C003402,train
C011347,holdout
C008092,holdout
C005195,train
C010107,train
C002820,train
C000418,train
C001443,train
C008892,train
C006779,train
C003237,train
C001172,train
C010687,train
C007388,holdout
C006618,holdout
C010640,train
C006773,train
C001314,train
C010850,holdout
C002870,holdout
C010358,train
C004275,train
C010352,train
C000425,train
C000778,train
C000196,holdout
C004013,train
C002522,train
C013655,train
C009044,train
C002962,holdout
C000920,train
C009957,train
C005960,holdout
C007676,train
C003942,train
C012988,train
C007155,holdout
C002642,train
C008060,train
C006836,train
C008221,train
C010219,train
C008822,holdout
C010478,train
C000799,train
C008470,holdout
C006151,train
C000091,train
C005714,train
C008158,train
C010816,holdout
C006126,train
C000340,holdout
C002679,train
C001828,holdout
C007704,train
C008642,train
C007278,train
C001635,holdout
C010883,train
C006738,holdout
C005621,holdout
C009194,train
C005701,holdout
C007569,train
C008472,train
C001407,holdout
C005355,train
C007550,holdout
C012691,train
C004443,train
C004234,holdout
C005188,train
C011979,holdout
C007967,train
C012489,train
C012584,train
C006648,train
C005429,train
C000005,train
C013133,holdout
C012807,train
C009849,holdout
C001763,train
C004364,holdout
C011207,train
C012773,holdout
C008198,holdout
C000640,train
C004230,train
C000444,train
C011607,train
C011301,holdout
C002846,train
C004558,holdout
C005403,train
C012949,train
C001947,train
C006057,train
C000338,train
C006399,holdout
C011738,holdout
C007549,train
C012389,train
C010688,train
C003467,holdout
C000936,holdout
C007303,train
C002272,train
C012552,holdout
C000721,train
C003448,train
C012066,train
C011576,train
C006682,holdout
C003764,holdout
C005286,train
C004300,train
C012293,holdout
C012881,train
C006445,holdout
C009801,train
C002017,holdout
C001399,holdout
C008996,holdout
C008171,train
C006951,train
C005170,train
C008985,train
C005749,train
C011802,train
C006157,train
C007308,train
C007486,train
C013532,train
C011723,holdout
C011131,train
C007754,train
C012089,train
C010207,holdout
C011122,train
C002980,train
C007698,holdout
C011906,train
C008486,train
C005762,train
C008603,holdout
C008460,train
C007181,holdout
C002151,train
C004402,train
C005240,train
C001257,train
C004154,train
C009993,train
C001492,train
C004494,holdout
C005994,holdout
C003050,holdout
C003714,train
C013378,train
C003220,train
C009034,train
C001967,train
C007427,train
C000333,train
C006840,train
C001276,holdout
C011356,holdout
C003096,train
C012678,train
C009098,train
C011160,train
C006239,train
C001040,train
C011482,train
C002683,train
C007560,holdout
C004419,holdout
C009464,train
C001279,holdout
C006473,train
C010543,train
C000765,train
C003233,train
C002292,train
C009517,holdout
C002475,holdout
C003582,train
C001707,train
C013836,train
C010282,train
C006650,train
C011194,train
C011363,holdout
C006370,train
C012560,train
C001235,train
C012721,train
C002477,holdout
C005806,train
C002856,train
C007283,train
C001457,train
C007220,train
C007555,train
C000356,holdout
C011714,train
C012982,holdout
C004167,holdout
C001531,train
C000829,train
C012444,train
C005809,holdout
C011821,train
C003017,train
C001059,train
C000696,train
C010614,train
C003910,train
C009434,train
C008955,train
C001781,train
C005419,train
C008407,holdout
C012925,train
C001978,train
C012818,holdout
C002381,train
C004101,train
C000067,train
C009340,holdout
C013994,train
C004508,holdout
C000772,holdout
C007124,train
C013913,holdout
C000008,train
C005504,train
C002267,train
C006171,train
C001622,train
C000124,train
C004880,holdout
C003938,train
C005909,holdout
C010874,train
C009091,train
C000739,holdout
C004557,train
C000392,holdout
C001615,train
C008617,holdout
C007513,train
C003267,holdout
C013219,holdout
C011474,holdout
C011124,train
C001377,train
C011199,holdout
C002806,holdout
C001902,train
C011136,train
C002342,holdout
C002214,holdout
C013092,holdout
C009363,train
C013853,holdout
C008956,holdout
C005548,train
C010371,train
C009921,train
C000191,holdout
C009057,train
C013947,train
C009081,holdout
C002002,train
C010127,holdout
C004283,train
C013866,holdout
C001330,train
C008447,train
C013446,holdout
C000292,train
C009781,train
C003092,train
C008069,train
C001982,holdout
C001858,train
C002817,train
C004311,train
C002270,holdout
C001078,train
C008202,train
C012172,train
C005720,train
C012975,train
C005409,train
C001996,holdout
C001192,train
C001550,train
C004192,train
C010579,holdout
C008942,holdout
C004171,train
C013385,train
C004112,holdout
C009503,holdout
C003162,train
C009329,train
C007700,train
C013624,train
C001574,holdout
C006163,holdout
C012536,train
C011803,train
C011988,train
C012285,train
C011438,holdout
C012914,holdout
C004130,train
C008893,train
C012409,train
C005972,holdout
C002045,train
C002020,holdout
C001131,holdout
C001459,train
C008117,train
C000093,holdout
C012648,train
C004744,holdout
C010508,holdout
C001682,train
C011163,train
C011685,train
C006675,holdout
C000614,train
C011216,train
C004536,train
C002445,train
C011591,holdout
C004211,train
C004639,holdout
C005967,holdout
C002441,train
C001642,train
C001222,train
C001046,holdout
C002094,train
C010597,train
C011680,train
C004954,holdout
C005918,train
C009855,train
C011469,train
C006316,train
C001927,train
C003599,train
C005137,train
C013505,train
C009664,holdout
C005631,train
C012812,train
C012140,train
C001607,train
C001032,holdout
C010831,holdout
C005452,holdout
C004164,train
C003476,train
C000498,train
C011024,train
C011486,train
C000941,train
C009752,train
C013689,train
C012008,holdout
C000357,holdout
C008557,train
C011134,train
C005853,train
C005317,holdout
C002447,holdout
C010942,holdout
C006385,holdout
C007415,holdout
C009192,holdout
C009586,train
C003837,train
C003846,train
C006172,holdout
C008107,holdout
C010965,train
C001951,train
C000689,holdout
C005832,train
C006242,holdout
C005366,train
C002623,holdout
C001436,train
C013826,train
C010882,holdout
C012063,train
C006360,holdout
C000497,train
C011046,train
C011637,train
C003052,train
C004698,holdout
C011730,holdout
C009009,holdout
C003581,train
C010854,holdout
C013239,train
C000901,train
C000981,train
C004594,train
C011552,train
C009075,train
C003523,holdout
C008474,train
C006835,train
C006782,train
C004937,holdout
C007294,train
C003521,train
C009144,train
C004463,train
C009083,train
C001497,train
C000451,train
C000688,train
C003419,train
C004418,train
C010123,train
C006179,holdout
C002508,train
C008728,holdout
C000021,train
C003022,holdout
C011218,train
C009105,train
C003400,holdout
C001549,train
C011543,holdout
C008567,train
C004162,train
C004091,train
C000036,holdout
C006210,train
C009391,train
C009283,train
C010354,holdout
C012466,train
C007401,train
C005652,train
C000218,train
C004702,holdout
C006781,holdout
C004748,holdout
C000835,train
C003228,train
C011120,train
C001073,train
C003963,holdout
C012978,holdout
C002171,holdout
C004186,train
C009544,train
C006363,train
C003481,train
C009708,holdout
C007356,holdout
C009114,train
C008880,train
C012198,train
C006299,train
C003515,train
C004079,holdout
C007864,train
C008013,train
C006202,holdout
C003330,train
C004900,train
C009693,train
C002855,holdout
C007022,holdout
C010968,train
C000148,train
C000928,train
C004080,holdout
C007741,train
C010855,train
C006912,train
C000921,train
C008794,train
C013415,train
C010945,train
C004552,train
C007722,train
C010564,train
C007846,train
C007161,train
C004791,holdout
C005999,train
C013318,train
C000744,holdout
C009765,train
C010000,train
C002780,train
C007067,holdout
C008533,train
C006482,train
C007786,holdout
C008759,holdout
C008936,holdout
C010340,train
C001672,holdout
C011481,train
C001709,holdout
C004568,train
C012855,train
C011856,train
C010611,train
C001917,train
C002660,train
C006454,train
C004197,holdout
C008523,holdout
C004851,holdout
C010907,train
C013737,train
C012789,holdout
C010087,train
C012290,train
C010796,train
C008559,holdout
C004202,holdout
C008732,holdout
C012942,train
C002835,train
C005589,train
C012030,train
C003561,holdout
C001442,train
C003546,holdout
C009558,train
C003817,holdout
C006455,train
C006521,train
C012778,train
C004442,train
C005442,holdout
C013013,holdout
C009460,holdout
C006593,train
C004008,holdout
C001271,train
C012091,train
C004853,train
C013728,holdout
C001636,train
C007634,holdout
C002230,train
C004038,holdout
C012776,train
C009136,holdout
C006620,holdout
C008168,train
C013134,train
C010976,holdout
C010592,train
C001008,train
C003707,train
C010133,train
C001391,train
C002996,holdout
C004532,train
C007422,holdout
C001282,holdout
C010345,train
C004445,holdout
C008245,train
C012898,train
C010885,train
C007508,train
C011650,holdout
C003960,train
C000089,train
C007246,train
C007992,train
C002586,holdout
C001738,train
C000161,holdout
C002914,train
C002334,train
C013885,train
C010626,train
C006180,train
C002828,train
C003552,holdout
C011266,train
C003993,holdout
C012582,train
C013432,train
C013711,train
C006601,holdout
C005383,train
C009779,holdout
C010370,train
C012892,holdout
C010327,holdout
C006448,train
C009234,train
C004467,train
C009825,train
C008929,train
C003751,train
C002081,holdout
C008662,train
C007479,train
C006992,train
C001895,holdout
C009266,train
C001193,train
C003744,holdout
C000027,holdout
C008681,train
C000101,train
C002458,holdout
C001371,train
C003119,train
C009214,train
C005829,holdout
C004540,holdout
C007320,train
C002936,train
C006058,holdout
C000893,holdout
C013162,train
C006286,train
C011329,holdout
C005772,holdout
C002515,holdout
C013503,holdout
C002989,train
C007168,train
C005346,train
C002461,train
C001305,train
C007008,holdout
C012816,train
C004802,train
C010789,train
C009775,train
C003475,train
C005200,holdout
C013075,train
C005155,train
C012519,train
C001578,train
C011231,holdout
C002271,train
C013764,train
C002831,train
C005882,train
C009584,train
C003177,train
C008680,train
C004296,holdout
C008508,train
C013167,train
C000656,train
C005600,train
C005685,holdout
C010007,train
C009951,train
C007154,holdout
C001822,train
C006715,train
C010487,train
C007944,train
C010654,holdout
C012239,holdout
C004212,train
C013942,train
C001657,train
C003122,train
C008612,train
C004683,train
C005724,train
C013766,train
C012707,train
C001278,train
C008348,train
C005306,train
C008136,holdout
C007584,train
C013249,train
C006681,train
C004555,train
C013510,train
C005826,train
C003148,train
C004872,train
C006741,train
C007587,holdout
C008408,holdout
C012690,train
C013712,holdout
C013050,train
C005368,holdout
C005270,train
C000368,train
C012202,train
C005319,train
C012923,train
C010305,train
C005593,holdout
C011338,holdout
C002012,holdout
C005653,train
C004282,train
C006469,holdout
C005677,holdout
C011813,train
C007363,train
C005560,train
C011271,train
C013535,train
C000883,holdout
C009295,holdout
C011315,train
C007926,train
C006008,train
C013474,train
C003333,holdout
C004159,train
C009197,train
C003979,train
C002276,train
C007392,holdout
C007947,holdout
C007438,holdout
C010201,holdout
C003504,train
C003675,holdout
C005413,train
C001102,train
C013504,train
C002628,holdout
C012878,train
C010489,holdout
C011240,train
C009510,holdout
C006168,train
C006978,train
C000651,train
C009072,train
C001036,train
C008175,train
C008793,train
C001433,holdout
C000661,holdout
C003235,train
C004904,train
C003061,holdout
C013605,train
C007068,train
C006972,train
C009429,train
C009578,holdout
C010146,train
C012738,train
C003184,train
C010493,train
C005262,train
C009292,train
C002038,holdout
C012126,train
C006930,train
C013903,holdout
C011559,holdout
C002598,train
C008403,train
C003690,holdout
C002560,train
C011425,train
C000759,holdout
C009086,train
C003068,train
C013833,train
C002349,train
C013212,train
C001893,train
C004958,holdout
C008962,train
C008923,train
C009929,holdout
C004405,train
C005132,train
C010037,holdout
C002478,train
C010416,train
C011252,holdout
C001852,holdout
C003774,train
C009485,train
C008418,train
C001093,train
C012438,train
C008446,holdout
C003789,train
C006041,train
C001344,train
C002250,holdout
C005676,train
C010856,holdout
C007043,holdout
C008940,holdout
C011029,train
C012800,train
C008887,train
C012020,train
C004331,train
C012098,train
C010652,train
C000685,holdout
C008843,holdout
C006842,holdout
C001315,train
C010763,train
C004665,train
C004204,holdout
C002608,holdout
C001326,train
C002110,train
C011996,train
C012092,holdout
C010696,train
C013187,train
C012243,holdout
C002887,train
C008246,train
C005183,train
C002498,holdout
C010630,train
C002596,train
C013109,train
C000969,holdout
C003627,train
C013009,train
C009356,holdout
C010445,train
C004303,train
C008902,holdout
C011386,train
C012494,holdout
C012449,train
C013182,train
C001774,train
C002911,holdout
C007536,train
C004795,holdout
C008116,holdout
C011157,train
C006696,train
C003812,holdout
C000644,train
C005841,holdout
C000539,holdout
C012121,train
C007806,train
C005996,holdout
C012766,holdout
C008030,train
C008481,train
C009737,train
C002979,train
C013222,train
C007305,train
C008749,train
C010004,train
C004934,train
C003867,holdout
C009112,holdout
C013801,train
C005217,train
C010465,train
C000361,train
C005085,holdout
C000206,train
C013745,holdout
C004127,train
C009984,train
C005402,holdout
C011392,holdout
C004984,holdout
C003002,train
C000619,train
C000570,train
C004029,train
C001481,holdout
C000774,train
C005627,train
C001260,holdout
C005657,train
C000205,train
C005922,train
C007129,holdout
C008301,train
C009442,train
C011732,train
C000264,train
C013226,holdout
C004737,train
C011484,holdout
C009932,train
C001387,train
C005543,train
C010552,holdout
C008919,train
C007376,holdout
C003403,train
C005512,train
C003651,train
C001627,train
C006811,train
C001529,train
C003446,holdout
C003540,train
C012097,train
C002488,train
C002083,holdout
C012086,train
C004003,train
C010334,train
C003841,train
C012342,train
C002802,train
C012592,train
C003455,holdout
C004203,holdout
C013118,train
C006812,train
C006866,train
C002092,train
C010357,train
C001860,holdout
C012761,train
C011269,holdout
C003825,train
C006216,holdout
C004749,holdout
C011594,holdout
C001534,train
C010403,train
C002663,holdout
C010019,train
C000349,train
C003971,train
C011460,train
C008664,holdout
C004319,train
C002775,train
C008461,train
C003059,holdout
C001837,train
C007873,train
C004241,holdout
C008693,holdout
C005339,train
C010233,holdout
C001959,train
C010080,train
C009481,holdout
C004753,holdout
C007066,train
C004367,holdout
C004166,train
C007903,holdout
C000050,train
C005798,holdout
C012785,train
C010694,holdout
C002993,train
C000697,train
C007462,holdout
C002390,train
C012149,train
C007126,holdout
C002795,train
C013247,train
C007111,train
C006699,train
C006899,train
C013925,train
C011652,train
C000501,train
C012254,train
C000132,holdout
C008070,train
C005801,holdout
C012099,train
C012465,train
C005387,holdout
C010566,train
C002537,train
C003157,train
C008982,train
C005103,train
C010066,holdout
C005147,holdout
C001184,holdout
C003689,train
C010975,train
C005175,train
C008593,train
C008020,holdout
C008368,train
C001161,train
C011335,holdout
C001431,train
C001821,train
C002857,train
C008752,train
C013880,holdout
C000530,holdout
C003514,train
C007712,train
C010708,train
C009953,train
C001290,train
C006125,train
C008430,train
C001388,holdout
C012596,train
C012461,holdout
C003957,train
C011774,train
C005456,train
C010668,train
C012990,train
C012979,train
C004850,train
C012622,train
C009965,holdout
C013708,train
C005406,holdout
C006156,train
C003110,train
C006199,holdout
C001331,holdout
C004396,train
C004859,holdout
C011429,train
C013093,train
C010145,train
C006400,train
C006351,holdout
C013865,train
C012463,train
C009006,train
C001244,train
C005810,holdout
C011846,train
C000714,train
C013025,train
C008573,train
C001127,holdout
C003439,train
C006387,train
C006949,train
C009756,train
C007321,holdout
C009803,train
C000961,train
C003492,train
C003214,train
C006663,train
C002473,train
C001225,train
C007187,train
C004672,train
C007825,train
C010028,holdout
C003951,train
C011043,holdout
C004178,holdout
C003150,train
C003831,holdout
C005711,holdout
C008634,holdout
C004067,train
C011870,holdout
C007428,train
C012424,holdout
C008661,holdout
C001340,holdout
C009298,train
C002603,train
C002969,train
C011411,train
C009328,train
C003787,train
C008134,train
C004292,holdout
C005541,train
C002503,train
C004598,train
C008782,train
C008519,holdout
C009387,train
C011445,train
C003633,holdout
C012637,train
C006787,train
C005080,train
C004497,train
C012717,holdout
C012039,holdout
C006348,holdout
C011629,train
C012201,train
C010679,train
C006864,holdout
C010571,train
C012850,holdout
C000931,holdout
C008787,train
C002821,holdout
C009732,train
C004271,train
C002202,train
C013556,train
C002101,train
C008753,train
C000147,holdout
C008160,train
C005223,train
C000780,train
C010516,holdout
C012517,holdout
C001379,train
C012446,train
C008019,train
C007352,train
C013317,holdout
C004951,train
C007094,train
C003700,train
C010899,holdout
C007762,holdout
C010535,holdout
C003614,holdout
C013084,train
C011614,train
C009395,train
C003753,train
C004172,train
C008455,holdout
C003362,train
C009024,train
C004824,train
C008429,holdout
C008539,train
C007145,holdout
C006542,train
C003988,train
C008480,train
C007178,train
C001850,train
C004699,train
C004322,train
C001281,train
C013484,train
C013157,train
C002314,train
C002901,train
C012256,train
C012570,train
C009425,train
C010326,train
C005280,train
C004058,train
C011396,train
C009373,train
C002779,train
C007078,train
C004410,train
C006747,holdout
C013345,holdout
C002396,train
C002080,train
C010173,train
C003087,train
C009844,train
C004703,holdout
C007414,train
C007191,holdout
C012634,train
C000230,train
C008128,train
C002895,train
C009440,holdout
C011748,train
C001026,holdout
C009582,train
C013156,holdout
C002088,train
C001851,train
C008620,train
C000394,holdout
C002373,holdout
C005031,train
C000146,train
C004847,holdout
C007189,holdout
C010734,train
C009436,train
C002788,train
C008740,holdout
C011325,holdout
C000930,holdout
C005379,train
C000592,train
C001074,train
C002089,holdout
C009597,train
C008357,holdout
C008765,train
C009467,train
C012689,holdout
C006440,train
C003434,train
C012954,train
C010078,train
C010500,train
C008916,train
C002061,train
C000112,train
C005278,train
C004815,train
C000384,train
C002254,holdout
C013965,holdout
C003833,holdout
C000865,train
C000824,holdout
C006689,holdout
C003640,holdout
C013931,train
C000111,train
C008901,holdout
C002706,holdout
C005460,train
C000904,train
C003219,holdout
C001974,train
C007009,train
C005075,holdout
C004337,holdout
C003792,train
C006389,train
C005249,holdout
C010373,holdout
C009165,train
C010157,train
C003655,train
C007104,holdout
C013362,train
C012499,train
C011300,train
C004688,holdout
C001373,train
C004105,train
C006898,train
C005949,holdout
C013892,holdout
C006197,train
C000460,train
C005690,train
C013923,train
C007527,train
C005554,train
C004063,holdout
C003760,train
C002198,train
C013824,train
C007632,train
C011034,train
C009882,holdout
C006721,train
C000317,holdout
C007833,train
C010994,holdout
C013488,train
C002585,train
C006115,train
C000326,holdout
C004289,train
C003874,holdout
C001986,train
C006707,train
C011575,train
C003261,holdout
C011390,train
C006740,holdout
C009107,train
C013380,holdout
C008638,train
C013868,holdout
C005206,train
C003720,train
C001780,train
C002010,holdout
C005498,holdout
C011570,train
C007616,holdout
C009851,train
C007927,train
C000413,train
C008389,holdout
C003416,holdout
C007180,holdout
C006783,train
C003987,holdout
C000748,holdout
C006636,holdout
C001613,holdout
C003106,train
C012104,holdout
C010343,holdout
C009648,train
C013349,holdout
C006230,train
C006610,holdout
C010681,holdout
C004053,train
C005935,train
C002567,train
C001329,holdout
C011113,train
C009509,train
C001750,train
C011859,holdout
C010927,train
C013976,train
C006026,holdout
C013257,train
C003904,train
C000223,train
C001629,train
C009956,train
C012771,train
C012762,train
C006322,train
C012891,train
C013132,train
C002169,train
C008294,train
C007515,train
C001136,train
C007259,holdout
C009705,train
C013666,train
C010613,holdout
C005191,holdout
C001918,train
C011697,train
C001944,train
C007638,train
C005680,train
C001810,train
C006523,train
C013361,train
C000387,train
C008026,train
C009812,train
C009947,train
C000299,train
C000151,train
C011593,holdout
C001989,train
C002863,train
C007084,train
C002643,train
C010595,train
C011237,train
C006226,holdout
C000925,train
C000527,holdout
C009920,train
C000465,train
C006526,holdout
C001191,holdout
C011567,train
C005157,train
C002584,train
C002387,train
C012764,train
C001594,train
C009706,holdout
C010208,train
C004094,train
C012543,holdout
C013196,train
C005643,holdout
C009902,train
C011090,train
C011987,train
C010306,train
C006508,holdout
C004587,holdout
C005472,train
C000954,train
C009745,holdout
C000500,train
C003862,train
C013822,train
C000470,holdout
C000175,train
C009604,holdout
C003688,train
C001524,holdout
C007593,train
C005343,holdout
C003616,train
C007065,train
C002722,holdout
C012010,train
C003139,train
C007744,train
C003069,train
C002406,train
C006037,train
C012509,train
C001445,train
C007999,train
C009870,train
C003192,train
C009475,train
C000584,train
C005934,train
C002495,holdout
C006946,train
C010894,holdout
C013188,train
C002225,train
C003123,holdout
C009076,train
C009484,holdout
C000801,holdout
C012867,train
C011088,holdout
C002142,train
C006318,train
C009232,train
C006309,train
C011267,train
C006410,train
C008972,train
C000890,train
C004842,train
C010537,train
C005324,train
C005202,train
C007391,holdout
C008406,train
C007311,train
C001934,holdout
C006011,train
C006413,train
C005198,train
C009308,holdout
C004132,train
C002235,train
C001495,train
C011075,train
C012178,train
C013190,train
C010318,train
C000062,train
C001263,train
C003165,train
C000487,train
C010003,holdout
C005055,train
C002042,train
C010704,holdout
C008008,holdout
C009645,train
C002564,train
C007194,train
C001901,train
C012085,train
C005838,holdout
C004741,train
C004340,train
C002931,train
C009491,holdout
C010991,train
C009040,train
C003284,train
C008882,train
C004220,train
C012518,train
C003549,train
C003294,holdout
C004841,holdout
C000007,train
C007199,train
C011687,train
C011631,train
C011880,train
C010978,train
C013065,train
C004562,holdout
C005119,holdout
C013267,train
C013852,holdout
C011931,train
C002131,train
C004007,train
C003336,train
C013238,train
C002538,holdout
C002277,train
C006068,train
C009840,train
C011780,train
C006998,holdout
C010736,train
C004738,train
C002469,train
C002555,holdout
C007770,holdout
C001076,train
C003959,holdout
C012522,train
C001221,train
C012802,holdout
C004117,train
C006673,train
C006390,holdout
C002324,train
C002191,train
C012857,train
C004085,train
C002975,holdout
C009089,train
C010385,train
C007681,train
C007863,train
C010106,train
C000951,holdout
C009736,train
C012007,holdout
C002494,train
C006237,holdout
C009768,train
C006457,train
C012792,train
C005833,holdout
C001930,train
C005401,holdout
C007765,train
C011863,train
C007623,holdout
C000247,train
C011918,train
C010754,train
C009997,train
C001729,train
C010209,train
C013674,holdout
C013828,train
C007227,train
C004215,holdout
C008173,train
C003991,train
C011440,train
C008414,holdout
C000967,train
C000566,holdout
C012911,holdout
C002413,train
C007211,train
C001075,train
C010631,train
C011864,train
C006993,holdout
C009857,train
C004671,train
C006437,train
C011959,train
C001897,holdout
C011464,train
C010783,train
C008496,holdout
C005152,train
C011191,train
C013288,holdout
C012858,holdout
C009785,train
C005163,train
C008526,holdout
C006353,train
C007521,train
C009068,holdout
C013774,holdout
C012273,train
C007123,train
C002743,holdout
C003631,holdout
C007286,train
C002636,train
C006674,train
C005174,train
C006272,train
C003398,train
C004409,train
C007006,train
C004061,holdout
C002168,train
C009605,train
C005027,train
C012810,train
C012378,train
C002139,holdout
C009332,train
C009500,train
C001539,train
C002134,train
C005296,train
C009483,train
C009117,train
C003555,train
C001668,train
C000104,train
C013358,train
C005019,holdout
C005942,holdout
C002282,train
C002100,holdout
C009865,train
C013629,train
C005630,train
C013943,train
C009067,train
C001932,train
C008555,holdout
C005021,train
C000596,train
C007436,train
C001873,train
C003658,train
C005095,holdout
C011656,holdout
C013428,holdout
C002862,holdout
C013890,train
C004237,train
C000474,train
C002784,train
C007204,train
C003553,train
C008236,train
C006129,train
C013623,train
C004193,train
C005051,train
C009341,train
C009317,train
C006027,train
C004291,train
C012365,train
C002670,holdout
C006870,train
C004366,train
C002903,train
C007794,train
C010189,train
C013493,train
C008253,train
C001611,train
C012903,train
C013603,train
C005914,holdout
C007881,holdout
C007276,train
C013128,train
C000296,train
C005396,holdout
C013348,train
C013438,train
C001805,holdout
C008847,train
C009537,holdout
C004523,train
C000045,train
C005208,train
C003786,train
C006212,train
C006745,train
C002719,holdout
C010866,holdout
C010892,holdout
C002153,holdout
C004198,holdout
C006477,train
C007610,holdout
C001543,train
C011952,holdout
C010104,holdout
C000343,train
C003435,train
C012508,train
C006613,train
C005892,holdout
C005789,train
C007552,holdout
C005004,train
C008538,holdout
C006640,train
C013633,train
C013544,train
C007368,train
C000817,holdout
C013119,train
C007464,holdout
C008860,holdout
C011234,holdout
C009025,holdout
C009344,train
C007913,holdout
C009985,holdout
C003367,train
C002195,holdout
C004765,holdout
C009711,holdout
C004875,train
C009190,train
C012659,train
C001562,train
C012069,holdout
C010179,holdout
C000662,train
C013260,train
C013098,train
C001003,train
C010527,train
C007110,holdout
C006438,holdout
C008497,train
C008653,train
C011969,train
C012801,holdout
C006349,train
C013497,holdout
C006452,train
C001043,train
C001086,train
C011500,holdout
C000260,train
C013215,holdout
C003680,train
C004622,train
C012488,train
C006768,train
C004635,train
C011568,holdout
C000551,train
C010939,holdout
C010879,train
C013377,train
C009230,train
C002573,holdout
C009365,train
C013653,train
C009176,holdout
C001678,train
C001374,train
C000325,holdout
C012526,holdout
C003120,train
C008935,train
C000121,train
C003404,train
C007492,train
C007983,holdout
C001945,train
C010881,train
C002881,train
C002713,train
C012387,train
C003409,train
C005745,train
C011662,train
C007381,train
C008014,holdout
C011496,train
C006896,train
C006111,holdout
C003768,holdout
C001507,holdout
C007140,train
C011945,train
C003350,train
C013906,train
C012173,train
C005182,holdout
C005682,holdout
C005451,holdout
C006744,holdout
C009023,holdout
C005067,train
C012100,train
C013846,holdout
C004554,train
C003583,train
C004188,train
C000353,holdout
C011957,holdout
C000462,train
C002694,holdout
C009181,train
C008114,train
C002531,train
C004235,train
C010249,train
C002415,train
C007688,train
C012887,train
C013374,train
C012670,train
C002558,holdout
C001856,holdout
C011319,train
C002210,train
C013331,holdout
C005076,train
C002066,holdout
C001351,train
C005382,holdout
C004675,holdout
C009361,train
C004922,train
C002593,train
C000682,holdout
C010190,train
C010011,holdout
C011907,train
C011439,holdout
C008975,train
C006642,train
C006201,holdout
C008968,train
C013678,train
C010625,train
C009607,train
C013710,train
C003547,train
C013467,train
C002662,train
C008667,train
C013564,train
C009277,train
C006849,train
C005473,train
C011377,train
C002190,train
C005649,train
C002905,holdout
C013166,holdout
C010458,train
C000379,holdout
C010660,train
C001698,train
C004414,train
C007184,holdout
C007134,train
C001898,train
C001661,train
C002579,holdout
C011832,holdout
C012266,train
C001684,train
C009487,holdout
C001262,train
C001220,train
C007112,train
C009977,train
C002949,train
C002758,holdout
C007936,train
C001880,train
C007727,train
C005667,train
C006024,train
C007025,holdout
C005362,train
C002021,train
C003115,holdout
C011779,holdout
C011205,train
C010649,train
C008053,train
C002466,holdout
C012655,train
C010414,train
C011161,train
C010317,holdout
C011468,train
C011262,holdout
C004697,holdout
C012987,train
C000729,holdout
C006240,train
C005899,train
C004553,train
C011103,train
C000911,train
C004833,train
C002704,train
C012758,holdout
C010276,train
C004789,train
C007372,train
C000949,train
C005026,train
C005814,train
C000807,holdout
C008514,holdout
C004506,train
C009848,train
C007707,train
C000653,train
C000677,train
C013367,train
C011597,holdout
C000173,holdout
C010220,train
C000583,train
C013585,train
C003920,holdout
C003891,train
C011035,train
C002308,train
C001584,holdout
C002233,holdout
C010811,train
C011602,train
C007442,holdout
C000781,train
C007787,train
C007565,train
C007238,holdout
C005598,holdout
C007509,holdout
C005215,holdout
C005078,train
C004252,train
C007019,train
C012460,holdout
C001502,holdout
C012951,train
C013631,train
C012321,train
C011040,train
C009015,train
C008663,train
C009221,holdout
C001239,train
C002716,train
C001072,train
C012323,holdout
C005281,train
C003133,train
C009596,train
C013105,holdout
C009160,train
C010711,holdout
C001784,holdout
C001965,holdout
C013437,train
C011646,holdout
C011983,train
C008281,holdout
C010685,train
C000736,train
C002658,train
C009073,train
C006776,train
C001919,train
C004488,train
C012485,train
C005699,train
C001648,train
C013706,train
C005064,train
C006441,train
C009084,train
C000710,train
C007666,holdout
C003664,train
C006883,train
C001631,train
C010313,train
C012491,train
C004584,train
C007011,train
C007893,train
C010222,holdout
C005717,holdout
C001693,train
C013993,train
C005325,train
C004700,train
C011183,train
C011698,train
C008874,train
C004613,holdout
C011838,holdout
C012084,train
C013707,train
C011278,train
C006333,holdout
C005863,train
C002850,train
C006138,train
C013691,holdout
C012564,train
C000345,holdout
C000400,holdout
C000953,train
C004528,train
C005713,train
C006688,holdout
C001489,train
C002915,holdout
C009455,holdout
C004074,train
C002651,holdout
C003118,train
C001626,train
C003335,holdout
C003986,holdout
C013265,train
C001105,train
C005536,holdout
C004356,train
C007264,holdout
C010247,train
C003140,holdout
C006177,train
C003853,train
C007997,train
C001042,train
C004325,holdout
C011981,holdout
C003765,train
C003080,train
C000731,holdout
C011258,holdout
C008416,train
C001254,holdout
C001836,train
C010871,holdout
C003489,train
C009995,train
C000782,train
C009906,holdout
C004660,train
C002701,holdout
C012339,train
C007845,holdout
C009789,train
C011116,holdout
C010779,train
C013539,train
C006754,train
C004240,train
C003823,train
C010252,train
C013275,train
C011274,train
C009859,train
C009822,holdout
C002754,train
C013342,train
C012435,train
C002417,train
C001530,train
C009421,train
C009359,train
C008278,train
C009989,train
C005287,holdout
C009609,train
C006331,train
C005186,train
C003440,holdout
C007465,holdout
C011346,train
C007108,train
C009712,train
C000935,train
C012586,train
C007761,train
C003128,holdout
C006016,holdout
C008958,train
C001065,train
C007653,train
C006232,train
C013234,holdout
C005422,holdout
C013951,train
C004103,train
C010117,train
C011260,holdout
C007348,train
C002986,train
C010074,holdout
C001038,train
C005491,train
C004335,holdout
C011296,train
C013825,train
C010561,holdout
C002690,train
C008544,holdout
C006941,train
C010094,train
C007973,train
C008303,train
C011070,train
C002885,train
C006726,train
C009619,train
C011467,holdout
C008383,train
C001861,train
C011290,train
C009910,train
C012583,train
C002525,train
C013542,train
C002715,train
C006725,train
C002432,holdout
C013204,train
C004681,holdout
C005562,train
C009954,train
C007843,train
C007137,holdout
C000178,holdout
C012295,train
C007972,train
C009031,holdout
C000409,train
C011554,holdout
C000494,train
C004451,train
C010303,train
C007663,train
C000783,train
C003478,train
C013122,train
C004190,holdout
C002634,train
C011061,train
C000136,holdout
C002959,holdout
C011135,train
C007780,holdout
C010847,train
C013891,holdout
C007904,train
C006252,train
C010616,train
C000056,holdout
C007756,train
C001400,holdout
C001637,train
C010457,train
C010901,holdout
C013243,train
C001125,train
C003109,holdout
C005139,train
C004353,train
C002391,train
C009199,holdout
C003239,holdout
C000493,train
C000993,train
C012081,train
C012260,train
C002892,train
C003863,train
C012215,train
C007328,train
C001503,train
C009942,holdout
C002493,holdout
C002958,holdout
C012735,holdout
C004184,train
C010858,holdout
C002309,train
C011643,train
C008079,train
C012642,train
C003637,holdout
C007851,holdout
C009313,train
C009093,train
C008094,train
C006678,train
C011078,holdout
C004691,holdout
C002239,train
C001653,train
C001350,train
C011379,train
C002330,train
C001876,train
C013855,train
C013907,train
C000461,train
C009846,train
C003035,train
C006347,train
C008947,holdout
C011415,train
C008493,holdout
C004529,train
C001501,train
C013325,train
C011306,train
C013403,holdout
C007699,train
C010050,holdout
C008239,train
C007678,train
C001866,train
C001824,holdout
C011910,holdout
C001179,train
C013089,holdout
C000673,train
C004631,holdout
C009319,train
C005592,train
C006587,holdout
C006204,train
C013809,train
C005508,holdout
C012073,train
C013360,train
C012910,train
C006981,train
C002370,train
C007840,train
C011707,holdout
C011121,train
C002950,train
C011566,holdout
C010316,train
C006609,train
C010532,train
C002894,holdout
C001250,train
C004281,train
C004069,holdout
C007095,train
C004987,train
C010286,train
C008037,train
C012828,holdout
C010381,train
C003078,train
C012482,train
C011752,train
C002569,train
C012885,train
C005684,holdout
C010008,train
C010584,train
C013498,train
C002185,train
C007750,train
C010519,holdout
C001537,train
C004561,train
C013471,train
C010733,train
C000130,train
C009776,train
C004756,holdout
C000634,train
C012666,holdout
C010553,train
C006824,train
C013883,train
C001593,holdout
C012088,holdout
C002219,holdout
C008080,train
C012797,train
C009649,holdout
C011903,train
C010806,holdout
C004429,train
C007637,holdout
C013621,train
C006161,train
C013393,train
C005345,train
C003149,train
C009793,train
C001790,train
C005524,train
C008188,train
C008981,train
C001386,holdout
C005381,train
C005979,train
C012470,train
C009678,train
C009080,train
C007859,holdout
C000348,train
C012547,train
C000077,train
C005006,train
C012566,train
C010830,train
C008734,train
C003981,train
C009560,train
C010088,holdout
C001339,train
C006581,train
C000469,holdout
C007362,holdout
C011664,holdout
C003919,train
C008540,train
C001017,holdout
C001183,train
C005728,train
C013332,holdout
C002341,holdout
C010053,train
C001112,train
C004146,train
C000625,holdout
C001205,train
C001217,holdout
C000211,train
C000660,holdout
C005040,holdout
C013990,train
C011866,holdout
C001051,train
C012981,holdout
C005943,train
C006786,holdout
C006617,train
C000166,train
C001216,holdout
C001666,train
C005546,holdout
C002155,holdout
C008495,train
C006042,holdout
C007429,holdout
C000555,holdout
C008195,train
C008327,holdout
C007752,train
C006831,train
C006332,holdout
C011153,holdout
C001236,train
C002652,train
C012383,train
C011665,holdout
C011610,train
C006952,train
C003524,train
C011145,train
C012143,train
C011693,train
C003352,holdout
C003596,holdout
C008890,holdout
C013962,train
C006118,train
C011532,train
C013169,train
C009971,train
C011669,train
C010749,train
C006573,train
C001446,train
C005243,holdout
C012258,train
C008537,train
C003941,train
C013686,train
C013523,train
C004502,train
C001243,train
C000532,holdout
C003962,train
C012038,train
C013521,train
C002793,train
C007839,train
C001323,holdout
C008350,train
C003433,train
C009589,train
C010764,train
C007114,train
C009512,train
C007047,holdout
C001461,train
C006887,train
C008777,train
C013113,holdout
C007695,holdout
C001878,train
C013700,holdout
C006561,train
C009284,train
C001005,train
C001745,holdout
C011993,train
C006418,holdout
C004826,train
C007318,train
C005890,holdout
C008788,train
C007273,train
C003130,train
C005165,holdout
C013793,train
C012302,train
C008075,train
C001979,holdout
C012548,train
C005883,holdout
C005466,train
C004593,train
C006583,train
C011224,train
C005385,train
C007290,holdout
C007910,holdout
C006847,train
C001699,holdout
C013444,holdout
C003474,holdout
C000618,holdout
C007141,train
C013266,train
C002106,train
C012953,holdout
C008234,holdout
C013571,train
C011019,train
C000171,holdout
C011261,train
C002859,train
C006098,train
C001712,holdout
C007029,holdout
C003965,holdout
C000533,train
C013023,holdout
C008045,train
C006323,holdout
C009155,train
C005847,train
C007627,train
C009303,holdout
C009783,train
C005520,train
C012325,train
C005261,train
C001721,train
C000499,train
C003429,holdout
C005674,train
C013558,holdout
C011276,train
C001669,train
C003748,holdout
C011792,train
C004421,train
C012388,train
C002022,holdout
C001949,train
C004994,holdout
C006281,holdout
C012736,train
C007048,train
C002626,train
C012506,train
C013673,train
C008186,train
C013804,train
C003202,train
C004352,holdout
C008682,train
C010507,train
C009316,train
C000366,train
C004486,train
C004391,holdout
C008546,holdout
C001755,holdout
C004369,train
C010212,holdout
C003502,train
C005993,train
C005603,holdout
C001188,holdout
C005804,holdout
C001190,train
C001957,holdout
C007408,train
C010324,train
C003178,train
C005532,holdout
C003733,train
C006346,train
C004655,train
C011259,train
C012780,holdout
C006249,train
C002360,holdout
C007567,train
C006206,train
C013651,train
C008766,train
C007218,holdout
C009627,train
C000103,train
C009927,train
C012169,train
C011399,holdout
C013460,train
C004247,train
C007737,train
C012219,train
C010026,train
C011457,holdout
C000363,holdout
C006925,train
C001285,train
C013401,train
C007251,train
C005311,train
C001547,train
C006502,train
C009555,holdout
C001476,train
C000908,holdout
C002753,holdout
C006706,holdout
C005923,train
C002138,holdout
C002935,train
C007561,train
C009853,train
C009924,holdout
C001475,train
C000777,holdout
C004782,holdout
C010886,train
C001413,train
C009401,train
C003072,train
C012763,holdout
C011922,train
C004970,holdout
C004458,holdout
C010861,holdout
C004685,train
C013107,train
C006846,train
C007260,train
C009494,train
C001458,train
C004710,train
C006962,train
C012226,train
C013878,train
C003299,train
C000667,holdout
C000806,train
C000963,train
C003088,train
C005666,train
C004177,holdout
C001933,train
C012127,train
C009928,train
C004565,holdout
C010195,train
C005837,train
C003268,train
C010329,holdout
C011369,train
C010743,holdout
C011303,train
C010700,train
C008755,holdout
C002006,train
C001312,train
C008174,train
C000432,train
C000726,train
C009952,train
C003193,holdout
C002864,holdout
C004570,train
C005125,holdout
C005465,train
C007819,holdout
C012369,holdout
C003566,train
C011659,train
C012291,train
C008190,train
C000938,train
C013299,train
C005655,train
C013076,holdout
C002481,train
C013937,train
C004347,holdout
C003127,holdout
C013160,train
C007040,train
C007333,holdout
C013181,train
C007142,train
C009967,train
C003626,train
C012862,holdout
C006900,train
C008691,train
C008511,train
C007526,holdout
C013442,train
C006313,holdout
C003855,holdout
C006718,train
C010603,train
C006194,holdout
C003667,train
C008359,holdout
C005265,holdout
C012045,train
C011914,train
C008322,train
C006630,train
C001726,train
C001689,train
C013125,train
C011835,train
C004923,train
C001361,train
C010421,train
C012638,train
C011712,train
C008610,holdout
C006491,train
C008157,train
C000624,train
C007272,train
C008712,train
C008607,train
C003985,train
C012612,holdout
C006540,train
C000727,holdout
C004751,train
C013078,train
C004413,train
C013193,train
C005910,train
C013046,train
C005276,train
C003691,train
C009911,holdout
C001865,train
C001706,train
C010788,holdout
C007652,holdout
C003262,train
C008818,holdout
C008722,train
C011934,train
C002032,train
C006582,train
C009262,holdout
C012148,train
C012057,train
C009005,train
C011381,train
C013319,train
C013719,train
C010876,train
C005876,train
C003860,train
C000745,holdout
C002873,train
C005656,train
C004071,holdout
C007690,train
C008588,train
C006020,holdout
C002375,holdout
C005266,holdout
C009249,train
C009930,train
C002065,train
C000133,train
C007597,holdout
C012425,holdout
C013636,holdout
C004687,train
C004785,train
C010510,train
C004924,train
C004610,holdout
C010119,train
C001159,train
C000482,holdout
C009135,train
C012193,holdout
C008894,holdout
C004514,train
C008057,train
C008241,train
C004574,train
C003137,holdout
C001138,holdout
C002756,train
C003303,train
C012251,train
C002664,train
C004734,holdout
C003569,train
C002220,train
C005039,train
C011334,train
C011050,train
C009704,train
C001786,holdout
C012056,train
C010768,train
C006929,train
C006815,train
C011676,train
C000926,train
C000023,train
C004632,train
C012315,holdout
C011876,train
C003766,holdout
C003755,train
C011740,train
C009402,holdout
C001733,holdout
C008944,train
C008739,train
C002448,train
C008349,holdout
C000071,train
C010669,holdout
C011843,holdout
C000559,train
C000606,train
C011190,train
C004329,holdout
C009490,holdout
C001510,train
C011634,holdout
C001364,train
C013770,holdout
C003525,holdout
C003499,holdout
C003708,train
C004657,train
C011861,holdout
C012894,train
C003507,holdout
C000048,train
C012905,holdout
C013985,train
C003558,holdout
C006897,train
C010032,train
C012380,train
C005073,train
C009869,train
C010333,train
C004877,train
C003172,holdout
C003201,train
C000486,train
C002677,train
C000959,train
C009269,train
C011644,train
C002844,train
C008159,train
C004358,holdout
C002186,train
C011727,train
C007648,holdout
C013391,train
C006019,train
C005399,train
C007748,holdout
C011962,train
C001904,train
C009090,train
C002058,train
C000594,train
C004286,train
C004524,train
C004626,train
C001575,holdout
C010024,train
C013870,train
C013002,train
C000408,holdout
C005414,holdout
C009922,train
C008917,train
C009179,train
C003750,train
C013984,holdout
C013902,train
C007858,holdout
C010172,holdout
C000244,holdout
C007046,holdout
C003315,holdout
C010514,train
C009532,train
C002188,train
C007221,train
C006001,train
C001620,holdout
C003759,train
C008760,holdout
C012457,train
C009409,holdout
C003266,holdout
C006251,train
C000675,train
C005486,holdout
C006235,holdout
C010759,train
C002748,holdout
C004654,train
C009419,train
C009451,holdout
C012061,holdout
C003341,train
C000553,train
C009474,train
C007364,train
C002718,train
C004666,train
C008704,train
C009550,train
C008583,train
C006144,train
C009690,train
C002031,train
C013967,train
C007255,train
C012840,train
C001034,holdout
C009229,train
C000123,holdout
C013434,train
C009293,holdout
C013805,train
C013749,train
C010393,holdout
C005770,train
C002951,holdout
C010925,train
C000857,train
C004315,holdout
C010645,train
C009178,train
C009741,train
C000316,holdout
C005830,train
C013626,train
C000891,train
C004028,train
C013896,train
C013020,holdout
C003576,holdout
C002476,train
C003029,train
C006742,train
C003711,train
C007773,train
C002939,train
C009376,train
C010379,train
C000873,holdout
C013386,train
C013529,holdout
C004719,holdout
C008814,train
C008592,holdout
C007813,holdout
C011941,train
C001522,train
C008201,holdout
C005971,train
C006056,holdout
C002712,train
C002992,train
C008025,train
C007049,train
C001532,holdout
C007850,train
C007514,holdout
C002691,train
C006010,holdout
C004915,holdout
C008856,train
C008815,train
C005582,train
C008888,train
C005435,train
C013347,train
C013104,holdout
C010770,train
C007353,holdout
C012841,train
C007435,train
C001304,holdout
C005134,train
C003712,train
C007768,train
C010947,train
C002587,train
C012965,train
C001256,train
C010480,holdout
C009215,train
C000916,train
C007642,holdout
C011923,holdout
C007777,train
C003041,holdout
C009358,train
C003806,holdout
C011125,train
C002624,train
C008997,train
C004780,holdout
C000100,holdout
C005781,holdout
C002995,train
C003677,train
C013929,train
C001623,train
C009339,train
C010397,train
C009731,train
C013915,train
C008649,train
C010608,train
C003945,holdout
C004046,train
C003312,holdout
C007661,train
C003364,train
C010323,train
C008983,train
C011021,train
C007295,train
C007149,train
C000020,train
C006147,train
C007035,train
C003001,train
C011491,train
C005748,train
C009306,train
C000975,train
C000516,train
C011805,train
C010110,train
C001579,train
C008952,train
C008720,holdout
C009156,holdout
C011127,train
C007723,train
C010762,train
C001803,train
C003754,holdout
C001381,train
C007824,train
C002928,train
C011281,train
C005495,holdout
C013812,holdout
C010401,train
C008518,holdout
C004430,train
C010304,holdout
C005880,train
C009842,train
C008692,train
C005920,train
C002318,train
C005462,train
C002725,train
C006471,train
C009787,train
C003452,train
C003922,train
C012852,train
C000756,train
C006209,train
C005149,train
C007516,holdout
C011896,holdout
C001956,train
C003241,train
C001451,train
C012167,holdout
C002938,train
C013661,train
C003998,train
C005957,holdout
C007203,holdout
C013562,train
C010659,train
C002393,holdout
C012224,holdout
C005225,holdout
C010360,train
C007350,holdout
C003937,train
C006996,train
C009958,train
C000907,train
C008249,holdout
C008151,train
C011837,holdout
C008584,train
C001450,holdout
C001265,train
C003318,train
C002313,train
C010251,holdout
C002681,train
C004572,train
C000138,train
C005894,holdout
C012549,train
C002366,train
C012895,holdout
C002221,train
C003692,train
C012107,train
C006889,holdout
C009094,holdout
C008706,holdout
C003586,train
C010213,train
C002816,holdout
C010231,train
C006629,holdout
C006960,train
C003374,train
C010483,train
C000881,holdout
C006834,train
C008959,train
C004764,holdout
C011628,holdout
C010716,train
C005138,holdout
C003574,train
C000420,train
C011471,train
C010910,train
C013898,holdout
C006862,holdout
C012874,train
C001940,holdout
C009505,train
C008109,train
C004606,holdout
C002692,train
C008611,train
C013971,train
C007440,train
C010812,train
C012200,train
C008485,holdout
C011374,holdout
C001483,holdout
C004768,train
C010979,train
C001226,holdout
C012478,train
C003395,train
C002301,train
C011060,holdout
C010395,holdout
C001468,train
C012581,train
C003601,holdout
C009383,train
C004170,train
C007082,train
C002680,train
C008192,train
C007120,holdout
C004676,train
C007530,train
C009557,train
C003415,train
C009982,train
C010836,train
C004522,train
C001525,train
C010644,holdout
C001397,train
C012138,holdout
C006288,train
C000431,train
C006938,train
C003612,holdout
C007885,train
C007613,train
C004586,train
C000406,train
C007519,train
C002861,holdout
C004273,holdout
C005978,holdout
C003004,train
C003369,holdout
C001597,train
C004151,train
C001362,train
C001019,train
C007327,holdout
C002329,train
C010101,train
C005015,train
C004351,holdout
C006701,train
C000670,train
C007052,train
C008259,train
C003345,holdout
C013619,train
C006807,holdout
C009026,train
C010878,holdout
C002355,holdout
C010717,train
C010136,train
C011765,train
C003338,train
C008018,train
C000172,holdout
C012150,train
C005816,holdout
C004530,train
C010464,holdout
C006185,train
C008237,holdout
C002945,train
C000815,holdout
C007980,train
C009453,holdout
C000046,train
C004047,train
C009171,holdout
C003065,holdout
C002054,train
C003329,holdout
C009872,holdout
C000108,train
C012712,train
C003391,train
C004244,train
C003642,train
C007614,train
C012428,train
C004248,train
C006507,train
C013701,train
C003073,train
C010868,train
C011270,holdout
C007621,train
C004158,train
C005903,train
C013116,holdout
C005242,train
C002082,train
C010971,train
C002972,holdout
C009095,train
C001002,holdout
C009364,train
C013005,train
C000964,train
C004867,holdout
C008078,train
C003101,train
C003453,train
C008671,train
C001103,train
C009226,train
C003926,train
C010544,train
C013155,train
C003761,train
C009468,train
C005991,holdout
C008113,train
C006350,holdout
C005213,train
C002497,holdout
C008965,holdout
C000982,train
C002999,train
C005344,train
C011155,train
C007975,train
C005376,train
C006916,train
C009103,holdout
C005371,holdout
C001842,train
C003886,holdout
C000809,holdout
C006514,holdout
C005835,train
C000994,train
C004399,train
C010408,train
C007234,train
C009173,train
C003854,holdout
C002912,holdout
C001014,train
C010531,train
C012161,holdout
C010065,train
C013217,train
C000188,train
C001716,holdout
C008343,train
C008851,holdout
C002904,train
C001572,train
C010471,train
C012577,holdout
C008911,train
C002164,train
C003770,train
C005706,holdout
C005843,holdout
C010382,train
C002303,train
C013741,holdout
C013301,train
C002211,train
C002839,train
C013082,holdout
C010356,train
C011100,holdout
C005308,holdout
C009561,train
C008022,train
C005955,train
C013071,train
C006919,train
C011004,train
C010162,holdout
C013668,holdout
C002874,train
C000216,train
C007138,train
C005483,train
C008085,train
C000832,holdout
C006472,train
C005742,train
C003151,train
C006003,train
C006850,train
C007796,train
C005326,train
C004816,train
C008626,train
C000827,holdout
C013171,train
C011641,train
C004721,train
C010594,train
C003252,train
C008823,train
C012080,train
C010969,train
C002757,train
C006752,train
C003306,train
C007306,train
C011736,train
C007365,holdout
C009118,train
C002812,train
C008463,holdout
C002174,train
C010515,train
C004052,train
C005525,holdout
C005708,train
C004930,train
C006082,holdout
C007280,holdout
C002205,train
C002517,train
C009811,holdout
C006936,holdout
C009420,holdout
C002344,train
C012376,train
C008131,train
C001527,holdout
C009611,holdout
C009133,holdout
C013560,holdout
C011898,holdout
C013121,train
C002529,train
C000127,train
C001327,train
C010342,holdout
C011119,train
C005718,holdout
C006694,train
C000026,train
C006698,train
C010294,train
C007538,train
C009377,holdout
C008300,holdout
C001048,holdout
C011081,train
C007985,holdout
C013206,train
C005248,train
C002805,train
C013220,train
C000985,holdout
C002136,train
C001886,holdout
C010518,train
C009800,train
C013949,train
C009979,holdout
C012558,holdout
C004917,train
C012621,train
C012031,holdout
C013389,holdout
C002178,train
C005475,train
C010256,train
C007450,train
C001720,train
C009524,train
C007728,train
C009684,holdout
C008223,train
C010795,holdout
C006997,holdout
C004417,train
C004874,train
C009521,train
C005544,train
C008513,train
C008705,train
C010012,train
C004278,train
C002818,train
C005614,train
C006406,train
C010257,train
C009703,train
C011711,train
C010596,train
C008970,holdout
C001106,train
C011169,holdout
C011503,train
C012888,holdout
C006794,train
C000611,train
C002224,train
C007686,train
C004185,train
C004607,holdout
C005141,train
C006295,train
C012111,holdout
C013305,train
C012180,train
C007212,train
C007216,train
C007252,train
C010642,train
C007586,holdout
C012639,holdout
C008293,holdout
C012846,train
C002024,train
C013031,train
C001390,train
C001207,holdout
C002728,holdout
C008881,holdout
C000909,train
C005356,train
C004086,train
C002509,train
C003932,holdout
C013028,holdout
C002853,train
C004812,train
C010391,train
C007848,train
C012263,train
C004822,train
C010560,train
C003587,train
C011804,train
C004480,holdout
C013295,train
C001001,train
C012023,holdout
C002769,holdout
C001434,holdout
C013274,holdout
C004000,train
C008023,holdout
C000733,holdout
C006764,holdout
C005854,train
C010046,train
C000145,train
C010014,train
C010440,train
C003656,train
C010016,holdout
C006154,train
C006497,train
C005123,train
C007749,train
C011763,train
C009673,train
C001559,train
C010977,holdout
C012459,train
C007359,train
C005003,train
C006364,holdout
C013244,train
C012512,train
C003377,train
C003623,train
C000613,holdout
C001908,train
C004960,train
C010036,train
C007563,train
C013680,train
C010198,train
C001762,train
C006876,train
C012115,holdout
C013645,train
C013549,train
C010404,train
C003166,holdout
C000952,train
C011132,train
C002182,train
C008059,train
C012538,train
C001158,holdout
C006551,train
C003530,train
C013272,train
C008285,train
C009213,train
C007591,holdout
C005042,train
C007443,holdout
C006134,holdout
C002206,train
C008207,train
C013525,holdout
C001883,train
C010760,train
C009152,train
C007182,train
C009472,holdout
C005069,holdout
C005779,train
C006757,train
C012681,holdout
C008162,train
C010699,train
C001452,holdout
C004547,holdout
C001477,train
C011130,holdout
C002350,train
C009488,train
C005952,train
C004392,train
C011465,train
C006827,train
C004600,train
C003790,train
C010588,train
C002627,holdout
C001359,holdout
C007528,train
C006685,train
C012274,train
C007651,holdout
C001505,train
C011407,train
C011009,train
C010970,train
C007398,train
C011016,train
C013893,train
C008277,train
C008267,holdout
C006868,holdout
C006047,train
C004623,train
C002532,train
C002729,train
C013061,holdout
C005668,train
C003325,holdout
C002120,train
C002591,train
C010260,train
C003716,train
C001318,holdout
C001444,train
C002485,train
C004792,train
C010330,train
C001521,train
C013975,holdout
C000341,train
C001887,train
C011948,train
C001052,holdout
C003129,train
C010769,train
C013850,holdout
C010321,holdout
C001818,train
C006080,holdout
C010972,train
C006456,train
C006052,train
C003816,train
C011286,train
C002336,holdout
C012692,train
C013725,train
C000538,train
C013705,holdout
C001701,train
C006033,train
C000678,train
C007923,train
C005893,holdout
C006975,holdout
C000140,train
C009892,train
C006498,train
C002869,holdout
C004298,train
C013787,train
C005035,holdout
C007631,holdout
C011916,train
C012268,train
C007782,holdout
C011184,train
C011336,train
C003221,train
C007517,holdout
C005086,holdout
C001816,holdout
C002046,train
C007689,train
C001991,train
C007284,train
C013276,holdout
C005859,holdout
C010469,train
C010023,train
C009418,train
C011462,train
C011858,holdout
C012832,train
C009062,train
C013263,train
C003479,train
C013433,holdout
C008260,train
C012117,train
C006988,holdout
C002610,train
C009478,train
C000099,train
C008927,holdout
C006338,train
C000037,train
C002062,train
C002296,holdout
C012574,train
C005305,train
C007871,train
C004686,train
C001063,train
C006220,train
C002123,train
C009638,train
C000287,holdout
C005256,train
C006223,holdout
C007834,holdout
C000848,train
C002534,train
C003036,train
C011221,train
C006501,train
C000869,train
C012207,train
C000201,holdout
C007774,train
C001471,train
C004509,train
C004256,train
C010365,train
C003173,holdout
C010857,train
C008979,train
C007507,train
C010336,train
C010916,train
C006604,holdout
C004884,holdout
C011298,holdout
C009981,train
C008135,train
C005800,holdout
C003075,train
C006792,train
C000034,train
C002424,train
C002829,holdout
C002260,train
C007332,holdout
C012960,train
C010585,holdout
C003634,train
C011606,holdout
C009674,train
C013554,train
C011023,train
C008012,holdout
C004537,holdout
C004907,train
C011174,holdout
C003408,train
C005153,train
C000816,train
C007714,train
C009082,holdout
C003625,holdout
C009186,train
C003929,holdout
C001981,holdout
C007734,train
C009167,train
C004542,train
C007383,holdout
C008317,train
C001844,train
C012340,holdout
C003039,holdout
C003883,train
C000232,train
C009697,train
C009523,train
C004941,holdout
C009137,train
C000336,train
C013507,train
C000177,train
C013735,holdout
C008938,train
C007271,holdout
C001453,train
C013192,train
C011182,train
C005962,train
C006072,train
C009635,train
C008510,train
C006622,train
C009407,train
C010646,train
C009493,train
C013776,holdout
C010799,train
C006150,train
C006420,train
C001206,holdout
C012477,train
C011387,holdout
C000837,train
C009078,train
C012750,train
C001869,train
C007340,train
C007732,train
C003461,holdout
C006034,train
C004503,train
C011002,train
C007413,holdout
C011353,holdout
C006989,train
C003145,train
C003337,train
C009471,train
C007900,holdout
C008351,train
C003849,train
C003343,holdout
C001573,holdout
C013035,holdout
C009529,holdout
C008700,train
C009092,train
C000106,train
C001035,train
C007393,holdout
C010825,holdout
C006228,holdout
C011729,train
C003469,train
C008553,train
C007705,train
C013601,train
C007489,train
C006489,holdout
C006822,train
C010178,holdout
C002954,train
C009280,train
C002346,train
C004581,train
C008745,holdout
C009022,train
C012306,holdout
C005237,train
C001333,train
C002451,holdout
C008479,holdout
C004135,train
C013794,holdout
C001173,holdout
C010863,holdout
C003542,train
C003827,train
C006415,holdout
C000280,holdout
C006759,train
C007105,holdout
C006790,holdout
C001911,train
C007037,train
